timestamp,region,price_per_kwh
2024-04-01 00:05:00,QLD1,0.05966236
2024-04-01 00:10:00,QLD1,0.05975
2024-04-01 00:15:00,QLD1,0.05920843
2024-04-01 00:20:00,QLD1,0.0595965
2024-04-01 00:25:00,QLD1,0.05849123
2024-04-01 00:30:00,QLD1,0.04875
2024-04-01 00:35:00,QLD1,0.04875
2024-04-01 00:40:00,QLD1,0.05803646
2024-04-01 00:45:00,QLD1,0.04977039
2024-04-01 00:50:00,QLD1,0.04972992
2024-04-01 00:55:00,QLD1,0.0497152
2024-04-01 01:00:00,QLD1,0.056398319999999995
2024-04-01 01:05:00,QLD1,0.05813048
2024-04-01 01:10:00,QLD1,0.0581023
2024-04-01 01:15:00,QLD1,0.05843528
2024-04-01 01:20:00,QLD1,0.05955
2024-04-01 01:25:00,QLD1,0.05955
2024-04-01 01:30:00,QLD1,0.05800611
2024-04-01 01:35:00,QLD1,0.05838436
2024-04-01 01:40:00,QLD1,0.05975
2024-04-01 01:45:00,QLD1,0.05975
2024-04-01 01:50:00,QLD1,0.05832209
2024-04-01 01:55:00,QLD1,0.05792503
2024-04-01 02:00:00,QLD1,0.05827617
2024-04-01 02:05:00,QLD1,0.05955
2024-04-01 02:10:00,QLD1,0.05975
2024-04-01 02:15:00,QLD1,0.05955
2024-04-01 02:20:00,QLD1,0.058258519999999994
2024-04-01 02:25:00,QLD1,0.05955
2024-04-01 02:30:00,QLD1,0.05975
2024-04-01 02:35:00,QLD1,0.05975
2024-04-01 02:40:00,QLD1,0.05820362
2024-04-01 02:45:00,QLD1,0.05819531
2024-04-01 02:50:00,QLD1,0.05955
2024-04-01 02:55:00,QLD1,0.05975
2024-04-01 03:00:00,QLD1,0.05955
2024-04-01 03:05:00,QLD1,0.05955
2024-04-01 03:10:00,QLD1,0.058977260000000004
2024-04-01 03:15:00,QLD1,0.058553669999999995
2024-04-01 03:20:00,QLD1,0.05955
2024-04-01 03:25:00,QLD1,0.05955
2024-04-01 03:30:00,QLD1,0.05975
2024-04-01 03:35:00,QLD1,0.05975
2024-04-01 03:40:00,QLD1,0.05955
2024-04-01 03:45:00,QLD1,0.05955
2024-04-01 03:50:00,QLD1,0.05070001
2024-04-01 03:55:00,QLD1,0.05037556
2024-04-01 04:00:00,QLD1,0.049716949999999996
2024-04-01 04:05:00,QLD1,0.05755361
2024-04-01 04:10:00,QLD1,0.05975
2024-04-01 04:15:00,QLD1,0.05882453
2024-04-01 04:20:00,QLD1,0.059042250000000004
2024-04-01 04:25:00,QLD1,0.05860245
2024-04-01 04:30:00,QLD1,0.05975
2024-04-01 04:35:00,QLD1,0.0586263
2024-04-01 04:40:00,QLD1,0.05955
2024-04-01 04:45:00,QLD1,0.05825464
2024-04-01 04:50:00,QLD1,0.05955
2024-04-01 04:55:00,QLD1,0.05975
2024-04-01 05:00:00,QLD1,0.06154004
2024-04-01 05:05:00,QLD1,0.06191012
2024-04-01 05:10:00,QLD1,0.06261
2024-04-01 05:15:00,QLD1,0.0765753
2024-04-01 05:20:00,QLD1,0.06273
2024-04-01 05:25:00,QLD1,0.08555
2024-04-01 05:30:00,QLD1,0.05975
2024-04-01 05:35:00,QLD1,0.05842695
2024-04-01 05:40:00,QLD1,0.05884862
2024-04-01 05:45:00,QLD1,0.05884482
2024-04-01 05:50:00,QLD1,0.058891330000000006
2024-04-01 05:55:00,QLD1,0.058980040000000004
2024-04-01 06:00:00,QLD1,0.05899004
2024-04-01 06:05:00,QLD1,0.059333449999999996
2024-04-01 06:10:00,QLD1,0.05913012
2024-04-01 06:15:00,QLD1,0.05955
2024-04-01 06:20:00,QLD1,0.059418439999999996
2024-04-01 06:25:00,QLD1,0.06162004
2024-04-01 06:30:00,QLD1,0.05975
2024-04-01 06:35:00,QLD1,0.059340319999999995
2024-04-01 06:40:00,QLD1,0.06273012
2024-04-01 06:45:00,QLD1,0.06197004
2024-04-01 06:50:00,QLD1,0.05955
2024-04-01 06:55:00,QLD1,0.05712279
2024-04-01 07:00:00,QLD1,0.05001
2024-04-01 07:05:00,QLD1,0.048549999999999996
2024-04-01 07:10:00,QLD1,0.04875
2024-04-01 07:15:00,QLD1,0.04854998
2024-04-01 07:20:00,QLD1,0.03875
2024-04-01 07:25:00,QLD1,2.322e-05
2024-04-01 07:30:00,QLD1,0.0
2024-04-01 07:35:00,QLD1,0.034749989999999994
2024-04-01 07:40:00,QLD1,0.03475
2024-04-01 07:45:00,QLD1,0.0
2024-04-01 07:50:00,QLD1,-0.0205
2024-04-01 07:55:00,QLD1,-0.01076043
2024-04-01 08:00:00,QLD1,-0.010566589999999999
2024-04-01 08:05:00,QLD1,-0.01351286
2024-04-01 08:10:00,QLD1,0.00971724
2024-04-01 08:15:00,QLD1,0.02539879
2024-04-01 08:20:00,QLD1,0.0
2024-04-01 08:25:00,QLD1,-0.0205
2024-04-01 08:30:00,QLD1,0.02157
2024-04-01 08:35:00,QLD1,0.009143430000000001
2024-04-01 08:40:00,QLD1,-0.00871626
2024-04-01 08:45:00,QLD1,0.0
2024-04-01 08:50:00,QLD1,1.948e-05
2024-04-01 08:55:00,QLD1,0.00816865
2024-04-01 09:00:00,QLD1,0.00181977
2024-04-01 09:05:00,QLD1,0.01725188
2024-04-01 09:10:00,QLD1,0.02813617
2024-04-01 09:15:00,QLD1,0.03475
2024-04-01 09:20:00,QLD1,0.03705003
2024-04-01 09:25:00,QLD1,0.0251099
2024-04-01 09:30:00,QLD1,0.02542701
2024-04-01 09:35:00,QLD1,-0.0205
2024-04-01 09:40:00,QLD1,0.00963815
2024-04-01 09:45:00,QLD1,-0.00926934
2024-04-01 09:50:00,QLD1,-0.01539434
2024-04-01 09:55:00,QLD1,-0.0205
2024-04-01 10:00:00,QLD1,-0.01590488
2024-04-01 10:05:00,QLD1,-0.01960491
2024-04-01 10:10:00,QLD1,-0.0205
2024-04-01 10:15:00,QLD1,-0.0205
2024-04-01 10:20:00,QLD1,-0.0205
2024-04-01 10:25:00,QLD1,-0.03532329
2024-04-01 10:30:00,QLD1,-0.0205
2024-04-01 10:35:00,QLD1,-0.02020428
2024-04-01 10:40:00,QLD1,-0.009435790000000001
2024-04-01 10:45:00,QLD1,-0.00956486
2024-04-01 10:50:00,QLD1,-0.0205
2024-04-01 10:55:00,QLD1,-0.009572319999999999
2024-04-01 11:00:00,QLD1,0.0092568
2024-04-01 11:05:00,QLD1,0.0009763300000000001
2024-04-01 11:10:00,QLD1,0.0018442
2024-04-01 11:15:00,QLD1,0.00096902
2024-04-01 11:20:00,QLD1,0.0
2024-04-01 11:25:00,QLD1,0.00470692
2024-04-01 11:30:00,QLD1,0.02265296
2024-04-01 11:35:00,QLD1,-0.0087
2024-04-01 11:40:00,QLD1,0.0051652
2024-04-01 11:45:00,QLD1,0.0010377099999999998
2024-04-01 11:50:00,QLD1,-0.00310322
2024-04-01 11:55:00,QLD1,0.030950019999999998
2024-04-01 12:00:00,QLD1,0.0010038199999999999
2024-04-01 12:05:00,QLD1,0.00101675
2024-04-01 12:10:00,QLD1,0.0073
2024-04-01 12:15:00,QLD1,0.02579619
2024-04-01 12:20:00,QLD1,0.02614628
2024-04-01 12:25:00,QLD1,0.03475
2024-04-01 12:30:00,QLD1,0.02650725
2024-04-01 12:35:00,QLD1,0.02602754
2024-04-01 12:40:00,QLD1,0.02596398
2024-04-01 12:45:00,QLD1,2.468e-05
2024-04-01 12:50:00,QLD1,0.02283955
2024-04-01 12:55:00,QLD1,0.02623855
2024-04-01 13:00:00,QLD1,0.026080279999999997
2024-04-01 13:05:00,QLD1,0.038549999999999994
2024-04-01 13:10:00,QLD1,0.03794614
2024-04-01 13:15:00,QLD1,0.03875
2024-04-01 13:20:00,QLD1,0.03298998
2024-04-01 13:25:00,QLD1,0.0256437
2024-04-01 13:30:00,QLD1,0.05117
2024-04-01 13:35:00,QLD1,0.02563162
2024-04-01 13:40:00,QLD1,0.02264734
2024-04-01 13:45:00,QLD1,0.01856579
2024-04-01 13:50:00,QLD1,0.0247829
2024-04-01 13:55:00,QLD1,0.03475
2024-04-01 14:00:00,QLD1,0.057276690000000005
2024-04-01 14:05:00,QLD1,0.038750030000000005
2024-04-01 14:10:00,QLD1,0.048549999999999996
2024-04-01 14:15:00,QLD1,0.048549999999999996
2024-04-01 14:20:00,QLD1,0.048549999999999996
2024-04-01 14:25:00,QLD1,0.048549999999999996
2024-04-01 14:30:00,QLD1,0.048549999999999996
2024-04-01 14:35:00,QLD1,0.04875
2024-04-01 14:40:00,QLD1,0.05478819
2024-04-01 14:45:00,QLD1,0.054848909999999994
2024-04-01 14:50:00,QLD1,0.060328919999999994
2024-04-01 14:55:00,QLD1,0.06273
2024-04-01 15:00:00,QLD1,0.0854051
2024-04-01 15:05:00,QLD1,0.06273
2024-04-01 15:10:00,QLD1,0.06273
2024-04-01 15:15:00,QLD1,0.054744549999999996
2024-04-01 15:20:00,QLD1,0.05404914
2024-04-01 15:25:00,QLD1,0.05955
2024-04-01 15:30:00,QLD1,0.05975
2024-04-01 15:35:00,QLD1,0.05114286
2024-04-01 15:40:00,QLD1,0.048549999999999996
2024-04-01 15:45:00,QLD1,0.06066444
2024-04-01 15:50:00,QLD1,0.08527446000000001
2024-04-01 15:55:00,QLD1,0.07788982
2024-04-01 16:00:00,QLD1,0.06317193
2024-04-01 16:05:00,QLD1,0.04999301
2024-04-01 16:10:00,QLD1,0.06589654
2024-04-01 16:15:00,QLD1,0.09044638999999999
2024-04-01 16:20:00,QLD1,0.09060272999999999
2024-04-01 16:25:00,QLD1,0.08555003000000001
2024-04-01 16:30:00,QLD1,0.0719399
2024-04-01 16:35:00,QLD1,0.06793374
2024-04-01 16:40:00,QLD1,0.08555003000000001
2024-04-01 16:45:00,QLD1,0.09195081999999999
2024-04-01 16:50:00,QLD1,0.0979
2024-04-01 16:55:00,QLD1,0.10128457
2024-04-01 17:00:00,QLD1,0.14529129000000002
2024-04-01 17:05:00,QLD1,0.10680079
2024-04-01 17:10:00,QLD1,0.0979
2024-04-01 17:15:00,QLD1,0.09825561999999999
2024-04-01 17:20:00,QLD1,0.11301
2024-04-01 17:25:00,QLD1,0.13282568
2024-04-01 17:30:00,QLD1,0.14256835
2024-04-01 17:35:00,QLD1,0.11301
2024-04-01 17:40:00,QLD1,0.13301
2024-04-01 17:45:00,QLD1,0.13301
2024-04-01 17:50:00,QLD1,0.12148721
2024-04-01 17:55:00,QLD1,0.11575
2024-04-01 18:00:00,QLD1,0.12163054
2024-04-01 18:05:00,QLD1,0.0979
2024-04-01 18:10:00,QLD1,0.10322442
2024-04-01 18:15:00,QLD1,0.09931999999999999
2024-04-01 18:20:00,QLD1,0.09601000000000001
2024-04-01 18:25:00,QLD1,0.10316378
2024-04-01 18:30:00,QLD1,0.11301
2024-04-01 18:35:00,QLD1,0.10579380999999999
2024-04-01 18:40:00,QLD1,0.11301
2024-04-01 18:45:00,QLD1,0.09601000000000001
2024-04-01 18:50:00,QLD1,0.0979
2024-04-01 18:55:00,QLD1,0.09601000000000001
2024-04-01 19:00:00,QLD1,0.09249944
2024-04-01 19:05:00,QLD1,0.0979
2024-04-01 19:10:00,QLD1,0.09601000000000001
2024-04-01 19:15:00,QLD1,0.0979
2024-04-01 19:20:00,QLD1,0.09601000000000001
2024-04-01 19:25:00,QLD1,0.08584997
2024-04-01 19:30:00,QLD1,0.08555003000000001
2024-04-01 19:35:00,QLD1,0.08839548000000001
2024-04-01 19:40:00,QLD1,0.08632997
2024-04-01 19:45:00,QLD1,0.08655148
2024-04-01 19:50:00,QLD1,0.08710211
2024-04-01 19:55:00,QLD1,0.08555003000000001
2024-04-01 20:00:00,QLD1,0.07521398
2024-04-01 20:05:00,QLD1,0.08561873
2024-04-01 20:10:00,QLD1,0.09694954
2024-04-01 20:15:00,QLD1,0.08607201
2024-04-01 20:20:00,QLD1,0.07691396
2024-04-01 20:25:00,QLD1,0.07920184000000001
2024-04-01 20:30:00,QLD1,0.07486079
2024-04-01 20:35:00,QLD1,0.07527034
2024-04-01 20:40:00,QLD1,0.06259007
2024-04-01 20:45:00,QLD1,0.07026634
2024-04-01 20:50:00,QLD1,0.07373675
2024-04-01 20:55:00,QLD1,0.058980040000000004
2024-04-01 21:00:00,QLD1,0.05955
2024-04-01 21:05:00,QLD1,0.056110169999999994
2024-04-01 21:10:00,QLD1,0.05975
2024-04-01 21:15:00,QLD1,0.05955
2024-04-01 21:20:00,QLD1,0.06272997999999999
2024-04-01 21:25:00,QLD1,0.06201002
2024-04-01 21:30:00,QLD1,0.05975
2024-04-01 21:35:00,QLD1,0.07639791
2024-04-01 21:40:00,QLD1,0.07722204
2024-04-01 21:45:00,QLD1,0.07436474
2024-04-01 21:50:00,QLD1,0.05975
2024-04-01 21:55:00,QLD1,0.058120609999999996
2024-04-01 22:00:00,QLD1,0.05842601
2024-04-01 22:05:00,QLD1,0.08988047
2024-04-01 22:10:00,QLD1,0.10055
2024-04-01 22:15:00,QLD1,0.09233540999999999
2024-04-01 22:20:00,QLD1,0.08575
2024-04-01 22:25:00,QLD1,0.09601000000000001
2024-04-01 22:30:00,QLD1,0.09223972999999999
2024-04-01 22:35:00,QLD1,0.08575
2024-04-01 22:40:00,QLD1,0.08555
2024-04-01 22:45:00,QLD1,0.061677579999999996
2024-04-01 22:50:00,QLD1,0.0826498
2024-04-01 22:55:00,QLD1,0.07938416
2024-04-01 23:00:00,QLD1,0.07989785
2024-04-01 23:05:00,QLD1,0.06239996
2024-04-01 23:10:00,QLD1,0.07850432
2024-04-01 23:15:00,QLD1,0.06283996
2024-04-01 23:20:00,QLD1,0.05955
2024-04-01 23:25:00,QLD1,0.05955
2024-04-01 23:30:00,QLD1,0.06315996
2024-04-01 23:35:00,QLD1,0.05975
2024-04-01 23:40:00,QLD1,0.06590012
2024-04-01 23:45:00,QLD1,0.05975
2024-04-01 23:50:00,QLD1,0.05955
2024-04-01 23:55:00,QLD1,0.06192004
2024-04-02 00:00:00,QLD1,0.05720028
2024-04-02 00:05:00,QLD1,0.061171750000000004
2024-04-02 00:10:00,QLD1,0.07693292
2024-04-02 00:15:00,QLD1,0.05955
2024-04-02 00:20:00,QLD1,0.05744099
2024-04-02 00:25:00,QLD1,0.05602124
2024-04-02 00:30:00,QLD1,0.05069037
2024-04-02 00:35:00,QLD1,0.04875
2024-04-02 00:40:00,QLD1,0.05587817
2024-04-02 00:45:00,QLD1,0.04875
2024-04-02 00:50:00,QLD1,0.04875
2024-04-02 00:55:00,QLD1,0.04875
2024-04-02 01:00:00,QLD1,0.03969003
2024-04-02 01:05:00,QLD1,0.038549999999999994
2024-04-02 01:10:00,QLD1,0.038549999999999994
2024-04-02 01:15:00,QLD1,0.038549999999999994
2024-04-02 01:20:00,QLD1,0.038549999999999994
2024-04-02 01:25:00,QLD1,0.03875
2024-04-02 01:30:00,QLD1,0.038549999999999994
2024-04-02 01:35:00,QLD1,0.038549999999999994
2024-04-02 01:40:00,QLD1,0.03934947
2024-04-02 01:45:00,QLD1,0.03875
2024-04-02 01:50:00,QLD1,0.038549999999999994
2024-04-02 01:55:00,QLD1,0.03475
2024-04-02 02:00:00,QLD1,0.03475
2024-04-02 02:05:00,QLD1,0.038549999999999994
2024-04-02 02:10:00,QLD1,0.03585492
2024-04-02 02:15:00,QLD1,0.03475
2024-04-02 02:20:00,QLD1,0.03633272
2024-04-02 02:25:00,QLD1,0.038549999999999994
2024-04-02 02:30:00,QLD1,0.035846359999999994
2024-04-02 02:35:00,QLD1,0.03475
2024-04-02 02:40:00,QLD1,0.03475
2024-04-02 02:45:00,QLD1,0.03762318
2024-04-02 02:50:00,QLD1,0.038549999999999994
2024-04-02 02:55:00,QLD1,0.035628810000000004
2024-04-02 03:00:00,QLD1,0.035626080000000004
2024-04-02 03:05:00,QLD1,0.03875
2024-04-02 03:10:00,QLD1,0.038549999999999994
2024-04-02 03:15:00,QLD1,0.038549999999999994
2024-04-02 03:20:00,QLD1,0.039509419999999996
2024-04-02 03:25:00,QLD1,0.03875
2024-04-02 03:30:00,QLD1,0.03875
2024-04-02 03:35:00,QLD1,0.03875
2024-04-02 03:40:00,QLD1,0.03875
2024-04-02 03:45:00,QLD1,0.03922604
2024-04-02 03:50:00,QLD1,0.03925844
2024-04-02 03:55:00,QLD1,0.039343359999999994
2024-04-02 04:00:00,QLD1,0.03875
2024-04-02 04:05:00,QLD1,0.03875
2024-04-02 04:10:00,QLD1,0.03875
2024-04-02 04:15:00,QLD1,0.048549999999999996
2024-04-02 04:20:00,QLD1,0.038549999999999994
2024-04-02 04:25:00,QLD1,0.038549999999999994
2024-04-02 04:30:00,QLD1,0.038549999999999994
2024-04-02 04:35:00,QLD1,0.03510852
2024-04-02 04:40:00,QLD1,0.037268659999999995
2024-04-02 04:45:00,QLD1,0.03475
2024-04-02 04:50:00,QLD1,0.03475006
2024-04-02 04:55:00,QLD1,0.038549999999999994
2024-04-02 05:00:00,QLD1,0.03875
2024-04-02 05:05:00,QLD1,0.048549999999999996
2024-04-02 05:10:00,QLD1,0.048549999999999996
2024-04-02 05:15:00,QLD1,0.04875
2024-04-02 05:20:00,QLD1,0.06036192
2024-04-02 05:25:00,QLD1,0.04875
2024-04-02 05:30:00,QLD1,0.04874997
2024-04-02 05:35:00,QLD1,0.05955
2024-04-02 05:40:00,QLD1,0.05975
2024-04-02 05:45:00,QLD1,0.06197016
2024-04-02 05:50:00,QLD1,0.06148109
2024-04-02 05:55:00,QLD1,0.061424860000000005
2024-04-02 06:00:00,QLD1,0.062057560000000005
2024-04-02 06:05:00,QLD1,0.0620417
2024-04-02 06:10:00,QLD1,0.08555
2024-04-02 06:15:00,QLD1,0.08555
2024-04-02 06:20:00,QLD1,0.08555
2024-04-02 06:25:00,QLD1,0.0630999
2024-04-02 06:30:00,QLD1,0.06235025
2024-04-02 06:35:00,QLD1,0.06231018
2024-04-02 06:40:00,QLD1,0.08175989
2024-04-02 06:45:00,QLD1,0.05955
2024-04-02 06:50:00,QLD1,0.060440869999999994
2024-04-02 06:55:00,QLD1,0.05505384
2024-04-02 07:00:00,QLD1,0.052133650000000004
2024-04-02 07:05:00,QLD1,0.05064092
2024-04-02 07:10:00,QLD1,0.048549999999999996
2024-04-02 07:15:00,QLD1,0.048769269999999997
2024-04-02 07:20:00,QLD1,0.04669909
2024-04-02 07:25:00,QLD1,0.03474991
2024-04-02 07:30:00,QLD1,0.038549999999999994
2024-04-02 07:35:00,QLD1,0.010606260000000001
2024-04-02 07:40:00,QLD1,0.03640646
2024-04-02 07:45:00,QLD1,0.03847711
2024-04-02 07:50:00,QLD1,0.01960307
2024-04-02 07:55:00,QLD1,0.00890945
2024-04-02 08:00:00,QLD1,0.02309117
2024-04-02 08:05:00,QLD1,0.02298001
2024-04-02 08:10:00,QLD1,0.03475
2024-04-02 08:15:00,QLD1,0.03755005
2024-04-02 08:20:00,QLD1,0.025695509999999998
2024-04-02 08:25:00,QLD1,0.03296522
2024-04-02 08:30:00,QLD1,0.03625587
2024-04-02 08:35:00,QLD1,0.01839472
2024-04-02 08:40:00,QLD1,0.02262106
2024-04-02 08:45:00,QLD1,0.01211011
2024-04-02 08:50:00,QLD1,-0.0205
2024-04-02 08:55:00,QLD1,-0.0205
2024-04-02 09:00:00,QLD1,-0.0205
2024-04-02 09:05:00,QLD1,-1e-05
2024-04-02 09:10:00,QLD1,-0.0104
2024-04-02 09:15:00,QLD1,-0.0205
2024-04-02 09:20:00,QLD1,-0.0205
2024-04-02 09:25:00,QLD1,-0.0205
2024-04-02 09:30:00,QLD1,-0.0205
2024-04-02 09:35:00,QLD1,-0.0087
2024-04-02 09:40:00,QLD1,0.0053
2024-04-02 09:45:00,QLD1,-0.0087
2024-04-02 09:50:00,QLD1,0.0053
2024-04-02 09:55:00,QLD1,0.02273632
2024-04-02 10:00:00,QLD1,0.01107475
2024-04-02 10:05:00,QLD1,0.03855003
2024-04-02 10:10:00,QLD1,0.03855003
2024-04-02 10:15:00,QLD1,0.03855003
2024-04-02 10:20:00,QLD1,0.03855003
2024-04-02 10:25:00,QLD1,0.03474998
2024-04-02 10:30:00,QLD1,0.03855003
2024-04-02 10:35:00,QLD1,0.03663
2024-04-02 10:40:00,QLD1,0.03875
2024-04-02 10:45:00,QLD1,0.03875
2024-04-02 10:50:00,QLD1,0.04368267
2024-04-02 10:55:00,QLD1,0.05119314
2024-04-02 11:00:00,QLD1,0.048550020000000006
2024-04-02 11:05:00,QLD1,0.03663
2024-04-02 11:10:00,QLD1,0.03875
2024-04-02 11:15:00,QLD1,0.03875
2024-04-02 11:20:00,QLD1,0.038549999999999994
2024-04-02 11:25:00,QLD1,0.038549999999999994
2024-04-02 11:30:00,QLD1,0.03875
2024-04-02 11:35:00,QLD1,0.03875
2024-04-02 11:40:00,QLD1,0.038549999999999994
2024-04-02 11:45:00,QLD1,0.038549999999999994
2024-04-02 11:50:00,QLD1,0.03875
2024-04-02 11:55:00,QLD1,0.03875
2024-04-02 12:00:00,QLD1,0.03875
2024-04-02 12:05:00,QLD1,0.03874995
2024-04-02 12:10:00,QLD1,0.038749969999999995
2024-04-02 12:15:00,QLD1,0.038549999999999994
2024-04-02 12:20:00,QLD1,0.038549999999999994
2024-04-02 12:25:00,QLD1,0.03663
2024-04-02 12:30:00,QLD1,0.03475
2024-04-02 12:35:00,QLD1,-0.0104
2024-04-02 12:40:00,QLD1,0.03475
2024-04-02 12:45:00,QLD1,0.0224354
2024-04-02 12:50:00,QLD1,-0.0087
2024-04-02 12:55:00,QLD1,0.02008859
2024-04-02 13:00:00,QLD1,0.038549999999999994
2024-04-02 13:05:00,QLD1,0.06849
2024-04-02 13:10:00,QLD1,0.03875
2024-04-02 13:15:00,QLD1,0.03475
2024-04-02 13:20:00,QLD1,0.038549999999999994
2024-04-02 13:25:00,QLD1,0.03875
2024-04-02 13:30:00,QLD1,0.03475
2024-04-02 13:35:00,QLD1,0.0009656599999999999
2024-04-02 13:40:00,QLD1,-0.0205
2024-04-02 13:45:00,QLD1,-0.0205
2024-04-02 13:50:00,QLD1,0.02157
2024-04-02 13:55:00,QLD1,0.03475
2024-04-02 14:00:00,QLD1,-0.0205
2024-04-02 14:05:00,QLD1,-0.0205
2024-04-02 14:10:00,QLD1,-0.0205
2024-04-02 14:15:00,QLD1,-0.0205
2024-04-02 14:20:00,QLD1,-0.0205
2024-04-02 14:25:00,QLD1,-0.0205
2024-04-02 14:30:00,QLD1,-0.0205
2024-04-02 14:35:00,QLD1,-0.0205
2024-04-02 14:40:00,QLD1,-0.0205
2024-04-02 14:45:00,QLD1,-0.0205
2024-04-02 14:50:00,QLD1,0.00113095
2024-04-02 14:55:00,QLD1,0.0
2024-04-02 15:00:00,QLD1,0.038549999999999994
2024-04-02 15:05:00,QLD1,0.02157
2024-04-02 15:10:00,QLD1,-0.0087
2024-04-02 15:15:00,QLD1,0.0053
2024-04-02 15:20:00,QLD1,0.03966348
2024-04-02 15:25:00,QLD1,0.048550020000000006
2024-04-02 15:30:00,QLD1,0.05955005
2024-04-02 15:35:00,QLD1,0.05100581
2024-04-02 15:40:00,QLD1,0.016999289999999997
2024-04-02 15:45:00,QLD1,0.03854997
2024-04-02 15:50:00,QLD1,0.038549999999999994
2024-04-02 15:55:00,QLD1,0.03854997
2024-04-02 16:00:00,QLD1,0.04286994
2024-04-02 16:05:00,QLD1,0.011762380000000001
2024-04-02 16:10:00,QLD1,0.02787096
2024-04-02 16:15:00,QLD1,0.03475
2024-04-02 16:20:00,QLD1,0.03855003
2024-04-02 16:25:00,QLD1,0.05374999
2024-04-02 16:30:00,QLD1,0.04875
2024-04-02 16:35:00,QLD1,0.07554999999999999
2024-04-02 16:40:00,QLD1,0.06668004000000001
2024-04-02 16:45:00,QLD1,0.08134335
2024-04-02 16:50:00,QLD1,0.05975
2024-04-02 16:55:00,QLD1,0.06273004
2024-04-02 17:00:00,QLD1,0.08555
2024-04-02 17:05:00,QLD1,0.05955
2024-04-02 17:10:00,QLD1,0.05975
2024-04-02 17:15:00,QLD1,0.08555
2024-04-02 17:20:00,QLD1,0.0979
2024-04-02 17:25:00,QLD1,0.11575
2024-04-02 17:30:00,QLD1,0.13898
2024-04-02 17:35:00,QLD1,0.13898
2024-04-02 17:40:00,QLD1,0.15206974
2024-04-02 17:45:00,QLD1,0.13627295
2024-04-02 17:50:00,QLD1,0.25001
2024-04-02 17:55:00,QLD1,0.13898
2024-04-02 18:00:00,QLD1,0.25001
2024-04-02 18:05:00,QLD1,0.13898
2024-04-02 18:10:00,QLD1,0.19401
2024-04-02 18:15:00,QLD1,0.19401
2024-04-02 18:20:00,QLD1,0.25001
2024-04-02 18:25:00,QLD1,0.13898
2024-04-02 18:30:00,QLD1,0.11575
2024-04-02 18:35:00,QLD1,0.1458955
2024-04-02 18:40:00,QLD1,0.13898
2024-04-02 18:45:00,QLD1,0.09931999999999999
2024-04-02 18:50:00,QLD1,0.13898
2024-04-02 18:55:00,QLD1,0.1005335
2024-04-02 19:00:00,QLD1,0.09931999999999999
2024-04-02 19:05:00,QLD1,0.09931999999999999
2024-04-02 19:10:00,QLD1,0.0979
2024-04-02 19:15:00,QLD1,0.0979
2024-04-02 19:20:00,QLD1,0.0979
2024-04-02 19:25:00,QLD1,0.0906734
2024-04-02 19:30:00,QLD1,0.0913645
2024-04-02 19:35:00,QLD1,0.10896555
2024-04-02 19:40:00,QLD1,0.09598097
2024-04-02 19:45:00,QLD1,0.09532723
2024-04-02 19:50:00,QLD1,0.07460784
2024-04-02 19:55:00,QLD1,0.08555
2024-04-02 20:00:00,QLD1,0.07585599999999999
2024-04-02 20:05:00,QLD1,0.09377110999999999
2024-04-02 20:10:00,QLD1,0.09505039
2024-04-02 20:15:00,QLD1,0.07984272
2024-04-02 20:20:00,QLD1,0.07380014
2024-04-02 20:25:00,QLD1,0.07409521
2024-04-02 20:30:00,QLD1,0.07431528
2024-04-02 20:35:00,QLD1,0.08431601999999999
2024-04-02 20:40:00,QLD1,0.07124204
2024-04-02 20:45:00,QLD1,0.06854069
2024-04-02 20:50:00,QLD1,0.06684854
2024-04-02 20:55:00,QLD1,0.06608088
2024-04-02 21:00:00,QLD1,0.07089289
2024-04-02 21:05:00,QLD1,0.06008214
2024-04-02 21:10:00,QLD1,0.08555
2024-04-02 21:15:00,QLD1,0.09272468
2024-04-02 21:20:00,QLD1,0.09513337
2024-04-02 21:25:00,QLD1,0.09280764999999999
2024-04-02 21:30:00,QLD1,0.09215941
2024-04-02 21:35:00,QLD1,0.10334963
2024-04-02 21:40:00,QLD1,0.09448447
2024-04-02 21:45:00,QLD1,0.09351477
2024-04-02 21:50:00,QLD1,0.09183685
2024-04-02 21:55:00,QLD1,0.08555
2024-04-02 22:00:00,QLD1,0.08555
2024-04-02 22:05:00,QLD1,0.09450257000000001
2024-04-02 22:10:00,QLD1,0.10055
2024-04-02 22:15:00,QLD1,0.10055
2024-04-02 22:20:00,QLD1,0.09789976
2024-04-02 22:25:00,QLD1,0.09750974
2024-04-02 22:30:00,QLD1,0.09635817
2024-04-02 22:35:00,QLD1,0.10055
2024-04-02 22:40:00,QLD1,0.11662403
2024-04-02 22:45:00,QLD1,0.10055
2024-04-02 22:50:00,QLD1,0.09504868999999999
2024-04-02 22:55:00,QLD1,0.09575435
2024-04-02 23:00:00,QLD1,0.08575
2024-04-02 23:05:00,QLD1,0.08555
2024-04-02 23:10:00,QLD1,0.10811508
2024-04-02 23:15:00,QLD1,0.0980348
2024-04-02 23:20:00,QLD1,0.09270813
2024-04-02 23:25:00,QLD1,0.08575
2024-04-02 23:30:00,QLD1,0.062310040000000004
2024-04-02 23:35:00,QLD1,0.08555
2024-04-02 23:40:00,QLD1,0.07650445
2024-04-02 23:45:00,QLD1,0.06126628
2024-04-02 23:50:00,QLD1,0.061732999999999996
2024-04-02 23:55:00,QLD1,0.07732658
2024-04-03 00:00:00,QLD1,0.05975
2024-04-03 00:05:00,QLD1,0.060393140000000005
2024-04-03 00:10:00,QLD1,0.07968449
2024-04-03 00:15:00,QLD1,0.08069738
2024-04-03 00:20:00,QLD1,0.07382472
2024-04-03 00:25:00,QLD1,0.059927999999999995
2024-04-03 00:30:00,QLD1,0.06273002
2024-04-03 00:35:00,QLD1,0.05994625
2024-04-03 00:40:00,QLD1,0.06272992
2024-04-03 00:45:00,QLD1,0.06273
2024-04-03 00:50:00,QLD1,0.05975
2024-04-03 00:55:00,QLD1,0.05955
2024-04-03 01:00:00,QLD1,0.06273
2024-04-03 01:05:00,QLD1,0.06273
2024-04-03 01:10:00,QLD1,0.06273
2024-04-03 01:15:00,QLD1,0.06273
2024-04-03 01:20:00,QLD1,0.05955
2024-04-03 01:25:00,QLD1,0.05975
2024-04-03 01:30:00,QLD1,0.06273
2024-04-03 01:35:00,QLD1,0.07108532
2024-04-03 01:40:00,QLD1,0.06772357
2024-04-03 01:45:00,QLD1,0.06837324
2024-04-03 01:50:00,QLD1,0.06477205
2024-04-03 01:55:00,QLD1,0.06598933
2024-04-03 02:00:00,QLD1,0.06273
2024-04-03 02:05:00,QLD1,0.06273
2024-04-03 02:10:00,QLD1,0.0757684
2024-04-03 02:15:00,QLD1,0.07628738
2024-04-03 02:20:00,QLD1,0.07533183
2024-04-03 02:25:00,QLD1,0.07720198
2024-04-03 02:30:00,QLD1,0.08221436
2024-04-03 02:35:00,QLD1,0.08555
2024-04-03 02:40:00,QLD1,0.07623239
2024-04-03 02:45:00,QLD1,0.06273
2024-04-03 02:50:00,QLD1,0.06273
2024-04-03 02:55:00,QLD1,0.06811707
2024-04-03 03:00:00,QLD1,0.06745429
2024-04-03 03:05:00,QLD1,0.06913984999999999
2024-04-03 03:10:00,QLD1,0.075644
2024-04-03 03:15:00,QLD1,0.08555
2024-04-03 03:20:00,QLD1,0.08555
2024-04-03 03:25:00,QLD1,0.08061765
2024-04-03 03:30:00,QLD1,0.0771271
2024-04-03 03:35:00,QLD1,0.07659640000000001
2024-04-03 03:40:00,QLD1,0.07714660000000001
2024-04-03 03:45:00,QLD1,0.07768035000000001
2024-04-03 03:50:00,QLD1,0.08173948
2024-04-03 03:55:00,QLD1,0.08555
2024-04-03 04:00:00,QLD1,0.08555
2024-04-03 04:05:00,QLD1,0.08697039
2024-04-03 04:10:00,QLD1,0.09455923
2024-04-03 04:15:00,QLD1,0.09032648
2024-04-03 04:20:00,QLD1,0.08828664
2024-04-03 04:25:00,QLD1,0.0956071
2024-04-03 04:30:00,QLD1,0.09629143999999999
2024-04-03 04:35:00,QLD1,0.08555
2024-04-03 04:40:00,QLD1,0.08587617
2024-04-03 04:45:00,QLD1,0.08735012
2024-04-03 04:50:00,QLD1,0.0996989
2024-04-03 04:55:00,QLD1,0.10043029
2024-04-03 05:00:00,QLD1,0.09057203
2024-04-03 05:05:00,QLD1,0.09189685
2024-04-03 05:10:00,QLD1,0.08784954
2024-04-03 05:15:00,QLD1,0.09932457
2024-04-03 05:20:00,QLD1,0.09898447
2024-04-03 05:25:00,QLD1,0.10047803999999999
2024-04-03 05:30:00,QLD1,0.10055
2024-04-03 05:35:00,QLD1,0.10055
2024-04-03 05:40:00,QLD1,0.10563665
2024-04-03 05:45:00,QLD1,0.10969371
2024-04-03 05:50:00,QLD1,0.1181751
2024-04-03 05:55:00,QLD1,0.11832052
2024-04-03 06:00:00,QLD1,0.11677013
2024-04-03 06:05:00,QLD1,0.10522698
2024-04-03 06:10:00,QLD1,0.11630212000000001
2024-04-03 06:15:00,QLD1,0.13720005000000002
2024-04-03 06:20:00,QLD1,0.14546999
2024-04-03 06:25:00,QLD1,0.12851404
2024-04-03 06:30:00,QLD1,0.12129496000000001
2024-04-03 06:35:00,QLD1,0.10917499
2024-04-03 06:40:00,QLD1,0.11224296
2024-04-03 06:45:00,QLD1,0.10055
2024-04-03 06:50:00,QLD1,0.08554998000000001
2024-04-03 06:55:00,QLD1,0.08568522
2024-04-03 07:00:00,QLD1,0.08209214
2024-04-03 07:05:00,QLD1,0.05794756
2024-04-03 07:10:00,QLD1,0.05975
2024-04-03 07:15:00,QLD1,0.05506792
2024-04-03 07:20:00,QLD1,0.05955
2024-04-03 07:25:00,QLD1,0.05503137
2024-04-03 07:30:00,QLD1,0.05001
2024-04-03 07:35:00,QLD1,0.05520825
2024-04-03 07:40:00,QLD1,0.05444813
2024-04-03 07:45:00,QLD1,0.04875
2024-04-03 07:50:00,QLD1,0.04875
2024-04-03 07:55:00,QLD1,0.031401
2024-04-03 08:00:00,QLD1,0.029448899999999997
2024-04-03 08:05:00,QLD1,0.048549999999999996
2024-04-03 08:10:00,QLD1,0.04875002
2024-04-03 08:15:00,QLD1,0.048549999999999996
2024-04-03 08:20:00,QLD1,0.04570323
2024-04-03 08:25:00,QLD1,0.04473458
2024-04-03 08:30:00,QLD1,0.04465508
2024-04-03 08:35:00,QLD1,0.048549999999999996
2024-04-03 08:40:00,QLD1,0.048549999999999996
2024-04-03 08:45:00,QLD1,0.044669980000000005
2024-04-03 08:50:00,QLD1,0.06045997
2024-04-03 08:55:00,QLD1,0.04875
2024-04-03 09:00:00,QLD1,0.035743319999999995
2024-04-03 09:05:00,QLD1,0.04875
2024-04-03 09:10:00,QLD1,0.05044798
2024-04-03 09:15:00,QLD1,0.05955
2024-04-03 09:20:00,QLD1,0.05004911
2024-04-03 09:25:00,QLD1,0.035336509999999995
2024-04-03 09:30:00,QLD1,0.00730847
2024-04-03 09:35:00,QLD1,0.03475
2024-04-03 09:40:00,QLD1,0.04062816
2024-04-03 09:45:00,QLD1,0.016980000000000002
2024-04-03 09:50:00,QLD1,0.00726973
2024-04-03 09:55:00,QLD1,0.02212943
2024-04-03 10:00:00,QLD1,-0.0205
2024-04-03 10:05:00,QLD1,0.02211978
2024-04-03 10:10:00,QLD1,0.030820060000000003
2024-04-03 10:15:00,QLD1,0.03475
2024-04-03 10:20:00,QLD1,0.035286830000000005
2024-04-03 10:25:00,QLD1,0.038750019999999996
2024-04-03 10:30:00,QLD1,0.03483253
2024-04-03 10:35:00,QLD1,0.03475
2024-04-03 10:40:00,QLD1,0.039390030000000006
2024-04-03 10:45:00,QLD1,0.038549999999999994
2024-04-03 10:50:00,QLD1,0.03875
2024-04-03 10:55:00,QLD1,0.03475
2024-04-03 11:00:00,QLD1,0.038549999999999994
2024-04-03 11:05:00,QLD1,0.03875
2024-04-03 11:10:00,QLD1,0.048549999999999996
2024-04-03 11:15:00,QLD1,0.03875
2024-04-03 11:20:00,QLD1,0.03875
2024-04-03 11:25:00,QLD1,0.03875
2024-04-03 11:30:00,QLD1,0.03875
2024-04-03 11:35:00,QLD1,0.038549999999999994
2024-04-03 11:40:00,QLD1,0.04982071
2024-04-03 11:45:00,QLD1,0.03875
2024-04-03 11:50:00,QLD1,0.03875
2024-04-03 11:55:00,QLD1,0.05275345
2024-04-03 12:00:00,QLD1,0.035065980000000004
2024-04-03 12:05:00,QLD1,0.038750030000000005
2024-04-03 12:10:00,QLD1,0.038549999999999994
2024-04-03 12:15:00,QLD1,0.04928967
2024-04-03 12:20:00,QLD1,0.048549999999999996
2024-04-03 12:25:00,QLD1,0.048549999999999996
2024-04-03 12:30:00,QLD1,0.03542272
2024-04-03 12:35:00,QLD1,0.038549999999999994
2024-04-03 12:40:00,QLD1,0.038549999999999994
2024-04-03 12:45:00,QLD1,0.048549999999999996
2024-04-03 12:50:00,QLD1,0.04459037
2024-04-03 12:55:00,QLD1,0.048549999999999996
2024-04-03 13:00:00,QLD1,0.04459326
2024-04-03 13:05:00,QLD1,0.048549999999999996
2024-04-03 13:10:00,QLD1,0.048549999999999996
2024-04-03 13:15:00,QLD1,0.0581044
2024-04-03 13:20:00,QLD1,0.048549999999999996
2024-04-03 13:25:00,QLD1,0.054487499999999994
2024-04-03 13:30:00,QLD1,0.13090203
2024-04-03 13:35:00,QLD1,0.08575001
2024-04-03 13:40:00,QLD1,0.08555
2024-04-03 13:45:00,QLD1,0.08731378
2024-04-03 13:50:00,QLD1,0.08555
2024-04-03 13:55:00,QLD1,0.08555
2024-04-03 14:00:00,QLD1,0.08555
2024-04-03 14:05:00,QLD1,0.09834537
2024-04-03 14:10:00,QLD1,0.08555
2024-04-03 14:15:00,QLD1,0.08575001
2024-04-03 14:20:00,QLD1,0.08555
2024-04-03 14:25:00,QLD1,0.086
2024-04-03 14:30:00,QLD1,0.06273004
2024-04-03 14:35:00,QLD1,0.08879461999999999
2024-04-03 14:40:00,QLD1,0.26229352
2024-04-03 14:45:00,QLD1,0.08565067000000001
2024-04-03 14:50:00,QLD1,0.08555
2024-04-03 14:55:00,QLD1,0.08575001
2024-04-03 15:00:00,QLD1,0.08555
2024-04-03 15:05:00,QLD1,0.06273004
2024-04-03 15:10:00,QLD1,0.08555
2024-04-03 15:15:00,QLD1,0.13126912
2024-04-03 15:20:00,QLD1,0.13822189000000001
2024-04-03 15:25:00,QLD1,0.08555
2024-04-03 15:30:00,QLD1,0.09989933999999999
2024-04-03 15:35:00,QLD1,0.08925102
2024-04-03 15:40:00,QLD1,0.08555
2024-04-03 15:45:00,QLD1,0.08833529
2024-04-03 15:50:00,QLD1,0.13898
2024-04-03 15:55:00,QLD1,0.13898
2024-04-03 16:00:00,QLD1,0.21861435
2024-04-03 16:05:00,QLD1,0.13898
2024-04-03 16:10:00,QLD1,0.13898
2024-04-03 16:15:00,QLD1,0.13898
2024-04-03 16:20:00,QLD1,0.09499782999999999
2024-04-03 16:25:00,QLD1,0.12273917
2024-04-03 16:30:00,QLD1,0.26155
2024-04-03 16:35:00,QLD1,0.10083493
2024-04-03 16:40:00,QLD1,0.13899
2024-04-03 16:45:00,QLD1,0.12422546
2024-04-03 16:50:00,QLD1,0.13899
2024-04-03 16:55:00,QLD1,0.14562999999999998
2024-04-03 17:00:00,QLD1,0.26100999999999996
2024-04-03 17:05:00,QLD1,0.14121204
2024-04-03 17:10:00,QLD1,0.18688977
2024-04-03 17:15:00,QLD1,0.19401
2024-04-03 17:20:00,QLD1,0.20187
2024-04-03 17:25:00,QLD1,0.25556194
2024-04-03 17:30:00,QLD1,0.19276
2024-04-03 17:35:00,QLD1,0.26097541999999996
2024-04-03 17:40:00,QLD1,0.26155
2024-04-03 17:45:00,QLD1,0.26155
2024-04-03 17:50:00,QLD1,0.26155
2024-04-03 17:55:00,QLD1,0.29923200000000005
2024-04-03 18:00:00,QLD1,0.2774695
2024-04-03 18:05:00,QLD1,0.27303942000000003
2024-04-03 18:10:00,QLD1,0.26154
2024-04-03 18:15:00,QLD1,0.19049000000000002
2024-04-03 18:20:00,QLD1,0.27901
2024-04-03 18:25:00,QLD1,0.26599
2024-04-03 18:30:00,QLD1,0.26155
2024-04-03 18:35:00,QLD1,0.26399
2024-04-03 18:40:00,QLD1,0.24342044000000002
2024-04-03 18:45:00,QLD1,0.21185878
2024-04-03 18:50:00,QLD1,0.19248869999999998
2024-04-03 18:55:00,QLD1,0.26100999999999996
2024-04-03 19:00:00,QLD1,0.1805
2024-04-03 19:05:00,QLD1,0.14467
2024-04-03 19:10:00,QLD1,0.26100999999999996
2024-04-03 19:15:00,QLD1,0.13899
2024-04-03 19:20:00,QLD1,0.1452
2024-04-03 19:25:00,QLD1,0.13899
2024-04-03 19:30:00,QLD1,0.13870032000000002
2024-04-03 19:35:00,QLD1,0.15693941
2024-04-03 19:40:00,QLD1,0.19049000000000002
2024-04-03 19:45:00,QLD1,0.13898
2024-04-03 19:50:00,QLD1,0.11575
2024-04-03 19:55:00,QLD1,0.14212385
2024-04-03 20:00:00,QLD1,0.10509592000000001
2024-04-03 20:05:00,QLD1,0.13898
2024-04-03 20:10:00,QLD1,0.13898
2024-04-03 20:15:00,QLD1,0.13899
2024-04-03 20:20:00,QLD1,0.13580441999999998
2024-04-03 20:25:00,QLD1,0.11575
2024-04-03 20:30:00,QLD1,0.10628048
2024-04-03 20:35:00,QLD1,0.13273234
2024-04-03 20:40:00,QLD1,0.11575
2024-04-03 20:45:00,QLD1,0.10589051000000001
2024-04-03 20:50:00,QLD1,0.08881497000000001
2024-04-03 20:55:00,QLD1,0.08759119
2024-04-03 21:00:00,QLD1,0.09931999999999999
2024-04-03 21:05:00,QLD1,0.11901152999999999
2024-04-03 21:10:00,QLD1,0.16667379
2024-04-03 21:15:00,QLD1,0.17505768
2024-04-03 21:20:00,QLD1,0.17094921999999999
2024-04-03 21:25:00,QLD1,0.1626774
2024-04-03 21:30:00,QLD1,0.12475839999999999
2024-04-03 21:35:00,QLD1,0.14041501
2024-04-03 21:40:00,QLD1,0.1392115
2024-04-03 21:45:00,QLD1,0.13925058999999998
2024-04-03 21:50:00,QLD1,0.14572252
2024-04-03 21:55:00,QLD1,0.11113969
2024-04-03 22:00:00,QLD1,0.09601000000000001
2024-04-03 22:05:00,QLD1,0.13898
2024-04-03 22:10:00,QLD1,0.14955807
2024-04-03 22:15:00,QLD1,0.14750829
2024-04-03 22:20:00,QLD1,0.11919709
2024-04-03 22:25:00,QLD1,0.12006734
2024-04-03 22:30:00,QLD1,0.11837381999999999
2024-04-03 22:35:00,QLD1,0.13580902
2024-04-03 22:40:00,QLD1,0.11605303
2024-04-03 22:45:00,QLD1,0.11602751
2024-04-03 22:50:00,QLD1,0.1151105
2024-04-03 22:55:00,QLD1,0.11367322
2024-04-03 23:00:00,QLD1,0.10085074000000001
2024-04-03 23:05:00,QLD1,0.10320631
2024-04-03 23:10:00,QLD1,0.11116384
2024-04-03 23:15:00,QLD1,0.10528372
2024-04-03 23:20:00,QLD1,0.11119849000000001
2024-04-03 23:25:00,QLD1,0.10055
2024-04-03 23:30:00,QLD1,0.10420063
2024-04-03 23:35:00,QLD1,0.11154786
2024-04-03 23:40:00,QLD1,0.11218233999999999
2024-04-03 23:45:00,QLD1,0.1150508
2024-04-03 23:50:00,QLD1,0.11570685
2024-04-03 23:55:00,QLD1,0.11412595
2024-04-04 00:00:00,QLD1,0.10640475
2024-04-04 00:05:00,QLD1,0.10055
2024-04-04 00:10:00,QLD1,0.09601000000000001
2024-04-04 00:15:00,QLD1,0.08676112999999999
2024-04-04 00:20:00,QLD1,0.08615552
2024-04-04 00:25:00,QLD1,0.08575
2024-04-04 00:30:00,QLD1,0.07669307
2024-04-04 00:35:00,QLD1,0.08823908
2024-04-04 00:40:00,QLD1,0.08758637
2024-04-04 00:45:00,QLD1,0.08872991000000001
2024-04-04 00:50:00,QLD1,0.08993113
2024-04-04 00:55:00,QLD1,0.08575
2024-04-04 01:00:00,QLD1,0.08150827
2024-04-04 01:05:00,QLD1,0.08039331
2024-04-04 01:10:00,QLD1,0.08555
2024-04-04 01:15:00,QLD1,0.09072144
2024-04-04 01:20:00,QLD1,0.08149930000000001
2024-04-04 01:25:00,QLD1,0.08132639
2024-04-04 01:30:00,QLD1,0.08128816999999999
2024-04-04 01:35:00,QLD1,0.08575
2024-04-04 01:40:00,QLD1,0.08555
2024-04-04 01:45:00,QLD1,0.08555
2024-04-04 01:50:00,QLD1,0.08555
2024-04-04 01:55:00,QLD1,0.08397249999999999
2024-04-04 02:00:00,QLD1,0.07956872
2024-04-04 02:05:00,QLD1,0.08575
2024-04-04 02:10:00,QLD1,0.09072114
2024-04-04 02:15:00,QLD1,0.08555
2024-04-04 02:20:00,QLD1,0.08100931
2024-04-04 02:25:00,QLD1,0.08151647
2024-04-04 02:30:00,QLD1,0.08555
2024-04-04 02:35:00,QLD1,0.08575
2024-04-04 02:40:00,QLD1,0.08555
2024-04-04 02:45:00,QLD1,0.059948
2024-04-04 02:50:00,QLD1,0.06338188
2024-04-04 02:55:00,QLD1,0.07071966
2024-04-04 03:00:00,QLD1,0.07350042000000001
2024-04-04 03:05:00,QLD1,0.07309376000000001
2024-04-04 03:10:00,QLD1,0.08212694000000001
2024-04-04 03:15:00,QLD1,0.06273
2024-04-04 03:20:00,QLD1,0.07185093000000001
2024-04-04 03:25:00,QLD1,0.07199944999999999
2024-04-04 03:30:00,QLD1,0.06318594
2024-04-04 03:35:00,QLD1,0.06868792
2024-04-04 03:40:00,QLD1,0.06853252
2024-04-04 03:45:00,QLD1,0.06830156999999999
2024-04-04 03:50:00,QLD1,0.07067606000000001
2024-04-04 03:55:00,QLD1,0.06760896
2024-04-04 04:00:00,QLD1,0.0690621
2024-04-04 04:05:00,QLD1,0.06607208
2024-04-04 04:10:00,QLD1,0.08555
2024-04-04 04:15:00,QLD1,0.08973603
2024-04-04 04:20:00,QLD1,0.08575
2024-04-04 04:25:00,QLD1,0.07979389
2024-04-04 04:30:00,QLD1,0.06273008000000001
2024-04-04 04:35:00,QLD1,0.06273004
2024-04-04 04:40:00,QLD1,0.07781546
2024-04-04 04:45:00,QLD1,0.07839682
2024-04-04 04:50:00,QLD1,0.07841701000000001
2024-04-04 04:55:00,QLD1,0.06273004
2024-04-04 05:00:00,QLD1,0.08005989
2024-04-04 05:05:00,QLD1,0.05996303
2024-04-04 05:10:00,QLD1,0.08555
2024-04-04 05:15:00,QLD1,0.08555
2024-04-04 05:20:00,QLD1,0.08555
2024-04-04 05:25:00,QLD1,0.08555
2024-04-04 05:30:00,QLD1,0.08833400000000001
2024-04-04 05:35:00,QLD1,0.07932194
2024-04-04 05:40:00,QLD1,0.08505803
2024-04-04 05:45:00,QLD1,0.08555
2024-04-04 05:50:00,QLD1,0.08555
2024-04-04 05:55:00,QLD1,0.08555
2024-04-04 06:00:00,QLD1,0.08555
2024-04-04 06:05:00,QLD1,0.09336591
2024-04-04 06:10:00,QLD1,0.10055
2024-04-04 06:15:00,QLD1,0.10055
2024-04-04 06:20:00,QLD1,0.11170408999999999
2024-04-04 06:25:00,QLD1,0.10860522
2024-04-04 06:30:00,QLD1,0.0925295
2024-04-04 06:35:00,QLD1,0.09601000000000001
2024-04-04 06:40:00,QLD1,0.10055
2024-04-04 06:45:00,QLD1,0.09601000000000001
2024-04-04 06:50:00,QLD1,0.09601000000000001
2024-04-04 06:55:00,QLD1,0.09601000000000001
2024-04-04 07:00:00,QLD1,0.08555
2024-04-04 07:05:00,QLD1,0.09601000000000001
2024-04-04 07:10:00,QLD1,0.09047901
2024-04-04 07:15:00,QLD1,0.08384224
2024-04-04 07:20:00,QLD1,0.06272996
2024-04-04 07:25:00,QLD1,0.058840220000000006
2024-04-04 07:30:00,QLD1,0.057872570000000005
2024-04-04 07:35:00,QLD1,0.06258601
2024-04-04 07:40:00,QLD1,0.05651971
2024-04-04 07:45:00,QLD1,0.05747297
2024-04-04 07:50:00,QLD1,0.048549999999999996
2024-04-04 07:55:00,QLD1,0.04875
2024-04-04 08:00:00,QLD1,0.037565959999999995
2024-04-04 08:05:00,QLD1,0.05799466
2024-04-04 08:10:00,QLD1,0.04875
2024-04-04 08:15:00,QLD1,0.05770764
2024-04-04 08:20:00,QLD1,0.048549999999999996
2024-04-04 08:25:00,QLD1,0.048549999999999996
2024-04-04 08:30:00,QLD1,0.039946350000000005
2024-04-04 08:35:00,QLD1,0.041152839999999996
2024-04-04 08:40:00,QLD1,0.03875
2024-04-04 08:45:00,QLD1,0.03875
2024-04-04 08:50:00,QLD1,0.03875
2024-04-04 08:55:00,QLD1,0.038549999999999994
2024-04-04 09:00:00,QLD1,0.038549999999999994
2024-04-04 09:05:00,QLD1,0.048549999999999996
2024-04-04 09:10:00,QLD1,0.0758277
2024-04-04 09:15:00,QLD1,0.08575
2024-04-04 09:20:00,QLD1,0.05975
2024-04-04 09:25:00,QLD1,0.05352592
2024-04-04 09:30:00,QLD1,0.04875
2024-04-04 09:35:00,QLD1,0.08859036999999999
2024-04-04 09:40:00,QLD1,0.14466563
2024-04-04 09:45:00,QLD1,0.08888043000000001
2024-04-04 09:50:00,QLD1,0.10352957
2024-04-04 09:55:00,QLD1,0.05499406
2024-04-04 10:00:00,QLD1,0.061729860000000004
2024-04-04 10:05:00,QLD1,0.05955
2024-04-04 10:10:00,QLD1,0.06173026
2024-04-04 10:15:00,QLD1,0.06273
2024-04-04 10:20:00,QLD1,0.061730139999999996
2024-04-04 10:25:00,QLD1,0.05955
2024-04-04 10:30:00,QLD1,0.05955
2024-04-04 10:35:00,QLD1,0.048549999999999996
2024-04-04 10:40:00,QLD1,0.048549999999999996
2024-04-04 10:45:00,QLD1,0.04875
2024-04-04 10:50:00,QLD1,0.05975
2024-04-04 10:55:00,QLD1,0.05975
2024-04-04 11:00:00,QLD1,0.05488445
2024-04-04 11:05:00,QLD1,0.05669096
2024-04-04 11:10:00,QLD1,0.05955
2024-04-04 11:15:00,QLD1,0.07589248999999999
2024-04-04 11:20:00,QLD1,0.06273
2024-04-04 11:25:00,QLD1,0.06273
2024-04-04 11:30:00,QLD1,0.061730139999999996
2024-04-04 11:35:00,QLD1,0.07351141
2024-04-04 11:40:00,QLD1,0.07244808999999999
2024-04-04 11:45:00,QLD1,0.05975
2024-04-04 11:50:00,QLD1,0.05447882
2024-04-04 11:55:00,QLD1,0.033903260000000005
2024-04-04 12:00:00,QLD1,0.055094340000000006
2024-04-04 12:05:00,QLD1,0.05975
2024-04-04 12:10:00,QLD1,0.07181438
2024-04-04 12:15:00,QLD1,0.08260606
2024-04-04 12:20:00,QLD1,0.08555
2024-04-04 12:25:00,QLD1,0.07428388
2024-04-04 12:30:00,QLD1,0.08350686
2024-04-04 12:35:00,QLD1,0.08555
2024-04-04 12:40:00,QLD1,0.0605
2024-04-04 12:45:00,QLD1,0.05955
2024-04-04 12:50:00,QLD1,0.05975
2024-04-04 12:55:00,QLD1,0.05975
2024-04-04 13:00:00,QLD1,0.038699979999999995
2024-04-04 13:05:00,QLD1,0.04875
2024-04-04 13:10:00,QLD1,0.05955
2024-04-04 13:15:00,QLD1,0.058136929999999996
2024-04-04 13:20:00,QLD1,0.05975
2024-04-04 13:25:00,QLD1,0.05975
2024-04-04 13:30:00,QLD1,0.057406599999999995
2024-04-04 13:35:00,QLD1,0.05740707
2024-04-04 13:40:00,QLD1,0.086
2024-04-04 13:45:00,QLD1,0.06273
2024-04-04 13:50:00,QLD1,0.061730139999999996
2024-04-04 13:55:00,QLD1,0.06273
2024-04-04 14:00:00,QLD1,0.07925292
2024-04-04 14:05:00,QLD1,0.08555
2024-04-04 14:10:00,QLD1,0.03994788
2024-04-04 14:15:00,QLD1,0.07296855
2024-04-04 14:20:00,QLD1,0.07266388
2024-04-04 14:25:00,QLD1,0.06273
2024-04-04 14:30:00,QLD1,0.06273
2024-04-04 14:35:00,QLD1,0.08575
2024-04-04 14:40:00,QLD1,0.08555
2024-04-04 14:45:00,QLD1,0.05975
2024-04-04 14:50:00,QLD1,0.044000729999999995
2024-04-04 14:55:00,QLD1,0.05955
2024-04-04 15:00:00,QLD1,0.04100576
2024-04-04 15:05:00,QLD1,0.04875
2024-04-04 15:10:00,QLD1,0.06097284
2024-04-04 15:15:00,QLD1,0.0605
2024-04-04 15:20:00,QLD1,0.06173
2024-04-04 15:25:00,QLD1,0.07360523999999999
2024-04-04 15:30:00,QLD1,0.05955
2024-04-04 15:35:00,QLD1,0.03475
2024-04-04 15:40:00,QLD1,0.048549999999999996
2024-04-04 15:45:00,QLD1,0.06953002
2024-04-04 15:50:00,QLD1,0.06173
2024-04-04 15:55:00,QLD1,0.05975
2024-04-04 16:00:00,QLD1,0.049334760000000005
2024-04-04 16:05:00,QLD1,0.048549999999999996
2024-04-04 16:10:00,QLD1,0.06173
2024-04-04 16:15:00,QLD1,0.06173
2024-04-04 16:20:00,QLD1,0.06173
2024-04-04 16:25:00,QLD1,0.08366457
2024-04-04 16:30:00,QLD1,0.08416297
2024-04-04 16:35:00,QLD1,0.08496882
2024-04-04 16:40:00,QLD1,0.08292584
2024-04-04 16:45:00,QLD1,0.09570828
2024-04-04 16:50:00,QLD1,0.11575
2024-04-04 16:55:00,QLD1,0.13179522
2024-04-04 17:00:00,QLD1,0.11238181
2024-04-04 17:05:00,QLD1,0.09648419
2024-04-04 17:10:00,QLD1,0.09601000000000001
2024-04-04 17:15:00,QLD1,0.08555
2024-04-04 17:20:00,QLD1,0.09601000000000001
2024-04-04 17:25:00,QLD1,0.09019638999999999
2024-04-04 17:30:00,QLD1,0.09601000000000001
2024-04-04 17:35:00,QLD1,0.08850655
2024-04-04 17:40:00,QLD1,0.09457029
2024-04-04 17:45:00,QLD1,0.09931999999999999
2024-04-04 17:50:00,QLD1,0.12575243
2024-04-04 17:55:00,QLD1,0.10797902999999999
2024-04-04 18:00:00,QLD1,0.11575
2024-04-04 18:05:00,QLD1,0.12280901
2024-04-04 18:10:00,QLD1,0.12235091
2024-04-04 18:15:00,QLD1,0.11074872999999999
2024-04-04 18:20:00,QLD1,0.09905177999999999
2024-04-04 18:25:00,QLD1,0.09905441999999999
2024-04-04 18:30:00,QLD1,0.10037520999999999
2024-04-04 18:35:00,QLD1,0.10262966
2024-04-04 18:40:00,QLD1,0.10855303000000001
2024-04-04 18:45:00,QLD1,0.09857963
2024-04-04 18:50:00,QLD1,0.09171198
2024-04-04 18:55:00,QLD1,0.08884315
2024-04-04 19:00:00,QLD1,0.07459836
2024-04-04 19:05:00,QLD1,0.10723134000000001
2024-04-04 19:10:00,QLD1,0.09802677
2024-04-04 19:15:00,QLD1,0.08555
2024-04-04 19:20:00,QLD1,0.10635489
2024-04-04 19:25:00,QLD1,0.09919056999999999
2024-04-04 19:30:00,QLD1,0.07241156
2024-04-04 19:35:00,QLD1,0.08555
2024-04-04 19:40:00,QLD1,0.09601000000000001
2024-04-04 19:45:00,QLD1,0.08555
2024-04-04 19:50:00,QLD1,0.08555
2024-04-04 19:55:00,QLD1,0.07550182
2024-04-04 20:00:00,QLD1,0.06198052
2024-04-04 20:05:00,QLD1,0.068287
2024-04-04 20:10:00,QLD1,0.06806827
2024-04-04 20:15:00,QLD1,0.06812406
2024-04-04 20:20:00,QLD1,0.06273008000000001
2024-04-04 20:25:00,QLD1,0.0626139
2024-04-04 20:30:00,QLD1,0.05975
2024-04-04 20:35:00,QLD1,0.06130041
2024-04-04 20:40:00,QLD1,0.06047885
2024-04-04 20:45:00,QLD1,0.0608731
2024-04-04 20:50:00,QLD1,0.0603125
2024-04-04 20:55:00,QLD1,0.05975
2024-04-04 21:00:00,QLD1,0.05955
2024-04-04 21:05:00,QLD1,0.06610002
2024-04-04 21:10:00,QLD1,0.08078284999999999
2024-04-04 21:15:00,QLD1,0.07058977
2024-04-04 21:20:00,QLD1,0.06503806
2024-04-04 21:25:00,QLD1,0.06174002
2024-04-04 21:30:00,QLD1,0.05975
2024-04-04 21:35:00,QLD1,0.05955
2024-04-04 21:40:00,QLD1,0.06273002
2024-04-04 21:45:00,QLD1,0.06273002
2024-04-04 21:50:00,QLD1,0.05955
2024-04-04 21:55:00,QLD1,0.05975
2024-04-04 22:00:00,QLD1,0.06273002
2024-04-04 22:05:00,QLD1,0.08849055
2024-04-04 22:10:00,QLD1,0.26155
2024-04-04 22:15:00,QLD1,0.12711016
2024-04-04 22:20:00,QLD1,0.10055
2024-04-04 22:25:00,QLD1,0.06770825000000001
2024-04-04 22:30:00,QLD1,0.08555
2024-04-04 22:35:00,QLD1,0.06838232000000001
2024-04-04 22:40:00,QLD1,0.06769986
2024-04-04 22:45:00,QLD1,0.06727433000000001
2024-04-04 22:50:00,QLD1,0.06566825
2024-04-04 22:55:00,QLD1,0.06526204
2024-04-04 23:00:00,QLD1,0.06309982
2024-04-04 23:05:00,QLD1,0.06273022
2024-04-04 23:10:00,QLD1,0.06302797
2024-04-04 23:15:00,QLD1,0.06272997
2024-04-04 23:20:00,QLD1,0.06273015
2024-04-04 23:25:00,QLD1,0.06291122
2024-04-04 23:30:00,QLD1,0.06309992
2024-04-04 23:35:00,QLD1,0.06265935
2024-04-04 23:40:00,QLD1,0.06395089999999999
2024-04-04 23:45:00,QLD1,0.0630921
2024-04-04 23:50:00,QLD1,0.06273008000000001
2024-04-04 23:55:00,QLD1,0.06305374
2024-04-05 00:00:00,QLD1,0.06154003
2024-04-05 00:05:00,QLD1,0.06255546
2024-04-05 00:10:00,QLD1,0.06363147
2024-04-05 00:15:00,QLD1,0.06259778
2024-04-05 00:20:00,QLD1,0.06134117
2024-04-05 00:25:00,QLD1,0.0613174
2024-04-05 00:30:00,QLD1,0.06168383
2024-04-05 00:35:00,QLD1,0.06167674
2024-04-05 00:40:00,QLD1,0.06272599000000001
2024-04-05 00:45:00,QLD1,0.06093471
2024-04-05 00:50:00,QLD1,0.05955
2024-04-05 00:55:00,QLD1,0.05955
2024-04-05 01:00:00,QLD1,0.05955
2024-04-05 01:05:00,QLD1,0.061077509999999995
2024-04-05 01:10:00,QLD1,0.05975
2024-04-05 01:15:00,QLD1,0.05975
2024-04-05 01:20:00,QLD1,0.05975
2024-04-05 01:25:00,QLD1,0.05975
2024-04-05 01:30:00,QLD1,0.06013356
2024-04-05 01:35:00,QLD1,0.05975
2024-04-05 01:40:00,QLD1,0.06115665
2024-04-05 01:45:00,QLD1,0.060421169999999996
2024-04-05 01:50:00,QLD1,0.06129321
2024-04-05 01:55:00,QLD1,0.06089347
2024-04-05 02:00:00,QLD1,0.05975
2024-04-05 02:05:00,QLD1,0.06003808
2024-04-05 02:10:00,QLD1,0.060066009999999996
2024-04-05 02:15:00,QLD1,0.05955
2024-04-05 02:20:00,QLD1,0.05955
2024-04-05 02:25:00,QLD1,0.06039775
2024-04-05 02:30:00,QLD1,0.06110312
2024-04-05 02:35:00,QLD1,0.05955
2024-04-05 02:40:00,QLD1,0.05247339
2024-04-05 02:45:00,QLD1,0.05955
2024-04-05 02:50:00,QLD1,0.04875
2024-04-05 02:55:00,QLD1,0.05955
2024-04-05 03:00:00,QLD1,0.05955
2024-04-05 03:05:00,QLD1,0.053468249999999995
2024-04-05 03:10:00,QLD1,0.05277128
2024-04-05 03:15:00,QLD1,0.04875
2024-04-05 03:20:00,QLD1,0.05955
2024-04-05 03:25:00,QLD1,0.05975
2024-04-05 03:30:00,QLD1,0.05955
2024-04-05 03:35:00,QLD1,0.05975
2024-04-05 03:40:00,QLD1,0.05975
2024-04-05 03:45:00,QLD1,0.05955
2024-04-05 03:50:00,QLD1,0.05975
2024-04-05 03:55:00,QLD1,0.05975
2024-04-05 04:00:00,QLD1,0.05237581
2024-04-05 04:05:00,QLD1,0.05955
2024-04-05 04:10:00,QLD1,0.05975
2024-04-05 04:15:00,QLD1,0.061135060000000005
2024-04-05 04:20:00,QLD1,0.06273008000000001
2024-04-05 04:25:00,QLD1,0.06117138
2024-04-05 04:30:00,QLD1,0.05975
2024-04-05 04:35:00,QLD1,0.05982394
2024-04-05 04:40:00,QLD1,0.05975
2024-04-05 04:45:00,QLD1,0.05975
2024-04-05 04:50:00,QLD1,0.05975
2024-04-05 04:55:00,QLD1,0.05975
2024-04-05 05:00:00,QLD1,0.06058307
2024-04-05 05:05:00,QLD1,0.0627302
2024-04-05 05:10:00,QLD1,0.06448322000000001
2024-04-05 05:15:00,QLD1,0.07667278000000001
2024-04-05 05:20:00,QLD1,0.06135004
2024-04-05 05:25:00,QLD1,0.07286529
2024-04-05 05:30:00,QLD1,0.06298008000000001
2024-04-05 05:35:00,QLD1,0.06254008
2024-04-05 05:40:00,QLD1,0.06301997
2024-04-05 05:45:00,QLD1,0.08122369
2024-04-05 05:50:00,QLD1,0.08555
2024-04-05 05:55:00,QLD1,0.08142225
2024-04-05 06:00:00,QLD1,0.08555
2024-04-05 06:05:00,QLD1,0.07273019
2024-04-05 06:10:00,QLD1,0.08125252999999999
2024-04-05 06:15:00,QLD1,0.08555
2024-04-05 06:20:00,QLD1,0.08042768
2024-04-05 06:25:00,QLD1,0.07941764000000001
2024-04-05 06:30:00,QLD1,0.08555
2024-04-05 06:35:00,QLD1,0.07902706000000001
2024-04-05 06:40:00,QLD1,0.08555
2024-04-05 06:45:00,QLD1,0.08555
2024-04-05 06:50:00,QLD1,0.08833961
2024-04-05 06:55:00,QLD1,0.08719779
2024-04-05 07:00:00,QLD1,0.09394496
2024-04-05 07:05:00,QLD1,0.09745425
2024-04-05 07:10:00,QLD1,0.08902478999999999
2024-04-05 07:15:00,QLD1,0.08965813
2024-04-05 07:20:00,QLD1,0.10005377
2024-04-05 07:25:00,QLD1,0.09601000000000001
2024-04-05 07:30:00,QLD1,0.09955311
2024-04-05 07:35:00,QLD1,0.09240770000000001
2024-04-05 07:40:00,QLD1,0.06272992
2024-04-05 07:45:00,QLD1,0.07480024
2024-04-05 07:50:00,QLD1,0.07205815
2024-04-05 07:55:00,QLD1,0.06398284
2024-04-05 08:00:00,QLD1,0.06833341
2024-04-05 08:05:00,QLD1,0.08555
2024-04-05 08:10:00,QLD1,0.08059023
2024-04-05 08:15:00,QLD1,0.08163552
2024-04-05 08:20:00,QLD1,0.07052061000000001
2024-04-05 08:25:00,QLD1,0.08054106
2024-04-05 08:30:00,QLD1,0.09389301
2024-04-05 08:35:00,QLD1,0.10341195
2024-04-05 08:40:00,QLD1,0.10399308
2024-04-05 08:45:00,QLD1,0.09450126
2024-04-05 08:50:00,QLD1,0.09444
2024-04-05 08:55:00,QLD1,0.09942000000000001
2024-04-05 09:00:00,QLD1,0.08068784999999999
2024-04-05 09:05:00,QLD1,0.09300985
2024-04-05 09:10:00,QLD1,0.08097212000000001
2024-04-05 09:15:00,QLD1,0.060296909999999995
2024-04-05 09:20:00,QLD1,0.06258177
2024-04-05 09:25:00,QLD1,0.06284000000000001
2024-04-05 09:30:00,QLD1,0.05955
2024-04-05 09:35:00,QLD1,0.07713017000000001
2024-04-05 09:40:00,QLD1,0.05975
2024-04-05 09:45:00,QLD1,0.04234185
2024-04-05 09:50:00,QLD1,0.04854995
2024-04-05 09:55:00,QLD1,0.04875
2024-04-05 10:00:00,QLD1,0.04875
2024-04-05 10:05:00,QLD1,0.04250872
2024-04-05 10:10:00,QLD1,0.298
2024-04-05 10:15:00,QLD1,0.08575001
2024-04-05 10:20:00,QLD1,0.05955
2024-04-05 10:25:00,QLD1,0.059750010000000006
2024-04-05 10:30:00,QLD1,0.059750010000000006
2024-04-05 10:35:00,QLD1,0.06273
2024-04-05 10:40:00,QLD1,0.08575001
2024-04-05 10:45:00,QLD1,0.26155
2024-04-05 10:50:00,QLD1,0.14094721000000002
2024-04-05 10:55:00,QLD1,0.09942000000000001
2024-04-05 11:00:00,QLD1,0.136
2024-04-05 11:05:00,QLD1,0.061729860000000004
2024-04-05 11:10:00,QLD1,0.08575001
2024-04-05 11:15:00,QLD1,0.08555
2024-04-05 11:20:00,QLD1,0.04875001
2024-04-05 11:25:00,QLD1,0.061730179999999996
2024-04-05 11:30:00,QLD1,0.08575001
2024-04-05 11:35:00,QLD1,0.26155003
2024-04-05 11:40:00,QLD1,0.07925525
2024-04-05 11:45:00,QLD1,0.08555
2024-04-05 11:50:00,QLD1,0.26155
2024-04-05 11:55:00,QLD1,0.26155
2024-04-05 12:00:00,QLD1,0.06269235
2024-04-05 12:05:00,QLD1,0.08555
2024-04-05 12:10:00,QLD1,0.08555
2024-04-05 12:15:00,QLD1,0.10339
2024-04-05 12:20:00,QLD1,0.09265405
2024-04-05 12:25:00,QLD1,0.09309606
2024-04-05 12:30:00,QLD1,0.09253919000000001
2024-04-05 12:35:00,QLD1,0.09080812
2024-04-05 12:40:00,QLD1,0.09189108
2024-04-05 12:45:00,QLD1,0.09765582
2024-04-05 12:50:00,QLD1,0.26155
2024-04-05 12:55:00,QLD1,0.136
2024-04-05 13:00:00,QLD1,0.05975
2024-04-05 13:05:00,QLD1,0.07976218
2024-04-05 13:10:00,QLD1,0.05975
2024-04-05 13:15:00,QLD1,0.09926894
2024-04-05 13:20:00,QLD1,0.0932018
2024-04-05 13:25:00,QLD1,0.08126023
2024-04-05 13:30:00,QLD1,0.08555
2024-04-05 13:35:00,QLD1,0.08116109
2024-04-05 13:40:00,QLD1,0.05955
2024-04-05 13:45:00,QLD1,0.04875
2024-04-05 13:50:00,QLD1,0.06132965
2024-04-05 13:55:00,QLD1,0.05975
2024-04-05 14:00:00,QLD1,0.05955
2024-04-05 14:05:00,QLD1,0.04875
2024-04-05 14:10:00,QLD1,0.05955
2024-04-05 14:15:00,QLD1,0.05975
2024-04-05 14:20:00,QLD1,0.05955
2024-04-05 14:25:00,QLD1,0.05955
2024-04-05 14:30:00,QLD1,0.05955
2024-04-05 14:35:00,QLD1,0.08575
2024-04-05 14:40:00,QLD1,0.26577
2024-04-05 14:45:00,QLD1,0.08096779999999999
2024-04-05 14:50:00,QLD1,0.08575
2024-04-05 14:55:00,QLD1,0.08273751
2024-04-05 15:00:00,QLD1,0.3707303
2024-04-05 15:05:00,QLD1,0.08575001
2024-04-05 15:10:00,QLD1,0.09231285
2024-04-05 15:15:00,QLD1,0.14585895
2024-04-05 15:20:00,QLD1,0.09436699
2024-04-05 15:25:00,QLD1,0.28575
2024-04-05 15:30:00,QLD1,0.11652799
2024-04-05 15:35:00,QLD1,0.13898
2024-04-05 15:40:00,QLD1,0.06273008000000001
2024-04-05 15:45:00,QLD1,0.08555002
2024-04-05 15:50:00,QLD1,0.13898
2024-04-05 15:55:00,QLD1,0.08555002
2024-04-05 16:00:00,QLD1,0.08555002
2024-04-05 16:05:00,QLD1,0.09777891
2024-04-05 16:10:00,QLD1,0.06273008000000001
2024-04-05 16:15:00,QLD1,0.06273008000000001
2024-04-05 16:20:00,QLD1,0.06690374
2024-04-05 16:25:00,QLD1,0.09730082
2024-04-05 16:30:00,QLD1,0.13898
2024-04-05 16:35:00,QLD1,0.13898
2024-04-05 16:40:00,QLD1,0.11575
2024-04-05 16:45:00,QLD1,0.09931999999999999
2024-04-05 16:50:00,QLD1,0.12245104999999999
2024-04-05 16:55:00,QLD1,0.12323419
2024-04-05 17:00:00,QLD1,0.12170375
2024-04-05 17:05:00,QLD1,0.06273
2024-04-05 17:10:00,QLD1,0.09931999999999999
2024-04-05 17:15:00,QLD1,0.09931999999999999
2024-04-05 17:20:00,QLD1,0.13224334
2024-04-05 17:25:00,QLD1,0.10052338000000001
2024-04-05 17:30:00,QLD1,0.10054215999999999
2024-04-05 17:35:00,QLD1,0.13897
2024-04-05 17:40:00,QLD1,0.13897
2024-04-05 17:45:00,QLD1,0.13898
2024-04-05 17:50:00,QLD1,0.13898
2024-04-05 17:55:00,QLD1,0.13898
2024-04-05 18:00:00,QLD1,0.13899
2024-04-05 18:05:00,QLD1,0.14461000000000002
2024-04-05 18:10:00,QLD1,0.14461000000000002
2024-04-05 18:15:00,QLD1,0.13897
2024-04-05 18:20:00,QLD1,0.13897
2024-04-05 18:25:00,QLD1,0.13897
2024-04-05 18:30:00,QLD1,0.11575
2024-04-05 18:35:00,QLD1,0.13897
2024-04-05 18:40:00,QLD1,0.11575
2024-04-05 18:45:00,QLD1,0.13897
2024-04-05 18:50:00,QLD1,0.13897
2024-04-05 18:55:00,QLD1,0.13897
2024-04-05 19:00:00,QLD1,0.13897
2024-04-05 19:05:00,QLD1,0.13897
2024-04-05 19:10:00,QLD1,0.09602
2024-04-05 19:15:00,QLD1,0.09602
2024-04-05 19:20:00,QLD1,0.09601000000000001
2024-04-05 19:25:00,QLD1,0.09601000000000001
2024-04-05 19:30:00,QLD1,0.09825262
2024-04-05 19:35:00,QLD1,0.08667815
2024-04-05 19:40:00,QLD1,0.09809334
2024-04-05 19:45:00,QLD1,0.13897
2024-04-05 19:50:00,QLD1,0.11575
2024-04-05 19:55:00,QLD1,0.13897
2024-04-05 20:00:00,QLD1,0.26155
2024-04-05 20:05:00,QLD1,0.07721386
2024-04-05 20:10:00,QLD1,0.09931999999999999
2024-04-05 20:15:00,QLD1,0.09754149
2024-04-05 20:20:00,QLD1,0.0981101
2024-04-05 20:25:00,QLD1,0.08555
2024-04-05 20:30:00,QLD1,0.06454638
2024-04-05 20:35:00,QLD1,0.08665918
2024-04-05 20:40:00,QLD1,0.08555
2024-04-05 20:45:00,QLD1,0.08555
2024-04-05 20:50:00,QLD1,0.09602
2024-04-05 20:55:00,QLD1,0.08555
2024-04-05 21:00:00,QLD1,0.06379814
2024-04-05 21:05:00,QLD1,0.13897
2024-04-05 21:10:00,QLD1,0.13897
2024-04-05 21:15:00,QLD1,0.26155
2024-04-05 21:20:00,QLD1,0.09602
2024-04-05 21:25:00,QLD1,0.09942000000000001
2024-04-05 21:30:00,QLD1,0.09942000000000001
2024-04-05 21:35:00,QLD1,0.09942000000000001
2024-04-05 21:40:00,QLD1,0.08940969
2024-04-05 21:45:00,QLD1,0.08555
2024-04-05 21:50:00,QLD1,0.08481211000000001
2024-04-05 21:55:00,QLD1,0.08385499
2024-04-05 22:00:00,QLD1,0.06304008
2024-04-05 22:05:00,QLD1,0.13897
2024-04-05 22:10:00,QLD1,0.13897
2024-04-05 22:15:00,QLD1,0.13897
2024-04-05 22:20:00,QLD1,0.14562999999999998
2024-04-05 22:25:00,QLD1,0.10055
2024-04-05 22:30:00,QLD1,0.10055
2024-04-05 22:35:00,QLD1,0.10055
2024-04-05 22:40:00,QLD1,0.10055
2024-04-05 22:45:00,QLD1,0.14461000000000002
2024-04-05 22:50:00,QLD1,0.10055
2024-04-05 22:55:00,QLD1,0.10055
2024-04-05 23:00:00,QLD1,0.08575
2024-04-05 23:05:00,QLD1,0.10055
2024-04-05 23:10:00,QLD1,0.26155
2024-04-05 23:15:00,QLD1,0.13897
2024-04-05 23:20:00,QLD1,0.09942000000000001
2024-04-05 23:25:00,QLD1,0.09942000000000001
2024-04-05 23:30:00,QLD1,0.08575
2024-04-05 23:35:00,QLD1,0.08575
2024-04-05 23:40:00,QLD1,0.08575
2024-04-05 23:45:00,QLD1,0.08575
2024-04-05 23:50:00,QLD1,0.08575
2024-04-05 23:55:00,QLD1,0.08555
2024-04-06 00:00:00,QLD1,0.08555
2024-04-06 00:05:00,QLD1,0.10055
2024-04-06 00:10:00,QLD1,0.10055
2024-04-06 00:15:00,QLD1,0.10055
2024-04-06 00:20:00,QLD1,0.10055
2024-04-06 00:25:00,QLD1,0.10055
2024-04-06 00:30:00,QLD1,0.10055
2024-04-06 00:35:00,QLD1,0.09650458
2024-04-06 00:40:00,QLD1,0.10055
2024-04-06 00:45:00,QLD1,0.10055
2024-04-06 00:50:00,QLD1,0.08575
2024-04-06 00:55:00,QLD1,0.08575
2024-04-06 01:00:00,QLD1,0.10055
2024-04-06 01:05:00,QLD1,0.08575
2024-04-06 01:10:00,QLD1,0.08555
2024-04-06 01:15:00,QLD1,0.08555
2024-04-06 01:20:00,QLD1,0.08555
2024-04-06 01:25:00,QLD1,0.08555
2024-04-06 01:30:00,QLD1,0.08555
2024-04-06 01:35:00,QLD1,0.08555
2024-04-06 01:40:00,QLD1,0.08555
2024-04-06 01:45:00,QLD1,0.08555
2024-04-06 01:50:00,QLD1,0.08555
2024-04-06 01:55:00,QLD1,0.08555
2024-04-06 02:00:00,QLD1,0.06273
2024-04-06 02:05:00,QLD1,0.08575
2024-04-06 02:10:00,QLD1,0.08555
2024-04-06 02:15:00,QLD1,0.09589046000000001
2024-04-06 02:20:00,QLD1,0.08575
2024-04-06 02:25:00,QLD1,0.08575
2024-04-06 02:30:00,QLD1,0.08575
2024-04-06 02:35:00,QLD1,0.09388814999999999
2024-04-06 02:40:00,QLD1,0.08555
2024-04-06 02:45:00,QLD1,0.08555
2024-04-06 02:50:00,QLD1,0.08555
2024-04-06 02:55:00,QLD1,0.08575
2024-04-06 03:00:00,QLD1,0.08555
2024-04-06 03:05:00,QLD1,0.08555
2024-04-06 03:10:00,QLD1,0.08555
2024-04-06 03:15:00,QLD1,0.08575
2024-04-06 03:20:00,QLD1,0.09304239
2024-04-06 03:25:00,QLD1,0.09222329
2024-04-06 03:30:00,QLD1,0.09099392
2024-04-06 03:35:00,QLD1,0.0915836
2024-04-06 03:40:00,QLD1,0.09317874000000001
2024-04-06 03:45:00,QLD1,0.09199227
2024-04-06 03:50:00,QLD1,0.09252855
2024-04-06 03:55:00,QLD1,0.09250655999999999
2024-04-06 04:00:00,QLD1,0.09533134
2024-04-06 04:05:00,QLD1,0.09381764
2024-04-06 04:10:00,QLD1,0.09384144999999999
2024-04-06 04:15:00,QLD1,0.08555
2024-04-06 04:20:00,QLD1,0.08555
2024-04-06 04:25:00,QLD1,0.08555
2024-04-06 04:30:00,QLD1,0.08546939999999999
2024-04-06 04:35:00,QLD1,0.08333237
2024-04-06 04:40:00,QLD1,0.08555
2024-04-06 04:45:00,QLD1,0.09114251
2024-04-06 04:50:00,QLD1,0.08575
2024-04-06 04:55:00,QLD1,0.08575
2024-04-06 05:00:00,QLD1,0.0922905
2024-04-06 05:05:00,QLD1,0.09293553
2024-04-06 05:10:00,QLD1,0.10055
2024-04-06 05:15:00,QLD1,0.09584483
2024-04-06 05:20:00,QLD1,0.09427606
2024-04-06 05:25:00,QLD1,0.10055
2024-04-06 05:30:00,QLD1,0.11495005
2024-04-06 05:35:00,QLD1,0.09076111
2024-04-06 05:40:00,QLD1,0.09609143
2024-04-06 05:45:00,QLD1,0.08555
2024-04-06 05:50:00,QLD1,0.09670533
2024-04-06 05:55:00,QLD1,0.11880544
2024-04-06 06:00:00,QLD1,0.11865519999999999
2024-04-06 06:05:00,QLD1,0.09630341
2024-04-06 06:10:00,QLD1,0.09567277
2024-04-06 06:15:00,QLD1,0.10055
2024-04-06 06:20:00,QLD1,0.11351465000000001
2024-04-06 06:25:00,QLD1,0.12058743
2024-04-06 06:30:00,QLD1,0.1456447
2024-04-06 06:35:00,QLD1,0.1207642
2024-04-06 06:40:00,QLD1,0.13014831000000002
2024-04-06 06:45:00,QLD1,0.15271210999999998
2024-04-06 06:50:00,QLD1,0.16663065
2024-04-06 06:55:00,QLD1,0.13263319
2024-04-06 07:00:00,QLD1,0.13709284
2024-04-06 07:05:00,QLD1,0.15485307
2024-04-06 07:10:00,QLD1,0.11596630999999999
2024-04-06 07:15:00,QLD1,0.11445284
2024-04-06 07:20:00,QLD1,0.12314351000000001
2024-04-06 07:25:00,QLD1,0.11016733000000001
2024-04-06 07:30:00,QLD1,0.11192508999999999
2024-04-06 07:35:00,QLD1,0.08919890999999999
2024-04-06 07:40:00,QLD1,0.08919264
2024-04-06 07:45:00,QLD1,0.08663800999999999
2024-04-06 07:50:00,QLD1,0.08898502999999999
2024-04-06 07:55:00,QLD1,0.08582535
2024-04-06 08:00:00,QLD1,0.07647593999999999
2024-04-06 08:05:00,QLD1,0.10159889
2024-04-06 08:10:00,QLD1,0.08591844
2024-04-06 08:15:00,QLD1,0.10046426
2024-04-06 08:20:00,QLD1,0.09765898
2024-04-06 08:25:00,QLD1,0.10055
2024-04-06 08:30:00,QLD1,0.07002283
2024-04-06 08:35:00,QLD1,0.0854897
2024-04-06 08:40:00,QLD1,0.06500075
2024-04-06 08:45:00,QLD1,0.06804585
2024-04-06 08:50:00,QLD1,0.07753341
2024-04-06 08:55:00,QLD1,0.08555
2024-04-06 09:00:00,QLD1,0.07766172
2024-04-06 09:05:00,QLD1,0.08961435
2024-04-06 09:10:00,QLD1,0.07910875
2024-04-06 09:15:00,QLD1,0.07871929
2024-04-06 09:20:00,QLD1,0.06858383000000001
2024-04-06 09:25:00,QLD1,0.06993993
2024-04-06 09:30:00,QLD1,0.05955
2024-04-06 09:35:00,QLD1,0.05955
2024-04-06 09:40:00,QLD1,0.05791632
2024-04-06 09:45:00,QLD1,0.04875
2024-04-06 09:50:00,QLD1,0.04875
2024-04-06 09:55:00,QLD1,0.03875
2024-04-06 10:00:00,QLD1,0.03875
2024-04-06 10:05:00,QLD1,0.038052930000000006
2024-04-06 10:10:00,QLD1,0.03818074
2024-04-06 10:15:00,QLD1,0.009909610000000001
2024-04-06 10:20:00,QLD1,0.0383903
2024-04-06 10:25:00,QLD1,0.038549999999999994
2024-04-06 10:30:00,QLD1,0.0362991
2024-04-06 10:35:00,QLD1,0.02169125
2024-04-06 10:40:00,QLD1,-0.0205
2024-04-06 10:45:00,QLD1,0.010105349999999999
2024-04-06 10:50:00,QLD1,0.038549999999999994
2024-04-06 10:55:00,QLD1,0.02644875
2024-04-06 11:00:00,QLD1,0.01045097
2024-04-06 11:05:00,QLD1,0.02346914
2024-04-06 11:10:00,QLD1,0.04077382
2024-04-06 11:15:00,QLD1,0.02662669
2024-04-06 11:20:00,QLD1,-0.0108
2024-04-06 11:25:00,QLD1,0.010467029999999999
2024-04-06 11:30:00,QLD1,0.02966272
2024-04-06 11:35:00,QLD1,0.02615103
2024-04-06 11:40:00,QLD1,0.02241994
2024-04-06 11:45:00,QLD1,0.02268908
2024-04-06 11:50:00,QLD1,0.02475399
2024-04-06 11:55:00,QLD1,0.02379637
2024-04-06 12:00:00,QLD1,0.023853649999999997
2024-04-06 12:05:00,QLD1,0.011175599999999999
2024-04-06 12:10:00,QLD1,0.010665520000000001
2024-04-06 12:15:00,QLD1,0.02619871
2024-04-06 12:20:00,QLD1,0.023777509999999998
2024-04-06 12:25:00,QLD1,0.02288486
2024-04-06 12:30:00,QLD1,0.026493469999999998
2024-04-06 12:35:00,QLD1,0.03023438
2024-04-06 12:40:00,QLD1,0.05262
2024-04-06 12:45:00,QLD1,0.0466605
2024-04-06 12:50:00,QLD1,0.048549999999999996
2024-04-06 12:55:00,QLD1,0.03875
2024-04-06 13:00:00,QLD1,0.048549999999999996
2024-04-06 13:05:00,QLD1,0.044784059999999994
2024-04-06 13:10:00,QLD1,0.048549999999999996
2024-04-06 13:15:00,QLD1,0.03875
2024-04-06 13:20:00,QLD1,0.03875
2024-04-06 13:25:00,QLD1,0.048549999999999996
2024-04-06 13:30:00,QLD1,0.04875
2024-04-06 13:35:00,QLD1,0.04875
2024-04-06 13:40:00,QLD1,0.044700000000000004
2024-04-06 13:45:00,QLD1,0.048549999999999996
2024-04-06 13:50:00,QLD1,0.04875
2024-04-06 13:55:00,QLD1,0.04875
2024-04-06 14:00:00,QLD1,0.05262
2024-04-06 14:05:00,QLD1,0.05975
2024-04-06 14:10:00,QLD1,0.06157379
2024-04-06 14:15:00,QLD1,0.04875
2024-04-06 14:20:00,QLD1,0.05955
2024-04-06 14:25:00,QLD1,0.08555002
2024-04-06 14:30:00,QLD1,0.08555
2024-04-06 14:35:00,QLD1,0.08555
2024-04-06 14:40:00,QLD1,0.08555
2024-04-06 14:45:00,QLD1,0.06872665
2024-04-06 14:50:00,QLD1,0.52499
2024-04-06 14:55:00,QLD1,0.06373142
2024-04-06 15:00:00,QLD1,0.11093573999999999
2024-04-06 15:05:00,QLD1,0.06273
2024-04-06 15:10:00,QLD1,0.06409945
2024-04-06 15:15:00,QLD1,0.08555
2024-04-06 15:20:00,QLD1,0.08555
2024-04-06 15:25:00,QLD1,0.10000084
2024-04-06 15:30:00,QLD1,0.13897
2024-04-06 15:35:00,QLD1,0.09850972
2024-04-06 15:40:00,QLD1,0.10440260000000001
2024-04-06 15:45:00,QLD1,0.08555
2024-04-06 15:50:00,QLD1,0.10825757
2024-04-06 15:55:00,QLD1,0.09752181
2024-04-06 16:00:00,QLD1,0.11238181
2024-04-06 16:05:00,QLD1,0.11891030999999999
2024-04-06 16:10:00,QLD1,0.11458897
2024-04-06 16:15:00,QLD1,0.09974506
2024-04-06 16:20:00,QLD1,0.11575004
2024-04-06 16:25:00,QLD1,0.15560047
2024-04-06 16:30:00,QLD1,0.12279812
2024-04-06 16:35:00,QLD1,0.08180757
2024-04-06 16:40:00,QLD1,0.09726
2024-04-06 16:45:00,QLD1,0.10032281
2024-04-06 16:50:00,QLD1,0.11575004
2024-04-06 16:55:00,QLD1,0.12342001000000001
2024-04-06 17:00:00,QLD1,0.13897
2024-04-06 17:05:00,QLD1,0.15507902
2024-04-06 17:10:00,QLD1,0.15612197
2024-04-06 17:15:00,QLD1,0.19401
2024-04-06 17:20:00,QLD1,0.15742696
2024-04-06 17:25:00,QLD1,0.15743725
2024-04-06 17:30:00,QLD1,0.26500999999999997
2024-04-06 17:35:00,QLD1,0.28001998
2024-04-06 17:40:00,QLD1,0.19401
2024-04-06 17:45:00,QLD1,0.28575
2024-04-06 17:50:00,QLD1,0.28575
2024-04-06 17:55:00,QLD1,0.36055000000000004
2024-04-06 18:00:00,QLD1,0.28575
2024-04-06 18:05:00,QLD1,0.26155
2024-04-06 18:10:00,QLD1,0.26300999999999997
2024-04-06 18:15:00,QLD1,0.26300999999999997
2024-04-06 18:20:00,QLD1,0.28575
2024-04-06 18:25:00,QLD1,0.28575
2024-04-06 18:30:00,QLD1,0.26155
2024-04-06 18:35:00,QLD1,0.26100999999999996
2024-04-06 18:40:00,QLD1,0.26100999999999996
2024-04-06 18:45:00,QLD1,0.19401
2024-04-06 18:50:00,QLD1,0.26100999999999996
2024-04-06 18:55:00,QLD1,0.26100999999999996
2024-04-06 19:00:00,QLD1,0.14461000000000002
2024-04-06 19:05:00,QLD1,0.13899
2024-04-06 19:10:00,QLD1,0.13899
2024-04-06 19:15:00,QLD1,0.13899
2024-04-06 19:20:00,QLD1,0.13899
2024-04-06 19:25:00,QLD1,0.13898
2024-04-06 19:30:00,QLD1,0.13898
2024-04-06 19:35:00,QLD1,0.13898
2024-04-06 19:40:00,QLD1,0.10277482
2024-04-06 19:45:00,QLD1,0.13897
2024-04-06 19:50:00,QLD1,0.13897
2024-04-06 19:55:00,QLD1,0.13898
2024-04-06 20:00:00,QLD1,0.13897
2024-04-06 20:05:00,QLD1,0.13897
2024-04-06 20:10:00,QLD1,0.13897
2024-04-06 20:15:00,QLD1,0.13898
2024-04-06 20:20:00,QLD1,0.12431201
2024-04-06 20:25:00,QLD1,0.12440541000000001
2024-04-06 20:30:00,QLD1,0.11575004
2024-04-06 20:35:00,QLD1,0.11729782
2024-04-06 20:40:00,QLD1,0.12797458
2024-04-06 20:45:00,QLD1,0.12920723
2024-04-06 20:50:00,QLD1,0.12228941
2024-04-06 20:55:00,QLD1,0.12503494
2024-04-06 21:00:00,QLD1,0.09951756
2024-04-06 21:05:00,QLD1,0.13805333
2024-04-06 21:10:00,QLD1,0.13898
2024-04-06 21:15:00,QLD1,0.13898
2024-04-06 21:20:00,QLD1,0.13673150999999997
2024-04-06 21:25:00,QLD1,0.1265039
2024-04-06 21:30:00,QLD1,0.12647301
2024-04-06 21:35:00,QLD1,0.12397681
2024-04-06 21:40:00,QLD1,0.11698805
2024-04-06 21:45:00,QLD1,0.12233953
2024-04-06 21:50:00,QLD1,0.11619845
2024-04-06 21:55:00,QLD1,0.11727511
2024-04-06 22:00:00,QLD1,0.11575004
2024-04-06 22:05:00,QLD1,0.12974589
2024-04-06 22:10:00,QLD1,0.14562999999999998
2024-04-06 22:15:00,QLD1,0.26439
2024-04-06 22:20:00,QLD1,0.28575
2024-04-06 22:25:00,QLD1,0.28575
2024-04-06 22:30:00,QLD1,0.28575
2024-04-06 22:35:00,QLD1,0.26155
2024-04-06 22:40:00,QLD1,0.28575
2024-04-06 22:45:00,QLD1,0.36055000000000004
2024-04-06 22:50:00,QLD1,0.28575
2024-04-06 22:55:00,QLD1,0.26300999999999997
2024-04-06 23:00:00,QLD1,0.26155
2024-04-06 23:05:00,QLD1,0.28575
2024-04-06 23:10:00,QLD1,0.26155
2024-04-06 23:15:00,QLD1,0.14383
2024-04-06 23:20:00,QLD1,0.26155
2024-04-06 23:25:00,QLD1,0.26155
2024-04-06 23:30:00,QLD1,0.13898
2024-04-06 23:35:00,QLD1,0.13898
2024-04-06 23:40:00,QLD1,0.26155
2024-04-06 23:45:00,QLD1,0.12065076999999999
2024-04-06 23:50:00,QLD1,0.13898
2024-04-06 23:55:00,QLD1,0.1208746
2024-04-07 00:00:00,QLD1,0.10055
2024-04-07 00:05:00,QLD1,0.10287353
2024-04-07 00:10:00,QLD1,0.10127639999999999
2024-04-07 00:15:00,QLD1,0.10208214
2024-04-07 00:20:00,QLD1,0.09101697
2024-04-07 00:25:00,QLD1,0.10055
2024-04-07 00:30:00,QLD1,0.14562999999999998
2024-04-07 00:35:00,QLD1,0.10055
2024-04-07 00:40:00,QLD1,0.10055
2024-04-07 00:45:00,QLD1,0.10055
2024-04-07 00:50:00,QLD1,0.10055
2024-04-07 00:55:00,QLD1,0.10055
2024-04-07 01:00:00,QLD1,0.10055
2024-04-07 01:05:00,QLD1,0.10142176
2024-04-07 01:10:00,QLD1,0.10055
2024-04-07 01:15:00,QLD1,0.10097249
2024-04-07 01:20:00,QLD1,0.10091612999999999
2024-04-07 01:25:00,QLD1,0.10055
2024-04-07 01:30:00,QLD1,0.08624436
2024-04-07 01:35:00,QLD1,0.10055
2024-04-07 01:40:00,QLD1,0.10055
2024-04-07 01:45:00,QLD1,0.19401
2024-04-07 01:50:00,QLD1,0.19401
2024-04-07 01:55:00,QLD1,0.19401
2024-04-07 02:00:00,QLD1,0.26155
2024-04-07 02:05:00,QLD1,0.26300999999999997
2024-04-07 02:10:00,QLD1,0.26300999999999997
2024-04-07 02:15:00,QLD1,0.10132126
2024-04-07 02:20:00,QLD1,0.10055
2024-04-07 02:25:00,QLD1,0.08882267
2024-04-07 02:30:00,QLD1,0.10055
2024-04-07 02:35:00,QLD1,0.09909952
2024-04-07 02:40:00,QLD1,0.09850735000000001
2024-04-07 02:45:00,QLD1,0.09812926
2024-04-07 02:50:00,QLD1,0.08575
2024-04-07 02:55:00,QLD1,0.10055
2024-04-07 03:00:00,QLD1,0.09910893
2024-04-07 03:05:00,QLD1,0.09003319
2024-04-07 03:10:00,QLD1,0.10055
2024-04-07 03:15:00,QLD1,0.10055
2024-04-07 03:20:00,QLD1,0.10522812000000001
2024-04-07 03:25:00,QLD1,0.10055
2024-04-07 03:30:00,QLD1,0.10055
2024-04-07 03:35:00,QLD1,0.10055
2024-04-07 03:40:00,QLD1,0.10055
2024-04-07 03:45:00,QLD1,0.10055
2024-04-07 03:50:00,QLD1,0.10055
2024-04-07 03:55:00,QLD1,0.10055
2024-04-07 04:00:00,QLD1,0.09972304
2024-04-07 04:05:00,QLD1,0.08857649000000001
2024-04-07 04:10:00,QLD1,0.09928153
2024-04-07 04:15:00,QLD1,0.09984559
2024-04-07 04:20:00,QLD1,0.09870316
2024-04-07 04:25:00,QLD1,0.10040013
2024-04-07 04:30:00,QLD1,0.09967713
2024-04-07 04:35:00,QLD1,0.09908232
2024-04-07 04:40:00,QLD1,0.10132191
2024-04-07 04:45:00,QLD1,0.10048313
2024-04-07 04:50:00,QLD1,0.09870362
2024-04-07 04:55:00,QLD1,0.09974989
2024-04-07 05:00:00,QLD1,0.09907284
2024-04-07 05:05:00,QLD1,0.08578739
2024-04-07 05:10:00,QLD1,0.09981040000000001
2024-04-07 05:15:00,QLD1,0.09917010000000001
2024-04-07 05:20:00,QLD1,0.09985333
2024-04-07 05:25:00,QLD1,0.09993693000000001
2024-04-07 05:30:00,QLD1,0.10055
2024-04-07 05:35:00,QLD1,0.10000893999999999
2024-04-07 05:40:00,QLD1,0.10055
2024-04-07 05:45:00,QLD1,0.09994164999999999
2024-04-07 05:50:00,QLD1,0.10055
2024-04-07 05:55:00,QLD1,0.10442224
2024-04-07 06:00:00,QLD1,0.10055
2024-04-07 06:05:00,QLD1,0.08555
2024-04-07 06:10:00,QLD1,0.10055
2024-04-07 06:15:00,QLD1,0.10055
2024-04-07 06:20:00,QLD1,0.10055
2024-04-07 06:25:00,QLD1,0.10055
2024-04-07 06:30:00,QLD1,0.09993598000000001
2024-04-07 06:35:00,QLD1,0.09937202
2024-04-07 06:40:00,QLD1,0.10003021
2024-04-07 06:45:00,QLD1,0.08555
2024-04-07 06:50:00,QLD1,0.10044426
2024-04-07 06:55:00,QLD1,0.10055
2024-04-07 07:00:00,QLD1,0.08555
2024-04-07 07:05:00,QLD1,0.06950419
2024-04-07 07:10:00,QLD1,0.08797539
2024-04-07 07:15:00,QLD1,0.09926367
2024-04-07 07:20:00,QLD1,0.10055004
2024-04-07 07:25:00,QLD1,0.08308573
2024-04-07 07:30:00,QLD1,0.06283566
2024-04-07 07:35:00,QLD1,0.0793146
2024-04-07 07:40:00,QLD1,0.0909093
2024-04-07 07:45:00,QLD1,0.07210379
2024-04-07 07:50:00,QLD1,0.05975
2024-04-07 07:55:00,QLD1,0.05487993
2024-04-07 08:00:00,QLD1,0.05955
2024-04-07 08:05:00,QLD1,0.07882942
2024-04-07 08:10:00,QLD1,0.12191379999999999
2024-04-07 08:15:00,QLD1,0.08810428000000001
2024-04-07 08:20:00,QLD1,0.06689484
2024-04-07 08:25:00,QLD1,0.05955
2024-04-07 08:30:00,QLD1,0.05899
2024-04-07 08:35:00,QLD1,0.02327446
2024-04-07 08:40:00,QLD1,0.038549999999999994
2024-04-07 08:45:00,QLD1,0.03875
2024-04-07 08:50:00,QLD1,0.038549999999999994
2024-04-07 08:55:00,QLD1,0.03875
2024-04-07 09:00:00,QLD1,0.03854997
2024-04-07 09:05:00,QLD1,0.03875
2024-04-07 09:10:00,QLD1,0.043198480000000004
2024-04-07 09:15:00,QLD1,0.038549999999999994
2024-04-07 09:20:00,QLD1,0.038549999999999994
2024-04-07 09:25:00,QLD1,0.03475
2024-04-07 09:30:00,QLD1,0.0494137
2024-04-07 09:35:00,QLD1,0.03875
2024-04-07 09:40:00,QLD1,0.02285852
2024-04-07 09:45:00,QLD1,0.04250889
2024-04-07 09:50:00,QLD1,0.02416202
2024-04-07 09:55:00,QLD1,0.02690554
2024-04-07 10:00:00,QLD1,0.02924992
2024-04-07 10:05:00,QLD1,0.011084479999999999
2024-04-07 10:10:00,QLD1,0.02256526
2024-04-07 10:15:00,QLD1,0.02157
2024-04-07 10:20:00,QLD1,0.00963282
2024-04-07 10:25:00,QLD1,0.0031000299999999997
2024-04-07 10:30:00,QLD1,0.00939323
2024-04-07 10:35:00,QLD1,0.0034886
2024-04-07 10:40:00,QLD1,-0.009963290000000001
2024-04-07 10:45:00,QLD1,0.00937124
2024-04-07 10:50:00,QLD1,0.0
2024-04-07 10:55:00,QLD1,-0.00159082
2024-04-07 11:00:00,QLD1,-0.012981719999999999
2024-04-07 11:05:00,QLD1,1.948e-05
2024-04-07 11:10:00,QLD1,0.0085897
2024-04-07 11:15:00,QLD1,0.00048057
2024-04-07 11:20:00,QLD1,0.008422750000000001
2024-04-07 11:25:00,QLD1,-0.01089992
2024-04-07 11:30:00,QLD1,-0.01915459
2024-04-07 11:35:00,QLD1,-0.020055040000000003
2024-04-07 11:40:00,QLD1,-0.01359922
2024-04-07 11:45:00,QLD1,-0.014081139999999999
2024-04-07 11:50:00,QLD1,-0.013459899999999999
2024-04-07 11:55:00,QLD1,-0.01412186
2024-04-07 12:00:00,QLD1,-0.0205
2024-04-07 12:05:00,QLD1,-0.0205
2024-04-07 12:10:00,QLD1,-0.02151429
2024-04-07 12:15:00,QLD1,-0.0205
2024-04-07 12:20:00,QLD1,-0.02267644
2024-04-07 12:25:00,QLD1,-0.035
2024-04-07 12:30:00,QLD1,-0.010178689999999999
2024-04-07 12:35:00,QLD1,-0.009616310000000001
2024-04-07 12:40:00,QLD1,-0.011409
2024-04-07 12:45:00,QLD1,-0.01162578
2024-04-07 12:50:00,QLD1,-0.0108
2024-04-07 12:55:00,QLD1,4e-08
2024-04-07 13:00:00,QLD1,-0.00999998
2024-04-07 13:05:00,QLD1,2.389e-05
2024-04-07 13:10:00,QLD1,0.026262399999999998
2024-04-07 13:15:00,QLD1,0.02630752
2024-04-07 13:20:00,QLD1,0.026681609999999998
2024-04-07 13:25:00,QLD1,0.02657482
2024-04-07 13:30:00,QLD1,0.026613610000000003
2024-04-07 13:35:00,QLD1,2.601e-05
2024-04-07 13:40:00,QLD1,0.028874289999999997
2024-04-07 13:45:00,QLD1,0.026900069999999998
2024-04-07 13:50:00,QLD1,0.00102463
2024-04-07 13:55:00,QLD1,0.01117068
2024-04-07 14:00:00,QLD1,0.0347
2024-04-07 14:05:00,QLD1,0.02534158
2024-04-07 14:10:00,QLD1,0.02513536
2024-04-07 14:15:00,QLD1,0.03514774
2024-04-07 14:20:00,QLD1,0.038550060000000004
2024-04-07 14:25:00,QLD1,0.038549999999999994
2024-04-07 14:30:00,QLD1,0.038549999999999994
2024-04-07 14:35:00,QLD1,0.02074713
2024-04-07 14:40:00,QLD1,0.03475
2024-04-07 14:45:00,QLD1,0.05775256
2024-04-07 14:50:00,QLD1,0.06501719
2024-04-07 14:55:00,QLD1,0.06273
2024-04-07 15:00:00,QLD1,0.05975
2024-04-07 15:05:00,QLD1,0.04854995
2024-04-07 15:10:00,QLD1,0.04682
2024-04-07 15:15:00,QLD1,0.048549999999999996
2024-04-07 15:20:00,QLD1,0.04875
2024-04-07 15:25:00,QLD1,0.05955
2024-04-07 15:30:00,QLD1,0.08829994000000001
2024-04-07 15:35:00,QLD1,0.04069457
2024-04-07 15:40:00,QLD1,0.04094785
2024-04-07 15:45:00,QLD1,0.04875
2024-04-07 15:50:00,QLD1,0.05955
2024-04-07 15:55:00,QLD1,0.05955
2024-04-07 16:00:00,QLD1,0.08555
2024-04-07 16:05:00,QLD1,0.06499049999999999
2024-04-07 16:10:00,QLD1,0.05975
2024-04-07 16:15:00,QLD1,0.06639121
2024-04-07 16:20:00,QLD1,0.05975
2024-04-07 16:25:00,QLD1,0.05975
2024-04-07 16:30:00,QLD1,0.08555
2024-04-07 16:35:00,QLD1,0.14016586
2024-04-07 16:40:00,QLD1,0.13897
2024-04-07 16:45:00,QLD1,0.15048143
2024-04-07 16:50:00,QLD1,0.13897
2024-04-07 16:55:00,QLD1,0.15186217
2024-04-07 17:00:00,QLD1,0.1551291
2024-04-07 17:05:00,QLD1,0.13697972
2024-04-07 17:10:00,QLD1,0.11785807
2024-04-07 17:15:00,QLD1,0.13898
2024-04-07 17:20:00,QLD1,0.26300999999999997
2024-04-07 17:25:00,QLD1,0.28575
2024-04-07 17:30:00,QLD1,0.28575
2024-04-07 17:35:00,QLD1,0.26155
2024-04-07 17:40:00,QLD1,0.26155
2024-04-07 17:45:00,QLD1,0.28575
2024-04-07 17:50:00,QLD1,0.26155
2024-04-07 17:55:00,QLD1,0.26155
2024-04-07 18:00:00,QLD1,0.28575
2024-04-07 18:05:00,QLD1,0.28575
2024-04-07 18:10:00,QLD1,0.29638
2024-04-07 18:15:00,QLD1,0.29638
2024-04-07 18:20:00,QLD1,0.29031
2024-04-07 18:25:00,QLD1,0.29031
2024-04-07 18:30:00,QLD1,0.29031
2024-04-07 18:35:00,QLD1,0.28575
2024-04-07 18:40:00,QLD1,0.26155
2024-04-07 18:45:00,QLD1,0.20658187
2024-04-07 18:50:00,QLD1,0.18263
2024-04-07 18:55:00,QLD1,0.18263
2024-04-07 19:00:00,QLD1,0.14461000000000002
2024-04-07 19:05:00,QLD1,0.26155
2024-04-07 19:10:00,QLD1,0.26155
2024-04-07 19:15:00,QLD1,0.14461000000000002
2024-04-07 19:20:00,QLD1,0.13899
2024-04-07 19:25:00,QLD1,0.13897
2024-04-07 19:30:00,QLD1,0.13670061
2024-04-07 19:35:00,QLD1,0.11575004
2024-04-07 19:40:00,QLD1,0.10413296
2024-04-07 19:45:00,QLD1,0.10349944000000001
2024-04-07 19:50:00,QLD1,0.11575004
2024-04-07 19:55:00,QLD1,0.11575004
2024-04-07 20:00:00,QLD1,0.11575004
2024-04-07 20:05:00,QLD1,0.13434641
2024-04-07 20:10:00,QLD1,0.13596049
2024-04-07 20:15:00,QLD1,0.11568062
2024-04-07 20:20:00,QLD1,0.11575004
2024-04-07 20:25:00,QLD1,0.11104105
2024-04-07 20:30:00,QLD1,0.12051075
2024-04-07 20:35:00,QLD1,0.10819457
2024-04-07 20:40:00,QLD1,0.10103485999999999
2024-04-07 20:45:00,QLD1,0.09932004000000001
2024-04-07 20:50:00,QLD1,0.10143012
2024-04-07 20:55:00,QLD1,0.10204679
2024-04-07 21:00:00,QLD1,0.10139817999999999
2024-04-07 21:05:00,QLD1,0.15817662000000002
2024-04-07 21:10:00,QLD1,0.15597398
2024-04-07 21:15:00,QLD1,0.13415073000000002
2024-04-07 21:20:00,QLD1,0.15465708
2024-04-07 21:25:00,QLD1,0.11575004
2024-04-07 21:30:00,QLD1,0.12045149000000001
2024-04-07 21:35:00,QLD1,0.13269003000000001
2024-04-07 21:40:00,QLD1,0.13461327
2024-04-07 21:45:00,QLD1,0.13409516999999999
2024-04-07 21:50:00,QLD1,0.13571629999999998
2024-04-07 21:55:00,QLD1,0.12964416
2024-04-07 22:00:00,QLD1,0.09989
2024-04-07 22:05:00,QLD1,0.14524024
2024-04-07 22:10:00,QLD1,0.15347999999999998
2024-04-07 22:15:00,QLD1,0.28575
2024-04-07 22:20:00,QLD1,0.28575
2024-04-07 22:25:00,QLD1,0.28575
2024-04-07 22:30:00,QLD1,0.13260518999999998
2024-04-07 22:35:00,QLD1,0.13517126
2024-04-07 22:40:00,QLD1,0.15391383
2024-04-07 22:45:00,QLD1,0.1452
2024-04-07 22:50:00,QLD1,0.15671441
2024-04-07 22:55:00,QLD1,0.14461000000000002
2024-04-07 23:00:00,QLD1,0.1452
2024-04-07 23:05:00,QLD1,0.1379621
2024-04-07 23:10:00,QLD1,0.15428526
2024-04-07 23:15:00,QLD1,0.15511103
2024-04-07 23:20:00,QLD1,0.26155
2024-04-07 23:25:00,QLD1,0.19030000000000002
2024-04-07 23:30:00,QLD1,0.12208337
2024-04-07 23:35:00,QLD1,0.13339989
2024-04-07 23:40:00,QLD1,0.13898
2024-04-07 23:45:00,QLD1,0.13898
2024-04-07 23:50:00,QLD1,0.10849289000000001
2024-04-07 23:55:00,QLD1,0.13056782
2024-04-08 00:00:00,QLD1,0.14152351999999999
2024-04-08 00:05:00,QLD1,0.10877579
2024-04-08 00:10:00,QLD1,0.12532399
2024-04-08 00:15:00,QLD1,0.12864908
2024-04-08 00:20:00,QLD1,0.09931999999999999
2024-04-08 00:25:00,QLD1,0.10055
2024-04-08 00:30:00,QLD1,0.10492874
2024-04-08 00:35:00,QLD1,0.12279106000000001
2024-04-08 00:40:00,QLD1,0.12328042
2024-04-08 00:45:00,QLD1,0.1242159
2024-04-08 00:50:00,QLD1,0.10055
2024-04-08 00:55:00,QLD1,0.12335558
2024-04-08 01:00:00,QLD1,0.10055
2024-04-08 01:05:00,QLD1,0.12640829
2024-04-08 01:10:00,QLD1,0.1255408
2024-04-08 01:15:00,QLD1,0.12986545000000002
2024-04-08 01:20:00,QLD1,0.10094417
2024-04-08 01:25:00,QLD1,0.10667305
2024-04-08 01:30:00,QLD1,0.10471014
2024-04-08 01:35:00,QLD1,0.09569485
2024-04-08 01:40:00,QLD1,0.10055
2024-04-08 01:45:00,QLD1,0.10055
2024-04-08 01:50:00,QLD1,0.09567331
2024-04-08 01:55:00,QLD1,0.08575
2024-04-08 02:00:00,QLD1,0.09559699999999999
2024-04-08 02:05:00,QLD1,0.08575
2024-04-08 02:10:00,QLD1,0.10055
2024-04-08 02:15:00,QLD1,0.09564109999999999
2024-04-08 02:20:00,QLD1,0.09679446
2024-04-08 02:25:00,QLD1,0.08575
2024-04-08 02:30:00,QLD1,0.09639895
2024-04-08 02:35:00,QLD1,0.08924172
2024-04-08 02:40:00,QLD1,0.08575
2024-04-08 02:45:00,QLD1,0.08575
2024-04-08 02:50:00,QLD1,0.09765776
2024-04-08 02:55:00,QLD1,0.09504868999999999
2024-04-08 03:00:00,QLD1,0.09399373
2024-04-08 03:05:00,QLD1,0.09406779
2024-04-08 03:10:00,QLD1,0.09777682
2024-04-08 03:15:00,QLD1,0.09476313
2024-04-08 03:20:00,QLD1,0.09414011000000001
2024-04-08 03:25:00,QLD1,0.08575
2024-04-08 03:30:00,QLD1,0.09318291000000001
2024-04-08 03:35:00,QLD1,0.09466404
2024-04-08 03:40:00,QLD1,0.09465388
2024-04-08 03:45:00,QLD1,0.09509303
2024-04-08 03:50:00,QLD1,0.09888704
2024-04-08 03:55:00,QLD1,0.09471046
2024-04-08 04:00:00,QLD1,0.09586162000000001
2024-04-08 04:05:00,QLD1,0.09378795
2024-04-08 04:10:00,QLD1,0.09545774
2024-04-08 04:15:00,QLD1,0.09603017
2024-04-08 04:20:00,QLD1,0.09931999999999999
2024-04-08 04:25:00,QLD1,0.10055
2024-04-08 04:30:00,QLD1,0.09733604
2024-04-08 04:35:00,QLD1,0.09513356
2024-04-08 04:40:00,QLD1,0.09671844
2024-04-08 04:45:00,QLD1,0.10055
2024-04-08 04:50:00,QLD1,0.10055
2024-04-08 04:55:00,QLD1,0.09751628999999999
2024-04-08 05:00:00,QLD1,0.10055
2024-04-08 05:05:00,QLD1,0.10055
2024-04-08 05:10:00,QLD1,0.12691082
2024-04-08 05:15:00,QLD1,0.1452
2024-04-08 05:20:00,QLD1,0.13274293
2024-04-08 05:25:00,QLD1,0.13132966999999998
2024-04-08 05:30:00,QLD1,0.13155455
2024-04-08 05:35:00,QLD1,0.10356851
2024-04-08 05:40:00,QLD1,0.12782858
2024-04-08 05:45:00,QLD1,0.12976668
2024-04-08 05:50:00,QLD1,0.12794353
2024-04-08 05:55:00,QLD1,0.13874875
2024-04-08 06:00:00,QLD1,0.13733863
2024-04-08 06:05:00,QLD1,0.12718953
2024-04-08 06:10:00,QLD1,0.17665289
2024-04-08 06:15:00,QLD1,0.26155
2024-04-08 06:20:00,QLD1,0.19157666
2024-04-08 06:25:00,QLD1,0.19646598
2024-04-08 06:30:00,QLD1,0.19401
2024-04-08 06:35:00,QLD1,0.26155
2024-04-08 06:40:00,QLD1,0.18322999999999998
2024-04-08 06:45:00,QLD1,0.16399448
2024-04-08 06:50:00,QLD1,0.16056086
2024-04-08 06:55:00,QLD1,0.15772985
2024-04-08 07:00:00,QLD1,0.10395274
2024-04-08 07:05:00,QLD1,0.0861
2024-04-08 07:10:00,QLD1,0.08404994
2024-04-08 07:15:00,QLD1,0.08687729
2024-04-08 07:20:00,QLD1,0.08555
2024-04-08 07:25:00,QLD1,0.06115553
2024-04-08 07:30:00,QLD1,0.07390552
2024-04-08 07:35:00,QLD1,0.09123927999999999
2024-04-08 07:40:00,QLD1,0.06372
2024-04-08 07:45:00,QLD1,0.06409749
2024-04-08 07:50:00,QLD1,0.05975
2024-04-08 07:55:00,QLD1,0.05975
2024-04-08 08:00:00,QLD1,0.06168985
2024-04-08 08:05:00,QLD1,0.05955
2024-04-08 08:10:00,QLD1,0.05955
2024-04-08 08:15:00,QLD1,0.05975
2024-04-08 08:20:00,QLD1,0.05335628
2024-04-08 08:25:00,QLD1,0.05734272
2024-04-08 08:30:00,QLD1,0.048549999999999996
2024-04-08 08:35:00,QLD1,0.04948619
2024-04-08 08:40:00,QLD1,0.05143347
2024-04-08 08:45:00,QLD1,0.04875
2024-04-08 08:50:00,QLD1,0.04875
2024-04-08 08:55:00,QLD1,0.04374264
2024-04-08 09:00:00,QLD1,0.04875
2024-04-08 09:05:00,QLD1,0.04875
2024-04-08 09:10:00,QLD1,0.04854005
2024-04-08 09:15:00,QLD1,0.038549999999999994
2024-04-08 09:20:00,QLD1,0.03875
2024-04-08 09:25:00,QLD1,0.03875
2024-04-08 09:30:00,QLD1,0.01848504
2024-04-08 09:35:00,QLD1,0.00883432
2024-04-08 09:40:00,QLD1,0.00848541
2024-04-08 09:45:00,QLD1,0.03288044
2024-04-08 09:50:00,QLD1,0.00851439
2024-04-08 09:55:00,QLD1,1.873e-05
2024-04-08 10:00:00,QLD1,0.008770239999999999
2024-04-08 10:05:00,QLD1,-0.00822347
2024-04-08 10:10:00,QLD1,0.03475
2024-04-08 10:15:00,QLD1,0.00912045
2024-04-08 10:20:00,QLD1,0.01967
2024-04-08 10:25:00,QLD1,0.034750039999999996
2024-04-08 10:30:00,QLD1,0.03475
2024-04-08 10:35:00,QLD1,0.0
2024-04-08 10:40:00,QLD1,-0.01019849
2024-04-08 10:45:00,QLD1,-0.0195
2024-04-08 10:50:00,QLD1,0.034749920000000004
2024-04-08 10:55:00,QLD1,0.040575110000000005
2024-04-08 11:00:00,QLD1,0.035358980000000005
2024-04-08 11:05:00,QLD1,0.00572591
2024-04-08 11:10:00,QLD1,0.00170228
2024-04-08 11:15:00,QLD1,0.030899999999999997
2024-04-08 11:20:00,QLD1,0.03475
2024-04-08 11:25:00,QLD1,0.01018732
2024-04-08 11:30:00,QLD1,0.038549999999999994
2024-04-08 11:35:00,QLD1,0.039478070000000004
2024-04-08 11:40:00,QLD1,0.036085990000000005
2024-04-08 11:45:00,QLD1,0.038549999999999994
2024-04-08 11:50:00,QLD1,0.03875
2024-04-08 11:55:00,QLD1,0.03125752
2024-04-08 12:00:00,QLD1,0.02821062
2024-04-08 12:05:00,QLD1,-0.0105
2024-04-08 12:10:00,QLD1,0.03344321
2024-04-08 12:15:00,QLD1,0.034750039999999996
2024-04-08 12:20:00,QLD1,0.04627021
2024-04-08 12:25:00,QLD1,0.03875
2024-04-08 12:30:00,QLD1,0.05181286
2024-04-08 12:35:00,QLD1,0.05320546
2024-04-08 12:40:00,QLD1,-0.0108
2024-04-08 12:45:00,QLD1,0.05293072
2024-04-08 12:50:00,QLD1,0.05201709
2024-04-08 12:55:00,QLD1,0.04847262
2024-04-08 13:00:00,QLD1,0.048381459999999994
2024-04-08 13:05:00,QLD1,0.05184006
2024-04-08 13:10:00,QLD1,0.05955
2024-04-08 13:15:00,QLD1,0.05409787
2024-04-08 13:20:00,QLD1,0.05132443
2024-04-08 13:25:00,QLD1,0.052751530000000005
2024-04-08 13:30:00,QLD1,0.07356085
2024-04-08 13:35:00,QLD1,0.086
2024-04-08 13:40:00,QLD1,0.07406055
2024-04-08 13:45:00,QLD1,0.07486442
2024-04-08 13:50:00,QLD1,0.07603576
2024-04-08 13:55:00,QLD1,0.07449646
2024-04-08 14:00:00,QLD1,0.08267913
2024-04-08 14:05:00,QLD1,0.07626873
2024-04-08 14:10:00,QLD1,0.07573431
2024-04-08 14:15:00,QLD1,0.08575001
2024-04-08 14:20:00,QLD1,0.07610774000000001
2024-04-08 14:25:00,QLD1,0.06640934
2024-04-08 14:30:00,QLD1,0.08285872000000001
2024-04-08 14:35:00,QLD1,0.08575001
2024-04-08 14:40:00,QLD1,0.08555002
2024-04-08 14:45:00,QLD1,0.12771278
2024-04-08 14:50:00,QLD1,0.1114681
2024-04-08 14:55:00,QLD1,0.14462457
2024-04-08 15:00:00,QLD1,0.14655298
2024-04-08 15:05:00,QLD1,0.09537820000000001
2024-04-08 15:10:00,QLD1,0.08133187
2024-04-08 15:15:00,QLD1,0.09130901
2024-04-08 15:20:00,QLD1,0.08575001
2024-04-08 15:25:00,QLD1,0.06273
2024-04-08 15:30:00,QLD1,0.06791601
2024-04-08 15:35:00,QLD1,0.05955002
2024-04-08 15:40:00,QLD1,0.06832358999999999
2024-04-08 15:45:00,QLD1,0.04875
2024-04-08 15:50:00,QLD1,0.05955002
2024-04-08 15:55:00,QLD1,0.06715199
2024-04-08 16:00:00,QLD1,0.07456746
2024-04-08 16:05:00,QLD1,0.08555002
2024-04-08 16:10:00,QLD1,0.09336776999999999
2024-04-08 16:15:00,QLD1,0.09893607
2024-04-08 16:20:00,QLD1,0.11699068
2024-04-08 16:25:00,QLD1,0.15359226
2024-04-08 16:30:00,QLD1,0.22398457
2024-04-08 16:35:00,QLD1,0.09906213
2024-04-08 16:40:00,QLD1,0.08555001
2024-04-08 16:45:00,QLD1,0.12522943
2024-04-08 16:50:00,QLD1,0.23875569
2024-04-08 16:55:00,QLD1,0.26155001
2024-04-08 17:00:00,QLD1,0.26100999999999996
2024-04-08 17:05:00,QLD1,0.13897
2024-04-08 17:10:00,QLD1,0.13897
2024-04-08 17:15:00,QLD1,0.14531461999999998
2024-04-08 17:20:00,QLD1,0.15409689000000001
2024-04-08 17:25:00,QLD1,0.26100999999999996
2024-04-08 17:30:00,QLD1,0.33272418
2024-04-08 17:35:00,QLD1,0.15449798
2024-04-08 17:40:00,QLD1,0.19401
2024-04-08 17:45:00,QLD1,0.26100999999999996
2024-04-08 17:50:00,QLD1,0.25597356
2024-04-08 17:55:00,QLD1,0.19401
2024-04-08 18:00:00,QLD1,0.19074000000000002
2024-04-08 18:05:00,QLD1,0.28575
2024-04-08 18:10:00,QLD1,0.17283591
2024-04-08 18:15:00,QLD1,0.15194796
2024-04-08 18:20:00,QLD1,0.1551804
2024-04-08 18:25:00,QLD1,0.15305654000000002
2024-04-08 18:30:00,QLD1,0.13899
2024-04-08 18:35:00,QLD1,0.14156804
2024-04-08 18:40:00,QLD1,0.15305383
2024-04-08 18:45:00,QLD1,0.13396666999999998
2024-04-08 18:50:00,QLD1,0.13675896
2024-04-08 18:55:00,QLD1,0.13380777
2024-04-08 19:00:00,QLD1,0.12416424999999999
2024-04-08 19:05:00,QLD1,0.13515588
2024-04-08 19:10:00,QLD1,0.11534712
2024-04-08 19:15:00,QLD1,0.09931999999999999
2024-04-08 19:20:00,QLD1,0.10240937
2024-04-08 19:25:00,QLD1,0.09931999999999999
2024-04-08 19:30:00,QLD1,0.08900099
2024-04-08 19:35:00,QLD1,0.09946437
2024-04-08 19:40:00,QLD1,0.09948008
2024-04-08 19:45:00,QLD1,0.09931999999999999
2024-04-08 19:50:00,QLD1,0.07687003
2024-04-08 19:55:00,QLD1,0.07401142
2024-04-08 20:00:00,QLD1,0.07382617000000001
2024-04-08 20:05:00,QLD1,0.10097745000000001
2024-04-08 20:10:00,QLD1,0.10148643
2024-04-08 20:15:00,QLD1,0.09601000000000001
2024-04-08 20:20:00,QLD1,0.08719628
2024-04-08 20:25:00,QLD1,0.08555001
2024-04-08 20:30:00,QLD1,0.09868911
2024-04-08 20:35:00,QLD1,0.09931999999999999
2024-04-08 20:40:00,QLD1,0.09602119999999999
2024-04-08 20:45:00,QLD1,0.09931999999999999
2024-04-08 20:50:00,QLD1,0.09601000000000001
2024-04-08 20:55:00,QLD1,0.09931999999999999
2024-04-08 21:00:00,QLD1,0.0947502
2024-04-08 21:05:00,QLD1,0.10708556
2024-04-08 21:10:00,QLD1,0.10692372
2024-04-08 21:15:00,QLD1,0.10753288000000001
2024-04-08 21:20:00,QLD1,0.10595647
2024-04-08 21:25:00,QLD1,0.10195377
2024-04-08 21:30:00,QLD1,0.09959983
2024-04-08 21:35:00,QLD1,0.10639685
2024-04-08 21:40:00,QLD1,0.10695116
2024-04-08 21:45:00,QLD1,0.09968755
2024-04-08 21:50:00,QLD1,0.09280749
2024-04-08 21:55:00,QLD1,0.10667884999999999
2024-04-08 22:00:00,QLD1,0.09931999999999999
2024-04-08 22:05:00,QLD1,0.08412654
2024-04-08 22:10:00,QLD1,0.10801544
2024-04-08 22:15:00,QLD1,0.10788855
2024-04-08 22:20:00,QLD1,0.10706268
2024-04-08 22:25:00,QLD1,0.1039181
2024-04-08 22:30:00,QLD1,0.10055002
2024-04-08 22:35:00,QLD1,0.17269958
2024-04-08 22:40:00,QLD1,0.10866961
2024-04-08 22:45:00,QLD1,0.1088484
2024-04-08 22:50:00,QLD1,0.19401
2024-04-08 22:55:00,QLD1,0.10055002
2024-04-08 23:00:00,QLD1,0.10580144
2024-04-08 23:05:00,QLD1,0.09931999999999999
2024-04-08 23:10:00,QLD1,0.10513397999999999
2024-04-08 23:15:00,QLD1,0.10644365
2024-04-08 23:20:00,QLD1,0.09151592
2024-04-08 23:25:00,QLD1,0.09931999999999999
2024-04-08 23:30:00,QLD1,0.09154237000000001
2024-04-08 23:35:00,QLD1,0.10055002
2024-04-08 23:40:00,QLD1,0.10055976
2024-04-08 23:45:00,QLD1,0.07970882
2024-04-08 23:50:00,QLD1,0.08081851000000001
2024-04-08 23:55:00,QLD1,0.07753781
2024-04-09 00:00:00,QLD1,0.07823918
2024-04-09 00:05:00,QLD1,0.06516158
2024-04-09 00:10:00,QLD1,0.06725803000000001
2024-04-09 00:15:00,QLD1,0.06726898
2024-04-09 00:20:00,QLD1,0.06716427
2024-04-09 00:25:00,QLD1,0.06569670999999999
2024-04-09 00:30:00,QLD1,0.064
2024-04-09 00:35:00,QLD1,0.07978287
2024-04-09 00:40:00,QLD1,0.06697671
2024-04-09 00:45:00,QLD1,0.08106058000000001
2024-04-09 00:50:00,QLD1,0.08049571
2024-04-09 00:55:00,QLD1,0.06857977999999999
2024-04-09 01:00:00,QLD1,0.06624371999999999
2024-04-09 01:05:00,QLD1,0.07735178000000001
2024-04-09 01:10:00,QLD1,0.07927083
2024-04-09 01:15:00,QLD1,0.07927187999999999
2024-04-09 01:20:00,QLD1,0.08028012
2024-04-09 01:25:00,QLD1,0.06838299
2024-04-09 01:30:00,QLD1,0.06987132
2024-04-09 01:35:00,QLD1,0.06905347
2024-04-09 01:40:00,QLD1,0.08575002000000001
2024-04-09 01:45:00,QLD1,0.08111507
2024-04-09 01:50:00,QLD1,0.07999903
2024-04-09 01:55:00,QLD1,0.08555002
2024-04-09 02:00:00,QLD1,0.06824186
2024-04-09 02:05:00,QLD1,0.08575002000000001
2024-04-09 02:10:00,QLD1,0.08555002
2024-04-09 02:15:00,QLD1,0.08555002
2024-04-09 02:20:00,QLD1,0.06273
2024-04-09 02:25:00,QLD1,0.08042998
2024-04-09 02:30:00,QLD1,0.06273
2024-04-09 02:35:00,QLD1,0.06273
2024-04-09 02:40:00,QLD1,0.07870252999999999
2024-04-09 02:45:00,QLD1,0.06273
2024-04-09 02:50:00,QLD1,0.06273
2024-04-09 02:55:00,QLD1,0.06273
2024-04-09 03:00:00,QLD1,0.06273
2024-04-09 03:05:00,QLD1,0.06273
2024-04-09 03:10:00,QLD1,0.07812377
2024-04-09 03:15:00,QLD1,0.08555002
2024-04-09 03:20:00,QLD1,0.06273
2024-04-09 03:25:00,QLD1,0.06273
2024-04-09 03:30:00,QLD1,0.08555002
2024-04-09 03:35:00,QLD1,0.08555
2024-04-09 03:40:00,QLD1,0.06273
2024-04-09 03:45:00,QLD1,0.05975
2024-04-09 03:50:00,QLD1,0.06273
2024-04-09 03:55:00,QLD1,0.06273
2024-04-09 04:00:00,QLD1,0.06273
2024-04-09 04:05:00,QLD1,0.06273004
2024-04-09 04:10:00,QLD1,0.06659163
2024-04-09 04:15:00,QLD1,0.06273004
2024-04-09 04:20:00,QLD1,0.065474
2024-04-09 04:25:00,QLD1,0.08555002
2024-04-09 04:30:00,QLD1,0.06273004
2024-04-09 04:35:00,QLD1,0.06273004
2024-04-09 04:40:00,QLD1,0.06273004
2024-04-09 04:45:00,QLD1,0.05980304
2024-04-09 04:50:00,QLD1,0.06273004
2024-04-09 04:55:00,QLD1,0.06273004
2024-04-09 05:00:00,QLD1,0.06559014
2024-04-09 05:05:00,QLD1,0.06124014
2024-04-09 05:10:00,QLD1,0.06358983
2024-04-09 05:15:00,QLD1,0.06748495
2024-04-09 05:20:00,QLD1,0.06962528
2024-04-09 05:25:00,QLD1,0.08555002
2024-04-09 05:30:00,QLD1,0.08365697
2024-04-09 05:35:00,QLD1,0.0630266
2024-04-09 05:40:00,QLD1,0.06263867
2024-04-09 05:45:00,QLD1,0.06883269
2024-04-09 05:50:00,QLD1,0.06924082
2024-04-09 05:55:00,QLD1,0.06836881
2024-04-09 06:00:00,QLD1,0.08575002000000001
2024-04-09 06:05:00,QLD1,0.06944591
2024-04-09 06:10:00,QLD1,0.09800750999999999
2024-04-09 06:15:00,QLD1,0.10055002
2024-04-09 06:20:00,QLD1,0.09931999999999999
2024-04-09 06:25:00,QLD1,0.10055002
2024-04-09 06:30:00,QLD1,0.10585101
2024-04-09 06:35:00,QLD1,0.10055002
2024-04-09 06:40:00,QLD1,0.09931999999999999
2024-04-09 06:45:00,QLD1,0.10519512
2024-04-09 06:50:00,QLD1,0.10055002
2024-04-09 06:55:00,QLD1,0.11169368
2024-04-09 07:00:00,QLD1,0.09931999999999999
2024-04-09 07:05:00,QLD1,0.10055002
2024-04-09 07:10:00,QLD1,0.08554998000000001
2024-04-09 07:15:00,QLD1,0.07975726
2024-04-09 07:20:00,QLD1,0.05981372
2024-04-09 07:25:00,QLD1,0.05955002
2024-04-09 07:30:00,QLD1,0.06596992
2024-04-09 07:35:00,QLD1,0.04875002
2024-04-09 07:40:00,QLD1,0.05060879
2024-04-09 07:45:00,QLD1,0.052748939999999994
2024-04-09 07:50:00,QLD1,0.04875002
2024-04-09 07:55:00,QLD1,0.04875002
2024-04-09 08:00:00,QLD1,0.02710462
2024-04-09 08:05:00,QLD1,0.04875002
2024-04-09 08:10:00,QLD1,0.06521711999999999
2024-04-09 08:15:00,QLD1,0.05379915
2024-04-09 08:20:00,QLD1,0.05631974
2024-04-09 08:25:00,QLD1,0.05752164
2024-04-09 08:30:00,QLD1,0.057843530000000004
2024-04-09 08:35:00,QLD1,0.048550020000000006
2024-04-09 08:40:00,QLD1,0.04688402
2024-04-09 08:45:00,QLD1,0.05556689
2024-04-09 08:50:00,QLD1,0.05622427
2024-04-09 08:55:00,QLD1,0.059750010000000006
2024-04-09 09:00:00,QLD1,0.07607802
2024-04-09 09:05:00,QLD1,0.009224270000000001
2024-04-09 09:10:00,QLD1,0.02213071
2024-04-09 09:15:00,QLD1,0.038750019999999996
2024-04-09 09:20:00,QLD1,0.048550020000000006
2024-04-09 09:25:00,QLD1,0.038750019999999996
2024-04-09 09:30:00,QLD1,0.03855003
2024-04-09 09:35:00,QLD1,0.0
2024-04-09 09:40:00,QLD1,0.00981463
2024-04-09 09:45:00,QLD1,-0.0105
2024-04-09 09:50:00,QLD1,-0.0108
2024-04-09 09:55:00,QLD1,-0.0108
2024-04-09 10:00:00,QLD1,-0.0205
2024-04-09 10:05:00,QLD1,-0.009999969999999999
2024-04-09 10:10:00,QLD1,0.009243449999999999
2024-04-09 10:15:00,QLD1,-0.0105
2024-04-09 10:20:00,QLD1,-0.0205
2024-04-09 10:25:00,QLD1,-0.01118035
2024-04-09 10:30:00,QLD1,-0.0108
2024-04-09 10:35:00,QLD1,-0.0157032
2024-04-09 10:40:00,QLD1,-0.0205
2024-04-09 10:45:00,QLD1,-0.035
2024-04-09 10:50:00,QLD1,-0.0108
2024-04-09 10:55:00,QLD1,-0.033737859999999995
2024-04-09 11:00:00,QLD1,-0.03599157
2024-04-09 11:05:00,QLD1,-0.03657
2024-04-09 11:10:00,QLD1,-0.0254
2024-04-09 11:15:00,QLD1,-0.031648050000000004
2024-04-09 11:20:00,QLD1,-0.0416
2024-04-09 11:25:00,QLD1,-0.04019865
2024-04-09 11:30:00,QLD1,-0.03175129
2024-04-09 11:35:00,QLD1,-0.0205
2024-04-09 11:40:00,QLD1,-0.0205
2024-04-09 11:45:00,QLD1,-0.0205
2024-04-09 11:50:00,QLD1,-0.0205
2024-04-09 11:55:00,QLD1,-0.01480349
2024-04-09 12:00:00,QLD1,-0.005
2024-04-09 12:05:00,QLD1,-0.0104
2024-04-09 12:10:00,QLD1,2.0969999999999997e-05
2024-04-09 12:15:00,QLD1,0.02157
2024-04-09 12:20:00,QLD1,0.015376540000000001
2024-04-09 12:25:00,QLD1,-0.0205
2024-04-09 12:30:00,QLD1,-0.0205
2024-04-09 12:35:00,QLD1,-0.0205
2024-04-09 12:40:00,QLD1,0.02079585
2024-04-09 12:45:00,QLD1,0.024415009999999997
2024-04-09 12:50:00,QLD1,0.04917002
2024-04-09 12:55:00,QLD1,0.13475973
2024-04-09 13:00:00,QLD1,0.12466787
2024-04-09 13:05:00,QLD1,0.061729860000000004
2024-04-09 13:10:00,QLD1,0.09735348
2024-04-09 13:15:00,QLD1,0.0010003100000000001
2024-04-09 13:20:00,QLD1,-0.0205
2024-04-09 13:25:00,QLD1,-0.0205
2024-04-09 13:30:00,QLD1,0.02961
2024-04-09 13:35:00,QLD1,0.03475003
2024-04-09 13:40:00,QLD1,0.02961
2024-04-09 13:45:00,QLD1,0.00097851
2024-04-09 13:50:00,QLD1,0.060330669999999996
2024-04-09 13:55:00,QLD1,0.054721179999999994
2024-04-09 14:00:00,QLD1,0.05440625
2024-04-09 14:05:00,QLD1,0.020984089999999997
2024-04-09 14:10:00,QLD1,0.00510155
2024-04-09 14:15:00,QLD1,0.03257003
2024-04-09 14:20:00,QLD1,0.0106428
2024-04-09 14:25:00,QLD1,0.014816560000000001
2024-04-09 14:30:00,QLD1,0.02961
2024-04-09 14:35:00,QLD1,0.03855003
2024-04-09 14:40:00,QLD1,0.03475006
2024-04-09 14:45:00,QLD1,0.026699860000000002
2024-04-09 14:50:00,QLD1,0.03901868
2024-04-09 14:55:00,QLD1,0.061859769999999994
2024-04-09 15:00:00,QLD1,0.07050001
2024-04-09 15:05:00,QLD1,0.048550020000000006
2024-04-09 15:10:00,QLD1,0.038750019999999996
2024-04-09 15:15:00,QLD1,0.048550020000000006
2024-04-09 15:20:00,QLD1,0.13748223999999998
2024-04-09 15:25:00,QLD1,0.0643308
2024-04-09 15:30:00,QLD1,0.07669074000000001
2024-04-09 15:35:00,QLD1,0.03875001
2024-04-09 15:40:00,QLD1,0.055557789999999996
2024-04-09 15:45:00,QLD1,0.05955002
2024-04-09 15:50:00,QLD1,0.12082763
2024-04-09 15:55:00,QLD1,0.06061761
2024-04-09 16:00:00,QLD1,0.13306207
2024-04-09 16:05:00,QLD1,0.06273004
2024-04-09 16:10:00,QLD1,0.05955002
2024-04-09 16:15:00,QLD1,0.06120804
2024-04-09 16:20:00,QLD1,0.07601767
2024-04-09 16:25:00,QLD1,0.10336321999999999
2024-04-09 16:30:00,QLD1,0.19552198
2024-04-09 16:35:00,QLD1,0.16870063999999999
2024-04-09 16:40:00,QLD1,0.08555002
2024-04-09 16:45:00,QLD1,0.07501395999999999
2024-04-09 16:50:00,QLD1,0.13336922
2024-04-09 16:55:00,QLD1,0.14029524000000002
2024-04-09 17:00:00,QLD1,0.14054372
2024-04-09 17:05:00,QLD1,0.09155034000000001
2024-04-09 17:10:00,QLD1,0.10406270999999999
2024-04-09 17:15:00,QLD1,0.11284452
2024-04-09 17:20:00,QLD1,0.20055745
2024-04-09 17:25:00,QLD1,0.31534801
2024-04-09 17:30:00,QLD1,0.26300999999999997
2024-04-09 17:35:00,QLD1,0.14948381
2024-04-09 17:40:00,QLD1,0.14918287
2024-04-09 17:45:00,QLD1,0.15275618
2024-04-09 17:50:00,QLD1,0.15184894
2024-04-09 17:55:00,QLD1,0.15189091
2024-04-09 18:00:00,QLD1,0.26155
2024-04-09 18:05:00,QLD1,0.13899
2024-04-09 18:10:00,QLD1,0.13899
2024-04-09 18:15:00,QLD1,0.14998671
2024-04-09 18:20:00,QLD1,0.1734729
2024-04-09 18:25:00,QLD1,0.15099135000000002
2024-04-09 18:30:00,QLD1,0.19401
2024-04-09 18:35:00,QLD1,0.14886106000000002
2024-04-09 18:40:00,QLD1,0.14975436
2024-04-09 18:45:00,QLD1,0.14973759
2024-04-09 18:50:00,QLD1,0.14775504
2024-04-09 18:55:00,QLD1,0.14478284
2024-04-09 19:00:00,QLD1,0.14670455000000002
2024-04-09 19:05:00,QLD1,0.14669183000000002
2024-04-09 19:10:00,QLD1,0.13898
2024-04-09 19:15:00,QLD1,0.13898
2024-04-09 19:20:00,QLD1,0.13899
2024-04-09 19:25:00,QLD1,0.11261099
2024-04-09 19:30:00,QLD1,0.10849011
2024-04-09 19:35:00,QLD1,0.11238903
2024-04-09 19:40:00,QLD1,0.10712511000000001
2024-04-09 19:45:00,QLD1,0.10425626
2024-04-09 19:50:00,QLD1,0.10473813
2024-04-09 19:55:00,QLD1,0.13537867
2024-04-09 20:00:00,QLD1,0.10468437
2024-04-09 20:05:00,QLD1,0.11575
2024-04-09 20:10:00,QLD1,0.10190225
2024-04-09 20:15:00,QLD1,0.10409309
2024-04-09 20:20:00,QLD1,0.09122266999999999
2024-04-09 20:25:00,QLD1,0.10156839
2024-04-09 20:30:00,QLD1,0.08344188
2024-04-09 20:35:00,QLD1,0.08177163
2024-04-09 20:40:00,QLD1,0.07908177000000001
2024-04-09 20:45:00,QLD1,0.06223004
2024-04-09 20:50:00,QLD1,0.06325444000000001
2024-04-09 20:55:00,QLD1,0.07910875
2024-04-09 21:00:00,QLD1,0.06154002
2024-04-09 21:05:00,QLD1,0.08817001999999999
2024-04-09 21:10:00,QLD1,0.1220326
2024-04-09 21:15:00,QLD1,0.09601000000000001
2024-04-09 21:20:00,QLD1,0.115101
2024-04-09 21:25:00,QLD1,0.08666
2024-04-09 21:30:00,QLD1,0.06272988
2024-04-09 21:35:00,QLD1,0.09601000000000001
2024-04-09 21:40:00,QLD1,0.08832956
2024-04-09 21:45:00,QLD1,0.08665
2024-04-09 21:50:00,QLD1,0.0877
2024-04-09 21:55:00,QLD1,0.08728421
2024-04-09 22:00:00,QLD1,0.08604482000000001
2024-04-09 22:05:00,QLD1,0.0864333
2024-04-09 22:10:00,QLD1,0.13591675
2024-04-09 22:15:00,QLD1,0.10055
2024-04-09 22:20:00,QLD1,0.10055
2024-04-09 22:25:00,QLD1,0.08575
2024-04-09 22:30:00,QLD1,0.08870585
2024-04-09 22:35:00,QLD1,0.10889955000000001
2024-04-09 22:40:00,QLD1,0.10055
2024-04-09 22:45:00,QLD1,0.08901719
2024-04-09 22:50:00,QLD1,0.08575
2024-04-09 22:55:00,QLD1,0.08836605
2024-04-09 23:00:00,QLD1,0.08768879
2024-04-09 23:05:00,QLD1,0.08652764
2024-04-09 23:10:00,QLD1,0.08575
2024-04-09 23:15:00,QLD1,0.08555
2024-04-09 23:20:00,QLD1,0.06154004
2024-04-09 23:25:00,QLD1,0.06366008
2024-04-09 23:30:00,QLD1,0.08555
2024-04-09 23:35:00,QLD1,0.08555
2024-04-09 23:40:00,QLD1,0.08555
2024-04-09 23:45:00,QLD1,0.062
2024-04-09 23:50:00,QLD1,0.08575
2024-04-09 23:55:00,QLD1,0.08555
2024-04-10 00:00:00,QLD1,0.06381004
2024-04-10 00:05:00,QLD1,0.08555
2024-04-10 00:10:00,QLD1,0.08924219
2024-04-10 00:15:00,QLD1,0.08555
2024-04-10 00:20:00,QLD1,0.06273002
2024-04-10 00:25:00,QLD1,0.07869095
2024-04-10 00:30:00,QLD1,0.05975
2024-04-10 00:35:00,QLD1,0.06273
2024-04-10 00:40:00,QLD1,0.08575
2024-04-10 00:45:00,QLD1,0.08575
2024-04-10 00:50:00,QLD1,0.08575
2024-04-10 00:55:00,QLD1,0.08555
2024-04-10 01:00:00,QLD1,0.08147222999999999
2024-04-10 01:05:00,QLD1,0.08213376
2024-04-10 01:10:00,QLD1,0.08309364
2024-04-10 01:15:00,QLD1,0.08140183000000001
2024-04-10 01:20:00,QLD1,0.07976354999999999
2024-04-10 01:25:00,QLD1,0.07533183
2024-04-10 01:30:00,QLD1,0.06273
2024-04-10 01:35:00,QLD1,0.06556618
2024-04-10 01:40:00,QLD1,0.06462295
2024-04-10 01:45:00,QLD1,0.06273
2024-04-10 01:50:00,QLD1,0.06273
2024-04-10 01:55:00,QLD1,0.06273
2024-04-10 02:00:00,QLD1,0.06273
2024-04-10 02:05:00,QLD1,0.06273
2024-04-10 02:10:00,QLD1,0.06273
2024-04-10 02:15:00,QLD1,0.0630515
2024-04-10 02:20:00,QLD1,0.06273
2024-04-10 02:25:00,QLD1,0.06273
2024-04-10 02:30:00,QLD1,0.06273
2024-04-10 02:35:00,QLD1,0.06321798
2024-04-10 02:40:00,QLD1,0.06273
2024-04-10 02:45:00,QLD1,0.06273
2024-04-10 02:50:00,QLD1,0.06273
2024-04-10 02:55:00,QLD1,0.06106259
2024-04-10 03:00:00,QLD1,0.05975
2024-04-10 03:05:00,QLD1,0.06273
2024-04-10 03:10:00,QLD1,0.05975
2024-04-10 03:15:00,QLD1,0.05975
2024-04-10 03:20:00,QLD1,0.06273
2024-04-10 03:25:00,QLD1,0.05955
2024-04-10 03:30:00,QLD1,0.05955
2024-04-10 03:35:00,QLD1,0.05955
2024-04-10 03:40:00,QLD1,0.06234611
2024-04-10 03:45:00,QLD1,0.06273
2024-04-10 03:50:00,QLD1,0.05955
2024-04-10 03:55:00,QLD1,0.05780578
2024-04-10 04:00:00,QLD1,0.05955
2024-04-10 04:05:00,QLD1,0.05691502
2024-04-10 04:10:00,QLD1,0.06273008000000001
2024-04-10 04:15:00,QLD1,0.06273008000000001
2024-04-10 04:20:00,QLD1,0.06273004
2024-04-10 04:25:00,QLD1,0.06273004
2024-04-10 04:30:00,QLD1,0.05975
2024-04-10 04:35:00,QLD1,0.06198684
2024-04-10 04:40:00,QLD1,0.06460897
2024-04-10 04:45:00,QLD1,0.06273004
2024-04-10 04:50:00,QLD1,0.06273008000000001
2024-04-10 04:55:00,QLD1,0.06273268
2024-04-10 05:00:00,QLD1,0.07940363
2024-04-10 05:05:00,QLD1,0.06162004
2024-04-10 05:10:00,QLD1,0.06560012
2024-04-10 05:15:00,QLD1,0.07425129
2024-04-10 05:20:00,QLD1,0.07327508
2024-04-10 05:25:00,QLD1,0.08464880999999999
2024-04-10 05:30:00,QLD1,0.08555
2024-04-10 05:35:00,QLD1,0.07536874
2024-04-10 05:40:00,QLD1,0.08555
2024-04-10 05:45:00,QLD1,0.08555
2024-04-10 05:50:00,QLD1,0.08575
2024-04-10 05:55:00,QLD1,0.08575
2024-04-10 06:00:00,QLD1,0.09700817
2024-04-10 06:05:00,QLD1,0.06946558
2024-04-10 06:10:00,QLD1,0.0978376
2024-04-10 06:15:00,QLD1,0.10345395
2024-04-10 06:20:00,QLD1,0.10943674
2024-04-10 06:25:00,QLD1,0.10876517
2024-04-10 06:30:00,QLD1,0.10812366
2024-04-10 06:35:00,QLD1,0.09947415999999999
2024-04-10 06:40:00,QLD1,0.10055
2024-04-10 06:45:00,QLD1,0.10055
2024-04-10 06:50:00,QLD1,0.08861716
2024-04-10 06:55:00,QLD1,0.09004954999999999
2024-04-10 07:00:00,QLD1,0.07577195
2024-04-10 07:05:00,QLD1,0.08794182
2024-04-10 07:10:00,QLD1,0.05216623
2024-04-10 07:15:00,QLD1,0.04145679
2024-04-10 07:20:00,QLD1,0.04854998
2024-04-10 07:25:00,QLD1,0.03699003
2024-04-10 07:30:00,QLD1,0.01394548
2024-04-10 07:35:00,QLD1,0.038750030000000005
2024-04-10 07:40:00,QLD1,0.038549999999999994
2024-04-10 07:45:00,QLD1,-0.0205
2024-04-10 07:50:00,QLD1,-0.0205
2024-04-10 07:55:00,QLD1,0.02030512
2024-04-10 08:00:00,QLD1,0.00248258
2024-04-10 08:05:00,QLD1,-0.0108
2024-04-10 08:10:00,QLD1,-0.0205
2024-04-10 08:15:00,QLD1,-0.0205
2024-04-10 08:20:00,QLD1,-0.0205
2024-04-10 08:25:00,QLD1,-0.0205
2024-04-10 08:30:00,QLD1,-0.0205
2024-04-10 08:35:00,QLD1,-0.0254
2024-04-10 08:40:00,QLD1,-0.03582
2024-04-10 08:45:00,QLD1,-0.0254
2024-04-10 08:50:00,QLD1,-0.03582
2024-04-10 08:55:00,QLD1,-0.0416
2024-04-10 09:00:00,QLD1,-0.04439
2024-04-10 09:05:00,QLD1,-0.04501
2024-04-10 09:10:00,QLD1,-0.04501
2024-04-10 09:15:00,QLD1,-0.04506
2024-04-10 09:20:00,QLD1,-0.045340000000000005
2024-04-10 09:25:00,QLD1,-0.045340000000000005
2024-04-10 09:30:00,QLD1,-0.04501
2024-04-10 09:35:00,QLD1,-0.04590715
2024-04-10 09:40:00,QLD1,-0.0459737
2024-04-10 09:45:00,QLD1,-0.045399999999999996
2024-04-10 09:50:00,QLD1,-0.04506
2024-04-10 09:55:00,QLD1,-0.04506
2024-04-10 10:00:00,QLD1,-0.04570362
2024-04-10 10:05:00,QLD1,-0.04586942
2024-04-10 10:10:00,QLD1,-0.04590809
2024-04-10 10:15:00,QLD1,-0.0471
2024-04-10 10:20:00,QLD1,-0.048
2024-04-10 10:25:00,QLD1,-0.0471
2024-04-10 10:30:00,QLD1,-0.04877
2024-04-10 10:35:00,QLD1,-0.048437640000000004
2024-04-10 10:40:00,QLD1,-0.05034777
2024-04-10 10:45:00,QLD1,-0.046090000000000006
2024-04-10 10:50:00,QLD1,-0.04752
2024-04-10 10:55:00,QLD1,-0.0471
2024-04-10 11:00:00,QLD1,-0.0471
2024-04-10 11:05:00,QLD1,-0.04752
2024-04-10 11:10:00,QLD1,-0.0471
2024-04-10 11:15:00,QLD1,-0.04752
2024-04-10 11:20:00,QLD1,-0.048
2024-04-10 11:25:00,QLD1,-0.0471
2024-04-10 11:30:00,QLD1,-0.04752
2024-04-10 11:35:00,QLD1,-0.048600000000000004
2024-04-10 11:40:00,QLD1,-0.04752
2024-04-10 11:45:00,QLD1,-0.04752
2024-04-10 11:50:00,QLD1,-0.0471
2024-04-10 11:55:00,QLD1,-0.048
2024-04-10 12:00:00,QLD1,-0.048
2024-04-10 12:05:00,QLD1,-0.0471
2024-04-10 12:10:00,QLD1,-0.04752
2024-04-10 12:15:00,QLD1,-0.04561105
2024-04-10 12:20:00,QLD1,-0.0471
2024-04-10 12:25:00,QLD1,-0.0471
2024-04-10 12:30:00,QLD1,-0.04562545
2024-04-10 12:35:00,QLD1,-0.0471
2024-04-10 12:40:00,QLD1,-0.04556
2024-04-10 12:45:00,QLD1,-0.04556
2024-04-10 12:50:00,QLD1,-0.04556
2024-04-10 12:55:00,QLD1,-0.04506
2024-04-10 13:00:00,QLD1,-0.04501
2024-04-10 13:05:00,QLD1,-0.04539436
2024-04-10 13:10:00,QLD1,-0.0416
2024-04-10 13:15:00,QLD1,-0.04506
2024-04-10 13:20:00,QLD1,-0.04506
2024-04-10 13:25:00,QLD1,-0.04501
2024-04-10 13:30:00,QLD1,-0.043386299999999996
2024-04-10 13:35:00,QLD1,-0.04461965
2024-04-10 13:40:00,QLD1,-0.04462976
2024-04-10 13:45:00,QLD1,-0.04479048
2024-04-10 13:50:00,QLD1,-0.04481571
2024-04-10 13:55:00,QLD1,-0.044822020000000004
2024-04-10 14:00:00,QLD1,-0.04506
2024-04-10 14:05:00,QLD1,-0.04414638
2024-04-10 14:10:00,QLD1,-0.0416
2024-04-10 14:15:00,QLD1,-0.0416
2024-04-10 14:20:00,QLD1,-0.03657
2024-04-10 14:25:00,QLD1,-0.03657
2024-04-10 14:30:00,QLD1,-0.0254
2024-04-10 14:35:00,QLD1,-0.0205
2024-04-10 14:40:00,QLD1,-0.0254
2024-04-10 14:45:00,QLD1,-0.0205
2024-04-10 14:50:00,QLD1,-0.0205
2024-04-10 14:55:00,QLD1,-0.0205
2024-04-10 15:00:00,QLD1,-0.0108
2024-04-10 15:05:00,QLD1,-0.0205
2024-04-10 15:10:00,QLD1,-0.0108
2024-04-10 15:15:00,QLD1,0.0021132499999999997
2024-04-10 15:20:00,QLD1,0.026576989999999998
2024-04-10 15:25:00,QLD1,0.038549999999999994
2024-04-10 15:30:00,QLD1,0.04648005
2024-04-10 15:35:00,QLD1,0.008654809999999999
2024-04-10 15:40:00,QLD1,0.01893121
2024-04-10 15:45:00,QLD1,0.02361994
2024-04-10 15:50:00,QLD1,0.02304572
2024-04-10 15:55:00,QLD1,0.03298087
2024-04-10 16:00:00,QLD1,0.038549999999999994
2024-04-10 16:05:00,QLD1,0.01963933
2024-04-10 16:10:00,QLD1,0.02157
2024-04-10 16:15:00,QLD1,0.03475006
2024-04-10 16:20:00,QLD1,0.04652927
2024-04-10 16:25:00,QLD1,0.0530912
2024-04-10 16:30:00,QLD1,0.06273004
2024-04-10 16:35:00,QLD1,0.05671425
2024-04-10 16:40:00,QLD1,0.06366044
2024-04-10 16:45:00,QLD1,0.06910078
2024-04-10 16:50:00,QLD1,0.1037207
2024-04-10 16:55:00,QLD1,0.16484848
2024-04-10 17:00:00,QLD1,0.11072205
2024-04-10 17:05:00,QLD1,0.10564509
2024-04-10 17:10:00,QLD1,0.10532675000000001
2024-04-10 17:15:00,QLD1,0.13123442
2024-04-10 17:20:00,QLD1,0.14556852
2024-04-10 17:25:00,QLD1,0.15203349
2024-04-10 17:30:00,QLD1,0.18783255
2024-04-10 17:35:00,QLD1,0.13898
2024-04-10 17:40:00,QLD1,0.13898
2024-04-10 17:45:00,QLD1,0.15932382
2024-04-10 17:50:00,QLD1,0.13899
2024-04-10 17:55:00,QLD1,0.15415858
2024-04-10 18:00:00,QLD1,0.15363999
2024-04-10 18:05:00,QLD1,0.15693448000000002
2024-04-10 18:10:00,QLD1,0.15461285
2024-04-10 18:15:00,QLD1,0.15284782000000002
2024-04-10 18:20:00,QLD1,0.15333718
2024-04-10 18:25:00,QLD1,0.15547902
2024-04-10 18:30:00,QLD1,0.14614345
2024-04-10 18:35:00,QLD1,0.15188476
2024-04-10 18:40:00,QLD1,0.13898
2024-04-10 18:45:00,QLD1,0.12118613
2024-04-10 18:50:00,QLD1,0.13898
2024-04-10 18:55:00,QLD1,0.11837259
2024-04-10 19:00:00,QLD1,0.08991223
2024-04-10 19:05:00,QLD1,0.09931999999999999
2024-04-10 19:10:00,QLD1,0.09931999999999999
2024-04-10 19:15:00,QLD1,0.09931999999999999
2024-04-10 19:20:00,QLD1,0.08555
2024-04-10 19:25:00,QLD1,0.08352559999999999
2024-04-10 19:30:00,QLD1,0.08479573
2024-04-10 19:35:00,QLD1,0.08588075
2024-04-10 19:40:00,QLD1,0.0839
2024-04-10 19:45:00,QLD1,0.07869240000000001
2024-04-10 19:50:00,QLD1,0.07819175
2024-04-10 19:55:00,QLD1,0.07622676
2024-04-10 20:00:00,QLD1,0.07331096
2024-04-10 20:05:00,QLD1,0.0839
2024-04-10 20:10:00,QLD1,0.08065883
2024-04-10 20:15:00,QLD1,0.08555
2024-04-10 20:20:00,QLD1,0.08482276
2024-04-10 20:25:00,QLD1,0.0839
2024-04-10 20:30:00,QLD1,0.06672937
2024-04-10 20:35:00,QLD1,0.0839
2024-04-10 20:40:00,QLD1,0.0839
2024-04-10 20:45:00,QLD1,0.0839
2024-04-10 20:50:00,QLD1,0.0839
2024-04-10 20:55:00,QLD1,0.07651733
2024-04-10 21:00:00,QLD1,0.06273002
2024-04-10 21:05:00,QLD1,0.05975
2024-04-10 21:10:00,QLD1,0.07541104
2024-04-10 21:15:00,QLD1,0.05975
2024-04-10 21:20:00,QLD1,0.05975
2024-04-10 21:25:00,QLD1,0.06574461
2024-04-10 21:30:00,QLD1,0.05955
2024-04-10 21:35:00,QLD1,0.05955
2024-04-10 21:40:00,QLD1,0.07363465
2024-04-10 21:45:00,QLD1,0.05975
2024-04-10 21:50:00,QLD1,0.05975
2024-04-10 21:55:00,QLD1,0.07293633
2024-04-10 22:00:00,QLD1,0.05955
2024-04-10 22:05:00,QLD1,0.08748111
2024-04-10 22:10:00,QLD1,0.09655699
2024-04-10 22:15:00,QLD1,0.09828975
2024-04-10 22:20:00,QLD1,0.08555
2024-04-10 22:25:00,QLD1,0.08555
2024-04-10 22:30:00,QLD1,0.08555
2024-04-10 22:35:00,QLD1,0.09678825
2024-04-10 22:40:00,QLD1,0.09751263
2024-04-10 22:45:00,QLD1,0.09942000000000001
2024-04-10 22:50:00,QLD1,0.09942000000000001
2024-04-10 22:55:00,QLD1,0.09855659
2024-04-10 23:00:00,QLD1,0.08574914
2024-04-10 23:05:00,QLD1,0.08575
2024-04-10 23:10:00,QLD1,0.09659695
2024-04-10 23:15:00,QLD1,0.09957497
2024-04-10 23:20:00,QLD1,0.09942000000000001
2024-04-10 23:25:00,QLD1,0.09615223
2024-04-10 23:30:00,QLD1,0.09872613
2024-04-10 23:35:00,QLD1,0.10055
2024-04-10 23:40:00,QLD1,0.10055
2024-04-10 23:45:00,QLD1,0.09297555
2024-04-10 23:50:00,QLD1,0.09745042
2024-04-10 23:55:00,QLD1,0.09942000000000001
2024-04-11 00:00:00,QLD1,0.09370772
2024-04-11 00:05:00,QLD1,0.0989426
2024-04-11 00:10:00,QLD1,0.10928873
2024-04-11 00:15:00,QLD1,0.10930696000000001
2024-04-11 00:20:00,QLD1,0.10918255
2024-04-11 00:25:00,QLD1,0.10055
2024-04-11 00:30:00,QLD1,0.10900270000000001
2024-04-11 00:35:00,QLD1,0.10055
2024-04-11 00:40:00,QLD1,0.10813209
2024-04-11 00:45:00,QLD1,0.10055
2024-04-11 00:50:00,QLD1,0.10808264
2024-04-11 00:55:00,QLD1,0.10656811999999999
2024-04-11 01:00:00,QLD1,0.10659681
2024-04-11 01:05:00,QLD1,0.10055
2024-04-11 01:10:00,QLD1,0.10055
2024-04-11 01:15:00,QLD1,0.09942000000000001
2024-04-11 01:20:00,QLD1,0.09769833
2024-04-11 01:25:00,QLD1,0.09669056000000001
2024-04-11 01:30:00,QLD1,0.08555
2024-04-11 01:35:00,QLD1,0.08555
2024-04-11 01:40:00,QLD1,0.09746763
2024-04-11 01:45:00,QLD1,0.08575
2024-04-11 01:50:00,QLD1,0.08320176
2024-04-11 01:55:00,QLD1,0.06783257000000001
2024-04-11 02:00:00,QLD1,0.08284171000000001
2024-04-11 02:05:00,QLD1,0.08575
2024-04-11 02:10:00,QLD1,0.09452427000000001
2024-04-11 02:15:00,QLD1,0.08555
2024-04-11 02:20:00,QLD1,0.08217538999999999
2024-04-11 02:25:00,QLD1,0.06732159
2024-04-11 02:30:00,QLD1,0.08156372
2024-04-11 02:35:00,QLD1,0.08374929
2024-04-11 02:40:00,QLD1,0.08555
2024-04-11 02:45:00,QLD1,0.07023154
2024-04-11 02:50:00,QLD1,0.07471505
2024-04-11 02:55:00,QLD1,0.0708133
2024-04-11 03:00:00,QLD1,0.06273
2024-04-11 03:05:00,QLD1,0.07129184999999999
2024-04-11 03:10:00,QLD1,0.08555
2024-04-11 03:15:00,QLD1,0.08374929
2024-04-11 03:20:00,QLD1,0.08342714999999999
2024-04-11 03:25:00,QLD1,0.08205522000000001
2024-04-11 03:30:00,QLD1,0.08258779
2024-04-11 03:35:00,QLD1,0.06750523
2024-04-11 03:40:00,QLD1,0.07974321999999999
2024-04-11 03:45:00,QLD1,0.08306466
2024-04-11 03:50:00,QLD1,0.08520612
2024-04-11 03:55:00,QLD1,0.08555
2024-04-11 04:00:00,QLD1,0.08555
2024-04-11 04:05:00,QLD1,0.09148748000000001
2024-04-11 04:10:00,QLD1,0.08575
2024-04-11 04:15:00,QLD1,0.09592143
2024-04-11 04:20:00,QLD1,0.09616985
2024-04-11 04:25:00,QLD1,0.09945513
2024-04-11 04:30:00,QLD1,0.09942000000000001
2024-04-11 04:35:00,QLD1,0.09520854
2024-04-11 04:40:00,QLD1,0.0966897
2024-04-11 04:45:00,QLD1,0.09744114000000001
2024-04-11 04:50:00,QLD1,0.09503033000000001
2024-04-11 04:55:00,QLD1,0.10037311
2024-04-11 05:00:00,QLD1,0.10188043000000001
2024-04-11 05:05:00,QLD1,0.10063073
2024-04-11 05:10:00,QLD1,0.09623224000000001
2024-04-11 05:15:00,QLD1,0.10055
2024-04-11 05:20:00,QLD1,0.10531769
2024-04-11 05:25:00,QLD1,0.10055
2024-04-11 05:30:00,QLD1,0.11007080000000001
2024-04-11 05:35:00,QLD1,0.10079215999999999
2024-04-11 05:40:00,QLD1,0.12805951999999998
2024-04-11 05:45:00,QLD1,0.12893048
2024-04-11 05:50:00,QLD1,0.13385568
2024-04-11 05:55:00,QLD1,0.12997994
2024-04-11 06:00:00,QLD1,0.13512762
2024-04-11 06:05:00,QLD1,0.10704931000000001
2024-04-11 06:10:00,QLD1,0.12979713
2024-04-11 06:15:00,QLD1,0.13392484999999998
2024-04-11 06:20:00,QLD1,0.13975857
2024-04-11 06:25:00,QLD1,0.15145795
2024-04-11 06:30:00,QLD1,0.13898
2024-04-11 06:35:00,QLD1,0.13898
2024-04-11 06:40:00,QLD1,0.1418202
2024-04-11 06:45:00,QLD1,0.13804745
2024-04-11 06:50:00,QLD1,0.14103117
2024-04-11 06:55:00,QLD1,0.10452083000000001
2024-04-11 07:00:00,QLD1,0.07320288
2024-04-11 07:05:00,QLD1,0.053544049999999996
2024-04-11 07:10:00,QLD1,0.03530594
2024-04-11 07:15:00,QLD1,0.04275
2024-04-11 07:20:00,QLD1,0.019917960000000002
2024-04-11 07:25:00,QLD1,0.038750030000000005
2024-04-11 07:30:00,QLD1,0.01884
2024-04-11 07:35:00,QLD1,0.01884
2024-04-11 07:40:00,QLD1,-0.0205
2024-04-11 07:45:00,QLD1,-0.0205
2024-04-11 07:50:00,QLD1,-0.0205
2024-04-11 07:55:00,QLD1,-0.0205
2024-04-11 08:00:00,QLD1,-0.0205
2024-04-11 08:05:00,QLD1,-0.0205
2024-04-11 08:10:00,QLD1,-0.0205
2024-04-11 08:15:00,QLD1,-0.01
2024-04-11 08:20:00,QLD1,-0.0205
2024-04-11 08:25:00,QLD1,-0.0205
2024-04-11 08:30:00,QLD1,-0.0205
2024-04-11 08:35:00,QLD1,-0.0205
2024-04-11 08:40:00,QLD1,-0.01
2024-04-11 08:45:00,QLD1,-0.0205
2024-04-11 08:50:00,QLD1,-0.0205
2024-04-11 08:55:00,QLD1,-0.0205
2024-04-11 09:00:00,QLD1,-0.0254
2024-04-11 09:05:00,QLD1,-0.03118
2024-04-11 09:10:00,QLD1,-0.0254
2024-04-11 09:15:00,QLD1,-0.0254
2024-04-11 09:20:00,QLD1,-0.035
2024-04-11 09:25:00,QLD1,-0.03118
2024-04-11 09:30:00,QLD1,-0.03657
2024-04-11 09:35:00,QLD1,-0.038944
2024-04-11 09:40:00,QLD1,-0.044114930000000004
2024-04-11 09:45:00,QLD1,-0.045340000000000005
2024-04-11 09:50:00,QLD1,-0.03911734
2024-04-11 09:55:00,QLD1,-0.03748718
2024-04-11 10:00:00,QLD1,-0.03760273
2024-04-11 10:05:00,QLD1,-0.03734317
2024-04-11 10:10:00,QLD1,-0.043507739999999996
2024-04-11 10:15:00,QLD1,-0.04109267
2024-04-11 10:20:00,QLD1,-0.043411
2024-04-11 10:25:00,QLD1,-0.041073700000000005
2024-04-11 10:30:00,QLD1,-0.03657
2024-04-11 10:35:00,QLD1,-0.036155230000000003
2024-04-11 10:40:00,QLD1,-0.03724692
2024-04-11 10:45:00,QLD1,-0.03622768
2024-04-11 10:50:00,QLD1,-0.036203809999999996
2024-04-11 10:55:00,QLD1,-0.04197756
2024-04-11 11:00:00,QLD1,-0.03657
2024-04-11 11:05:00,QLD1,-0.0358347
2024-04-11 11:10:00,QLD1,-0.03657
2024-04-11 11:15:00,QLD1,-0.04304218
2024-04-11 11:20:00,QLD1,-0.04060444
2024-04-11 11:25:00,QLD1,-0.040740740000000004
2024-04-11 11:30:00,QLD1,-0.040731090000000005
2024-04-11 11:35:00,QLD1,-0.041448650000000004
2024-04-11 11:40:00,QLD1,-0.04501
2024-04-11 11:45:00,QLD1,-0.045340000000000005
2024-04-11 11:50:00,QLD1,-0.04201
2024-04-11 11:55:00,QLD1,-0.04201
2024-04-11 12:00:00,QLD1,-0.045340000000000005
2024-04-11 12:05:00,QLD1,-0.045399999999999996
2024-04-11 12:10:00,QLD1,-0.045399999999999996
2024-04-11 12:15:00,QLD1,-0.045340000000000005
2024-04-11 12:20:00,QLD1,-0.043570489999999996
2024-04-11 12:25:00,QLD1,-0.04186309
2024-04-11 12:30:00,QLD1,-0.03657
2024-04-11 12:35:00,QLD1,-0.03657
2024-04-11 12:40:00,QLD1,-0.045340000000000005
2024-04-11 12:45:00,QLD1,-0.0254
2024-04-11 12:50:00,QLD1,-0.04471072
2024-04-11 12:55:00,QLD1,-0.0254
2024-04-11 13:00:00,QLD1,-0.035
2024-04-11 13:05:00,QLD1,-0.035
2024-04-11 13:10:00,QLD1,-0.0254
2024-04-11 13:15:00,QLD1,-0.0205
2024-04-11 13:20:00,QLD1,-0.0205
2024-04-11 13:25:00,QLD1,-0.0205
2024-04-11 13:30:00,QLD1,-0.0205
2024-04-11 13:35:00,QLD1,-0.0205
2024-04-11 13:40:00,QLD1,-0.0205
2024-04-11 13:45:00,QLD1,-0.0205
2024-04-11 13:50:00,QLD1,-0.0205
2024-04-11 13:55:00,QLD1,5.45e-06
2024-04-11 14:00:00,QLD1,0.00762367
2024-04-11 14:05:00,QLD1,0.00784401
2024-04-11 14:10:00,QLD1,0.0075400499999999995
2024-04-11 14:15:00,QLD1,0.00086915
2024-04-11 14:20:00,QLD1,-0.00820417
2024-04-11 14:25:00,QLD1,-0.00282919
2024-04-11 14:30:00,QLD1,0.0125562
2024-04-11 14:35:00,QLD1,-0.01
2024-04-11 14:40:00,QLD1,0.00776644
2024-04-11 14:45:00,QLD1,0.007958179999999999
2024-04-11 14:50:00,QLD1,0.00793319
2024-04-11 14:55:00,QLD1,0.00817301
2024-04-11 15:00:00,QLD1,0.01791018
2024-04-11 15:05:00,QLD1,0.008337669999999998
2024-04-11 15:10:00,QLD1,0.01930461
2024-04-11 15:15:00,QLD1,0.02376021
2024-04-11 15:20:00,QLD1,0.023620000000000002
2024-04-11 15:25:00,QLD1,0.02313383
2024-04-11 15:30:00,QLD1,0.02760639
2024-04-11 15:35:00,QLD1,0.023620000000000002
2024-04-11 15:40:00,QLD1,0.023620000000000002
2024-04-11 15:45:00,QLD1,0.03476092
2024-04-11 15:50:00,QLD1,0.06155041
2024-04-11 15:55:00,QLD1,0.03723609
2024-04-11 16:00:00,QLD1,0.04335077
2024-04-11 16:05:00,QLD1,0.022423870000000002
2024-04-11 16:10:00,QLD1,0.03910967
2024-04-11 16:15:00,QLD1,0.04875004
2024-04-11 16:20:00,QLD1,0.06116994
2024-04-11 16:25:00,QLD1,0.11917738
2024-04-11 16:30:00,QLD1,0.26308705
2024-04-11 16:35:00,QLD1,0.08848987
2024-04-11 16:40:00,QLD1,0.0979
2024-04-11 16:45:00,QLD1,0.12927744000000002
2024-04-11 16:50:00,QLD1,0.13898
2024-04-11 16:55:00,QLD1,0.2014247
2024-04-11 17:00:00,QLD1,0.27743912
2024-04-11 17:05:00,QLD1,0.20623778999999998
2024-04-11 17:10:00,QLD1,0.14563616999999998
2024-04-11 17:15:00,QLD1,0.2896169
2024-04-11 17:20:00,QLD1,0.20429269
2024-04-11 17:25:00,QLD1,0.28575
2024-04-11 17:30:00,QLD1,0.28902855
2024-04-11 17:35:00,QLD1,0.26155
2024-04-11 17:40:00,QLD1,0.28575
2024-04-11 17:45:00,QLD1,0.21948124000000002
2024-04-11 17:50:00,QLD1,0.28575
2024-04-11 17:55:00,QLD1,0.30139128
2024-04-11 18:00:00,QLD1,0.3080055
2024-04-11 18:05:00,QLD1,0.28174302999999995
2024-04-11 18:10:00,QLD1,0.26300999999999997
2024-04-11 18:15:00,QLD1,0.15010436000000002
2024-04-11 18:20:00,QLD1,0.29557450999999996
2024-04-11 18:25:00,QLD1,0.28575
2024-04-11 18:30:00,QLD1,0.25172944
2024-04-11 18:35:00,QLD1,0.18815226999999998
2024-04-11 18:40:00,QLD1,0.19602431
2024-04-11 18:45:00,QLD1,0.24731422
2024-04-11 18:50:00,QLD1,0.26300999999999997
2024-04-11 18:55:00,QLD1,0.14222478000000002
2024-04-11 19:00:00,QLD1,0.16729326
2024-04-11 19:05:00,QLD1,0.13897
2024-04-11 19:10:00,QLD1,0.13391218000000002
2024-04-11 19:15:00,QLD1,0.13301
2024-04-11 19:20:00,QLD1,0.13301
2024-04-11 19:25:00,QLD1,0.13384389
2024-04-11 19:30:00,QLD1,0.11301
2024-04-11 19:35:00,QLD1,0.11575
2024-04-11 19:40:00,QLD1,0.13623840999999998
2024-04-11 19:45:00,QLD1,0.13305363
2024-04-11 19:50:00,QLD1,0.11301
2024-04-11 19:55:00,QLD1,0.11425215
2024-04-11 20:00:00,QLD1,0.1018947
2024-04-11 20:05:00,QLD1,0.11575
2024-04-11 20:10:00,QLD1,0.11048788000000001
2024-04-11 20:15:00,QLD1,0.09931999999999999
2024-04-11 20:20:00,QLD1,0.09931999999999999
2024-04-11 20:25:00,QLD1,0.11575
2024-04-11 20:30:00,QLD1,0.11301
2024-04-11 20:35:00,QLD1,0.11280243
2024-04-11 20:40:00,QLD1,0.11470622
2024-04-11 20:45:00,QLD1,0.10735666999999999
2024-04-11 20:50:00,QLD1,0.0979
2024-04-11 20:55:00,QLD1,0.0979
2024-04-11 21:00:00,QLD1,0.0979
2024-04-11 21:05:00,QLD1,0.12603910999999998
2024-04-11 21:10:00,QLD1,0.15948049
2024-04-11 21:15:00,QLD1,0.11301
2024-04-11 21:20:00,QLD1,0.12509202
2024-04-11 21:25:00,QLD1,0.08925102
2024-04-11 21:30:00,QLD1,0.0979
2024-04-11 21:35:00,QLD1,0.08555
2024-04-11 21:40:00,QLD1,0.08555
2024-04-11 21:45:00,QLD1,0.08555
2024-04-11 21:50:00,QLD1,0.06154018
2024-04-11 21:55:00,QLD1,0.0793298
2024-04-11 22:00:00,QLD1,0.07933756
2024-04-11 22:05:00,QLD1,0.0595
2024-04-11 22:10:00,QLD1,0.11195349
2024-04-11 22:15:00,QLD1,0.09203154000000001
2024-04-11 22:20:00,QLD1,0.11198372999999999
2024-04-11 22:25:00,QLD1,0.0913463
2024-04-11 22:30:00,QLD1,0.08555
2024-04-11 22:35:00,QLD1,0.09168138
2024-04-11 22:40:00,QLD1,0.09942000000000001
2024-04-11 22:45:00,QLD1,0.09103337
2024-04-11 22:50:00,QLD1,0.09102707
2024-04-11 22:55:00,QLD1,0.09031291
2024-04-11 23:00:00,QLD1,0.08324232000000001
2024-04-11 23:05:00,QLD1,0.08555
2024-04-11 23:10:00,QLD1,0.08903404999999999
2024-04-11 23:15:00,QLD1,0.08968247
2024-04-11 23:20:00,QLD1,0.08575
2024-04-11 23:25:00,QLD1,0.08555
2024-04-11 23:30:00,QLD1,0.06326986
2024-04-11 23:35:00,QLD1,0.06273004
2024-04-11 23:40:00,QLD1,0.08575
2024-04-11 23:45:00,QLD1,0.08575
2024-04-11 23:50:00,QLD1,0.08659731999999999
2024-04-11 23:55:00,QLD1,0.08575
2024-04-12 00:00:00,QLD1,0.08575
2024-04-12 00:05:00,QLD1,0.08733344
2024-04-12 00:10:00,QLD1,0.08733593999999999
2024-04-12 00:15:00,QLD1,0.09942000000000001
2024-04-12 00:20:00,QLD1,0.08575
2024-04-12 00:25:00,QLD1,0.08662662
2024-04-12 00:30:00,QLD1,0.08575
2024-04-12 00:35:00,QLD1,0.08575
2024-04-12 00:40:00,QLD1,0.08555
2024-04-12 00:45:00,QLD1,0.08555
2024-04-12 00:50:00,QLD1,0.08555
2024-04-12 00:55:00,QLD1,0.08575
2024-04-12 01:00:00,QLD1,0.08555
2024-04-12 01:05:00,QLD1,0.08555
2024-04-12 01:10:00,QLD1,0.08555
2024-04-12 01:15:00,QLD1,0.08553696999999999
2024-04-12 01:20:00,QLD1,0.08555
2024-04-12 01:25:00,QLD1,0.08549875
2024-04-12 01:30:00,QLD1,0.08352694
2024-04-12 01:35:00,QLD1,0.06273
2024-04-12 01:40:00,QLD1,0.08403838000000001
2024-04-12 01:45:00,QLD1,0.08543935999999999
2024-04-12 01:50:00,QLD1,0.08398915
2024-04-12 01:55:00,QLD1,0.08292009
2024-04-12 02:00:00,QLD1,0.06272996
2024-04-12 02:05:00,QLD1,0.08803386
2024-04-12 02:10:00,QLD1,0.08575
2024-04-12 02:15:00,QLD1,0.08555
2024-04-12 02:20:00,QLD1,0.08476939
2024-04-12 02:25:00,QLD1,0.08575
2024-04-12 02:30:00,QLD1,0.08575
2024-04-12 02:35:00,QLD1,0.08555
2024-04-12 02:40:00,QLD1,0.08555
2024-04-12 02:45:00,QLD1,0.06432447999999999
2024-04-12 02:50:00,QLD1,0.08555
2024-04-12 02:55:00,QLD1,0.0841366
2024-04-12 03:00:00,QLD1,0.08555
2024-04-12 03:05:00,QLD1,0.07051254
2024-04-12 03:10:00,QLD1,0.08491302
2024-04-12 03:15:00,QLD1,0.06739374
2024-04-12 03:20:00,QLD1,0.07047863
2024-04-12 03:25:00,QLD1,0.08405649
2024-04-12 03:30:00,QLD1,0.08555
2024-04-12 03:35:00,QLD1,0.08407022
2024-04-12 03:40:00,QLD1,0.05975
2024-04-12 03:45:00,QLD1,0.06804286999999999
2024-04-12 03:50:00,QLD1,0.06786096000000001
2024-04-12 03:55:00,QLD1,0.09264212000000001
2024-04-12 04:00:00,QLD1,0.08555
2024-04-12 04:05:00,QLD1,0.07289014
2024-04-12 04:10:00,QLD1,0.08426639
2024-04-12 04:15:00,QLD1,0.07348039
2024-04-12 04:20:00,QLD1,0.07301418999999999
2024-04-12 04:25:00,QLD1,0.08432131
2024-04-12 04:30:00,QLD1,0.08555
2024-04-12 04:35:00,QLD1,0.08575
2024-04-12 04:40:00,QLD1,0.08555
2024-04-12 04:45:00,QLD1,0.07593507
2024-04-12 04:50:00,QLD1,0.07623983
2024-04-12 04:55:00,QLD1,0.08555
2024-04-12 05:00:00,QLD1,0.10006480999999999
2024-04-12 05:05:00,QLD1,0.07232228
2024-04-12 05:10:00,QLD1,0.07597199
2024-04-12 05:15:00,QLD1,0.08575
2024-04-12 05:20:00,QLD1,0.09480052
2024-04-12 05:25:00,QLD1,0.09881036
2024-04-12 05:30:00,QLD1,0.09882134000000001
2024-04-12 05:35:00,QLD1,0.08555
2024-04-12 05:40:00,QLD1,0.08575
2024-04-12 05:45:00,QLD1,0.08575
2024-04-12 05:50:00,QLD1,0.08555
2024-04-12 05:55:00,QLD1,0.10055
2024-04-12 06:00:00,QLD1,0.08555
2024-04-12 06:05:00,QLD1,0.08555
2024-04-12 06:10:00,QLD1,0.10130251
2024-04-12 06:15:00,QLD1,0.13362589
2024-04-12 06:20:00,QLD1,0.14562999999999998
2024-04-12 06:25:00,QLD1,0.13885642999999998
2024-04-12 06:30:00,QLD1,0.13444758999999998
2024-04-12 06:35:00,QLD1,0.10055
2024-04-12 06:40:00,QLD1,0.09871487999999999
2024-04-12 06:45:00,QLD1,0.08555
2024-04-12 06:50:00,QLD1,0.09631463999999999
2024-04-12 06:55:00,QLD1,0.0602501
2024-04-12 07:00:00,QLD1,0.04904886
2024-04-12 07:05:00,QLD1,0.05675168
2024-04-12 07:10:00,QLD1,0.04875002
2024-04-12 07:15:00,QLD1,0.04452553
2024-04-12 07:20:00,QLD1,0.01884
2024-04-12 07:25:00,QLD1,-0.009933949999999999
2024-04-12 07:30:00,QLD1,0.029220569999999998
2024-04-12 07:35:00,QLD1,0.03433178
2024-04-12 07:40:00,QLD1,-0.0104
2024-04-12 07:45:00,QLD1,-0.00932727
2024-04-12 07:50:00,QLD1,-0.0205
2024-04-12 07:55:00,QLD1,-0.0205
2024-04-12 08:00:00,QLD1,-0.0205
2024-04-12 08:05:00,QLD1,-0.0205
2024-04-12 08:10:00,QLD1,0.03475
2024-04-12 08:15:00,QLD1,0.0
2024-04-12 08:20:00,QLD1,-0.01
2024-04-12 08:25:00,QLD1,-0.00784473
2024-04-12 08:30:00,QLD1,-0.0105
2024-04-12 08:35:00,QLD1,0.006136320000000001
2024-04-12 08:40:00,QLD1,0.03484
2024-04-12 08:45:00,QLD1,0.0
2024-04-12 08:50:00,QLD1,0.02157
2024-04-12 08:55:00,QLD1,-0.00797937
2024-04-12 09:00:00,QLD1,-0.01
2024-04-12 09:05:00,QLD1,-0.0205
2024-04-12 09:10:00,QLD1,-0.0205
2024-04-12 09:15:00,QLD1,-0.0205
2024-04-12 09:20:00,QLD1,-0.0205
2024-04-12 09:25:00,QLD1,-0.0205
2024-04-12 09:30:00,QLD1,-0.0205
2024-04-12 09:35:00,QLD1,-0.0205
2024-04-12 09:40:00,QLD1,-0.0254
2024-04-12 09:45:00,QLD1,-0.0205
2024-04-12 09:50:00,QLD1,-0.0205
2024-04-12 09:55:00,QLD1,-0.0205
2024-04-12 10:00:00,QLD1,-0.0205
2024-04-12 10:05:00,QLD1,-0.0205
2024-04-12 10:10:00,QLD1,-0.0254
2024-04-12 10:15:00,QLD1,-0.0254
2024-04-12 10:20:00,QLD1,-0.0205
2024-04-12 10:25:00,QLD1,-0.03118
2024-04-12 10:30:00,QLD1,-0.03118
2024-04-12 10:35:00,QLD1,-0.0254
2024-04-12 10:40:00,QLD1,-0.0205
2024-04-12 10:45:00,QLD1,-0.03118
2024-04-12 10:50:00,QLD1,-0.0205
2024-04-12 10:55:00,QLD1,-0.0205
2024-04-12 11:00:00,QLD1,-0.03582
2024-04-12 11:05:00,QLD1,-0.0205
2024-04-12 11:10:00,QLD1,-0.0205
2024-04-12 11:15:00,QLD1,-0.035
2024-04-12 11:20:00,QLD1,-0.0205
2024-04-12 11:25:00,QLD1,-0.0205
2024-04-12 11:30:00,QLD1,-0.0205
2024-04-12 11:35:00,QLD1,-0.035
2024-04-12 11:40:00,QLD1,-0.0108
2024-04-12 11:45:00,QLD1,-0.0205
2024-04-12 11:50:00,QLD1,-0.0205
2024-04-12 11:55:00,QLD1,-0.0205
2024-04-12 12:00:00,QLD1,4e-08
2024-04-12 12:05:00,QLD1,-0.0104
2024-04-12 12:10:00,QLD1,-0.00797984
2024-04-12 12:15:00,QLD1,-0.01
2024-04-12 12:20:00,QLD1,-0.0205
2024-04-12 12:25:00,QLD1,0.0
2024-04-12 12:30:00,QLD1,0.015602050000000001
2024-04-12 12:35:00,QLD1,-0.0108
2024-04-12 12:40:00,QLD1,-0.0205
2024-04-12 12:45:00,QLD1,-0.007999019999999999
2024-04-12 12:50:00,QLD1,0.00749685
2024-04-12 12:55:00,QLD1,0.01571311
2024-04-12 13:00:00,QLD1,0.00789265
2024-04-12 13:05:00,QLD1,-0.00961358
2024-04-12 13:10:00,QLD1,0.01579411
2024-04-12 13:15:00,QLD1,0.01584219
2024-04-12 13:20:00,QLD1,0.007435819999999999
2024-04-12 13:25:00,QLD1,0.00731967
2024-04-12 13:30:00,QLD1,0.008610699999999999
2024-04-12 13:35:00,QLD1,0.00760307
2024-04-12 13:40:00,QLD1,0.00789477
2024-04-12 13:45:00,QLD1,0.00795775
2024-04-12 13:50:00,QLD1,0.00814311
2024-04-12 13:55:00,QLD1,0.00781633
2024-04-12 14:00:00,QLD1,0.00874278
2024-04-12 14:05:00,QLD1,0.012831279999999999
2024-04-12 14:10:00,QLD1,0.008076100000000001
2024-04-12 14:15:00,QLD1,-0.0104
2024-04-12 14:20:00,QLD1,0.00826568
2024-04-12 14:25:00,QLD1,0.00965158
2024-04-12 14:30:00,QLD1,0.00964157
2024-04-12 14:35:00,QLD1,0.0
2024-04-12 14:40:00,QLD1,0.00778357
2024-04-12 14:45:00,QLD1,0.02517958
2024-04-12 14:50:00,QLD1,0.03855003
2024-04-12 14:55:00,QLD1,0.038549999999999994
2024-04-12 15:00:00,QLD1,0.0227274
2024-04-12 15:05:00,QLD1,0.01762801
2024-04-12 15:10:00,QLD1,0.018550280000000002
2024-04-12 15:15:00,QLD1,0.02323073
2024-04-12 15:20:00,QLD1,0.038549999999999994
2024-04-12 15:25:00,QLD1,0.04825205
2024-04-12 15:30:00,QLD1,0.048769959999999994
2024-04-12 15:35:00,QLD1,0.060738509999999996
2024-04-12 15:40:00,QLD1,0.059184579999999994
2024-04-12 15:45:00,QLD1,0.04875001
2024-04-12 15:50:00,QLD1,0.04875001
2024-04-12 15:55:00,QLD1,0.05955
2024-04-12 16:00:00,QLD1,0.12166716
2024-04-12 16:05:00,QLD1,0.05758774
2024-04-12 16:10:00,QLD1,0.059750010000000006
2024-04-12 16:15:00,QLD1,0.06747008
2024-04-12 16:20:00,QLD1,0.06273008000000001
2024-04-12 16:25:00,QLD1,0.06969843
2024-04-12 16:30:00,QLD1,0.0849
2024-04-12 16:35:00,QLD1,0.0849
2024-04-12 16:40:00,QLD1,0.09590586999999999
2024-04-12 16:45:00,QLD1,0.09931999999999999
2024-04-12 16:50:00,QLD1,0.13248196999999998
2024-04-12 16:55:00,QLD1,0.11276396
2024-04-12 17:00:00,QLD1,0.28575002
2024-04-12 17:05:00,QLD1,0.10573516
2024-04-12 17:10:00,QLD1,0.13898
2024-04-12 17:15:00,QLD1,0.26572817
2024-04-12 17:20:00,QLD1,0.19049000000000002
2024-04-12 17:25:00,QLD1,0.26155
2024-04-12 17:30:00,QLD1,0.28434562
2024-04-12 17:35:00,QLD1,0.19401
2024-04-12 17:40:00,QLD1,0.19049000000000002
2024-04-12 17:45:00,QLD1,0.19401
2024-04-12 17:50:00,QLD1,0.17765182999999998
2024-04-12 17:55:00,QLD1,0.14988580999999998
2024-04-12 18:00:00,QLD1,0.1916439
2024-04-12 18:05:00,QLD1,0.17202042
2024-04-12 18:10:00,QLD1,0.17419077
2024-04-12 18:15:00,QLD1,0.16015667
2024-04-12 18:20:00,QLD1,0.14247772
2024-04-12 18:25:00,QLD1,0.16938061
2024-04-12 18:30:00,QLD1,0.18264355000000002
2024-04-12 18:35:00,QLD1,0.18509896
2024-04-12 18:40:00,QLD1,0.14377083999999998
2024-04-12 18:45:00,QLD1,0.13898
2024-04-12 18:50:00,QLD1,0.13702503
2024-04-12 18:55:00,QLD1,0.13215118
2024-04-12 19:00:00,QLD1,0.13301
2024-04-12 19:05:00,QLD1,0.13847324
2024-04-12 19:10:00,QLD1,0.13196954
2024-04-12 19:15:00,QLD1,0.09899173
2024-04-12 19:20:00,QLD1,0.09901
2024-04-12 19:25:00,QLD1,0.08858978
2024-04-12 19:30:00,QLD1,0.08662547999999999
2024-04-12 19:35:00,QLD1,0.10135446000000001
2024-04-12 19:40:00,QLD1,0.09931999999999999
2024-04-12 19:45:00,QLD1,0.08555
2024-04-12 19:50:00,QLD1,0.09931999999999999
2024-04-12 19:55:00,QLD1,0.10188222000000001
2024-04-12 20:00:00,QLD1,0.09931999999999999
2024-04-12 20:05:00,QLD1,0.1179405
2024-04-12 20:10:00,QLD1,0.13404750999999998
2024-04-12 20:15:00,QLD1,0.13301
2024-04-12 20:20:00,QLD1,0.13301
2024-04-12 20:25:00,QLD1,0.13806281999999998
2024-04-12 20:30:00,QLD1,0.13424518
2024-04-12 20:35:00,QLD1,0.13586965
2024-04-12 20:40:00,QLD1,0.11312625
2024-04-12 20:45:00,QLD1,0.11329396
2024-04-12 20:50:00,QLD1,0.11317307
2024-04-12 20:55:00,QLD1,0.13104703
2024-04-12 21:00:00,QLD1,0.10069634999999999
2024-04-12 21:05:00,QLD1,0.13369073
2024-04-12 21:10:00,QLD1,0.16076126
2024-04-12 21:15:00,QLD1,0.13411680999999998
2024-04-12 21:20:00,QLD1,0.10294563999999999
2024-04-12 21:25:00,QLD1,0.10299786
2024-04-12 21:30:00,QLD1,0.09901
2024-04-12 21:35:00,QLD1,0.13301
2024-04-12 21:40:00,QLD1,0.13364119
2024-04-12 21:45:00,QLD1,0.09901
2024-04-12 21:50:00,QLD1,0.09901
2024-04-12 21:55:00,QLD1,0.09901
2024-04-12 22:00:00,QLD1,0.09901
2024-04-12 22:05:00,QLD1,0.10312161
2024-04-12 22:10:00,QLD1,0.18159726
2024-04-12 22:15:00,QLD1,0.14753198
2024-04-12 22:20:00,QLD1,0.15110487
2024-04-12 22:25:00,QLD1,0.17280075
2024-04-12 22:30:00,QLD1,0.15433786
2024-04-12 22:35:00,QLD1,0.13196632
2024-04-12 22:40:00,QLD1,0.15587953
2024-04-12 22:45:00,QLD1,0.19028769
2024-04-12 22:50:00,QLD1,0.15364866000000002
2024-04-12 22:55:00,QLD1,0.14552013
2024-04-12 23:00:00,QLD1,0.15241863
2024-04-12 23:05:00,QLD1,0.15008757
2024-04-12 23:10:00,QLD1,0.14886765
2024-04-12 23:15:00,QLD1,0.14743688
2024-04-12 23:20:00,QLD1,0.13136306
2024-04-12 23:25:00,QLD1,0.14237974
2024-04-12 23:30:00,QLD1,0.18299623
2024-04-12 23:35:00,QLD1,0.1348461
2024-04-12 23:40:00,QLD1,0.13626233
2024-04-12 23:45:00,QLD1,0.13197939
2024-04-12 23:50:00,QLD1,0.13139728
2024-04-12 23:55:00,QLD1,0.09869915
2024-04-13 00:00:00,QLD1,0.12294239
2024-04-13 00:05:00,QLD1,0.09790173
2024-04-13 00:10:00,QLD1,0.10005176
2024-04-13 00:15:00,QLD1,0.10010534
2024-04-13 00:20:00,QLD1,0.09950777999999999
2024-04-13 00:25:00,QLD1,0.09860018
2024-04-13 00:30:00,QLD1,0.09170027
2024-04-13 00:35:00,QLD1,0.09498281
2024-04-13 00:40:00,QLD1,0.09386757
2024-04-13 00:45:00,QLD1,0.08970758999999999
2024-04-13 00:50:00,QLD1,0.09037681
2024-04-13 00:55:00,QLD1,0.08082649
2024-04-13 01:00:00,QLD1,0.08190744999999999
2024-04-13 01:05:00,QLD1,0.08914549
2024-04-13 01:10:00,QLD1,0.09203523
2024-04-13 01:15:00,QLD1,0.08946404
2024-04-13 01:20:00,QLD1,0.08888482
2024-04-13 01:25:00,QLD1,0.08555
2024-04-13 01:30:00,QLD1,0.08575
2024-04-13 01:35:00,QLD1,0.08575
2024-04-13 01:40:00,QLD1,0.09014533
2024-04-13 01:45:00,QLD1,0.08575
2024-04-13 01:50:00,QLD1,0.09148784
2024-04-13 01:55:00,QLD1,0.08555
2024-04-13 02:00:00,QLD1,0.09603397
2024-04-13 02:05:00,QLD1,0.09249987
2024-04-13 02:10:00,QLD1,0.09748192
2024-04-13 02:15:00,QLD1,0.09372844999999999
2024-04-13 02:20:00,QLD1,0.08555
2024-04-13 02:25:00,QLD1,0.08555
2024-04-13 02:30:00,QLD1,0.08555
2024-04-13 02:35:00,QLD1,0.09415171
2024-04-13 02:40:00,QLD1,0.0935458
2024-04-13 02:45:00,QLD1,0.09416678
2024-04-13 02:50:00,QLD1,0.08803049
2024-04-13 02:55:00,QLD1,0.08575
2024-04-13 03:00:00,QLD1,0.09409795
2024-04-13 03:05:00,QLD1,0.08575
2024-04-13 03:10:00,QLD1,0.08813638
2024-04-13 03:15:00,QLD1,0.09276757000000001
2024-04-13 03:20:00,QLD1,0.08680418000000001
2024-04-13 03:25:00,QLD1,0.08555
2024-04-13 03:30:00,QLD1,0.09245207999999999
2024-04-13 03:35:00,QLD1,0.09331843999999999
2024-04-13 03:40:00,QLD1,0.09335027
2024-04-13 03:45:00,QLD1,0.08575
2024-04-13 03:50:00,QLD1,0.08555
2024-04-13 03:55:00,QLD1,0.08555
2024-04-13 04:00:00,QLD1,0.08575
2024-04-13 04:05:00,QLD1,0.08575
2024-04-13 04:10:00,QLD1,0.09804469
2024-04-13 04:15:00,QLD1,0.08575
2024-04-13 04:20:00,QLD1,0.08555
2024-04-13 04:25:00,QLD1,0.08555
2024-04-13 04:30:00,QLD1,0.08555
2024-04-13 04:35:00,QLD1,0.07397956
2024-04-13 04:40:00,QLD1,0.08575
2024-04-13 04:45:00,QLD1,0.09127889
2024-04-13 04:50:00,QLD1,0.08555
2024-04-13 04:55:00,QLD1,0.08555
2024-04-13 05:00:00,QLD1,0.08837
2024-04-13 05:05:00,QLD1,0.08575
2024-04-13 05:10:00,QLD1,0.08575
2024-04-13 05:15:00,QLD1,0.08575
2024-04-13 05:20:00,QLD1,0.09616713
2024-04-13 05:25:00,QLD1,0.09942000000000001
2024-04-13 05:30:00,QLD1,0.09694816
2024-04-13 05:35:00,QLD1,0.08575
2024-04-13 05:40:00,QLD1,0.10055
2024-04-13 05:45:00,QLD1,0.10055
2024-04-13 05:50:00,QLD1,0.13354172
2024-04-13 05:55:00,QLD1,0.12228652
2024-04-13 06:00:00,QLD1,0.13475159
2024-04-13 06:05:00,QLD1,0.10055
2024-04-13 06:10:00,QLD1,0.12086937
2024-04-13 06:15:00,QLD1,0.13431622999999998
2024-04-13 06:20:00,QLD1,0.13898
2024-04-13 06:25:00,QLD1,0.13898
2024-04-13 06:30:00,QLD1,0.24041863
2024-04-13 06:35:00,QLD1,0.12850384
2024-04-13 06:40:00,QLD1,0.12816229
2024-04-13 06:45:00,QLD1,0.11942984
2024-04-13 06:50:00,QLD1,0.10146184
2024-04-13 06:55:00,QLD1,0.08887733
2024-04-13 07:00:00,QLD1,0.08555
2024-04-13 07:05:00,QLD1,0.05975
2024-04-13 07:10:00,QLD1,0.03288044
2024-04-13 07:15:00,QLD1,0.03875
2024-04-13 07:20:00,QLD1,0.03875
2024-04-13 07:25:00,QLD1,0.0350524
2024-04-13 07:30:00,QLD1,0.0295153
2024-04-13 07:35:00,QLD1,0.029452680000000002
2024-04-13 07:40:00,QLD1,0.01884
2024-04-13 07:45:00,QLD1,0.01884
2024-04-13 07:50:00,QLD1,-0.009206830000000001
2024-04-13 07:55:00,QLD1,-0.0108
2024-04-13 08:00:00,QLD1,-0.01
2024-04-13 08:05:00,QLD1,-0.0108
2024-04-13 08:10:00,QLD1,-0.0108
2024-04-13 08:15:00,QLD1,-0.005
2024-04-13 08:20:00,QLD1,-0.0104
2024-04-13 08:25:00,QLD1,-0.0205
2024-04-13 08:30:00,QLD1,-0.0205
2024-04-13 08:35:00,QLD1,-0.0205
2024-04-13 08:40:00,QLD1,-0.0205
2024-04-13 08:45:00,QLD1,-0.0108
2024-04-13 08:50:00,QLD1,-0.0108
2024-04-13 08:55:00,QLD1,-0.0108
2024-04-13 09:00:00,QLD1,-0.0205
2024-04-13 09:05:00,QLD1,-0.0205
2024-04-13 09:10:00,QLD1,-0.0205
2024-04-13 09:15:00,QLD1,-0.0205
2024-04-13 09:20:00,QLD1,-0.0205
2024-04-13 09:25:00,QLD1,-0.0205
2024-04-13 09:30:00,QLD1,-0.0205
2024-04-13 09:35:00,QLD1,-0.0205
2024-04-13 09:40:00,QLD1,-0.0205
2024-04-13 09:45:00,QLD1,-0.0205
2024-04-13 09:50:00,QLD1,-0.0205
2024-04-13 09:55:00,QLD1,-0.0205
2024-04-13 10:00:00,QLD1,-0.0205
2024-04-13 10:05:00,QLD1,-0.0254
2024-04-13 10:10:00,QLD1,-0.0254
2024-04-13 10:15:00,QLD1,-0.0205
2024-04-13 10:20:00,QLD1,-0.0205
2024-04-13 10:25:00,QLD1,-0.0205
2024-04-13 10:30:00,QLD1,-0.0205
2024-04-13 10:35:00,QLD1,-0.035
2024-04-13 10:40:00,QLD1,-0.0254
2024-04-13 10:45:00,QLD1,-0.0254
2024-04-13 10:50:00,QLD1,-0.0205
2024-04-13 10:55:00,QLD1,-0.0205
2024-04-13 11:00:00,QLD1,-0.0205
2024-04-13 11:05:00,QLD1,-0.0205
2024-04-13 11:10:00,QLD1,-0.0205
2024-04-13 11:15:00,QLD1,-0.0205
2024-04-13 11:20:00,QLD1,-0.0205
2024-04-13 11:25:00,QLD1,-0.0205
2024-04-13 11:30:00,QLD1,-0.0108
2024-04-13 11:35:00,QLD1,-0.0205
2024-04-13 11:40:00,QLD1,-0.0205
2024-04-13 11:45:00,QLD1,-0.0205
2024-04-13 11:50:00,QLD1,-0.01198147
2024-04-13 11:55:00,QLD1,-0.0254
2024-04-13 12:00:00,QLD1,-0.0254
2024-04-13 12:05:00,QLD1,-0.0205
2024-04-13 12:10:00,QLD1,-0.0205
2024-04-13 12:15:00,QLD1,-0.0205
2024-04-13 12:20:00,QLD1,-0.0205
2024-04-13 12:25:00,QLD1,-0.0108
2024-04-13 12:30:00,QLD1,-0.0205
2024-04-13 12:35:00,QLD1,-0.0205
2024-04-13 12:40:00,QLD1,-0.0108
2024-04-13 12:45:00,QLD1,-0.005
2024-04-13 12:50:00,QLD1,-0.0205
2024-04-13 12:55:00,QLD1,-0.01
2024-04-13 13:00:00,QLD1,-0.01
2024-04-13 13:05:00,QLD1,0.00269903
2024-04-13 13:10:00,QLD1,0.00857322
2024-04-13 13:15:00,QLD1,0.01739976
2024-04-13 13:20:00,QLD1,0.01716024
2024-04-13 13:25:00,QLD1,0.01795888
2024-04-13 13:30:00,QLD1,-0.00817414
2024-04-13 13:35:00,QLD1,0.01737316
2024-04-13 13:40:00,QLD1,0.01961975
2024-04-13 13:45:00,QLD1,0.0
2024-04-13 13:50:00,QLD1,0.00896339
2024-04-13 13:55:00,QLD1,0.018136489999999998
2024-04-13 14:00:00,QLD1,0.038549999999999994
2024-04-13 14:05:00,QLD1,0.03475
2024-04-13 14:10:00,QLD1,0.038549999999999994
2024-04-13 14:15:00,QLD1,0.051385730000000004
2024-04-13 14:20:00,QLD1,0.038549999999999994
2024-04-13 14:25:00,QLD1,0.061729860000000004
2024-04-13 14:30:00,QLD1,0.04875
2024-04-13 14:35:00,QLD1,-0.0108
2024-04-13 14:40:00,QLD1,0.00851515
2024-04-13 14:45:00,QLD1,0.038549999999999994
2024-04-13 14:50:00,QLD1,0.038549999999999994
2024-04-13 14:55:00,QLD1,0.038549999999999994
2024-04-13 15:00:00,QLD1,0.02484809
2024-04-13 15:05:00,QLD1,0.019445499999999998
2024-04-13 15:10:00,QLD1,0.0233106
2024-04-13 15:15:00,QLD1,0.023668869999999998
2024-04-13 15:20:00,QLD1,0.038549999999999994
2024-04-13 15:25:00,QLD1,0.042409590000000004
2024-04-13 15:30:00,QLD1,0.04922315
2024-04-13 15:35:00,QLD1,0.048549999999999996
2024-04-13 15:40:00,QLD1,0.04647997
2024-04-13 15:45:00,QLD1,0.038549999999999994
2024-04-13 15:50:00,QLD1,0.048549999999999996
2024-04-13 15:55:00,QLD1,0.05627997
2024-04-13 16:00:00,QLD1,0.0555621
2024-04-13 16:05:00,QLD1,0.05972735
2024-04-13 16:10:00,QLD1,0.05975
2024-04-13 16:15:00,QLD1,0.06008201
2024-04-13 16:20:00,QLD1,0.08604595999999999
2024-04-13 16:25:00,QLD1,0.09392999
2024-04-13 16:30:00,QLD1,0.11184686
2024-04-13 16:35:00,QLD1,0.06386153
2024-04-13 16:40:00,QLD1,0.06273006
2024-04-13 16:45:00,QLD1,0.08072324
2024-04-13 16:50:00,QLD1,0.13332471
2024-04-13 16:55:00,QLD1,0.26155
2024-04-13 17:00:00,QLD1,0.17741756
2024-04-13 17:05:00,QLD1,0.27697638
2024-04-13 17:10:00,QLD1,0.18635918
2024-04-13 17:15:00,QLD1,0.26874581000000003
2024-04-13 17:20:00,QLD1,0.29017675000000004
2024-04-13 17:25:00,QLD1,0.28575
2024-04-13 17:30:00,QLD1,0.28299836
2024-04-13 17:35:00,QLD1,0.28530268999999997
2024-04-13 17:40:00,QLD1,0.28003891
2024-04-13 17:45:00,QLD1,0.26100999999999996
2024-04-13 17:50:00,QLD1,0.26100999999999996
2024-04-13 17:55:00,QLD1,0.27914618
2024-04-13 18:00:00,QLD1,0.27758758
2024-04-13 18:05:00,QLD1,0.19049000000000002
2024-04-13 18:10:00,QLD1,0.19049000000000002
2024-04-13 18:15:00,QLD1,0.25048245
2024-04-13 18:20:00,QLD1,0.24140450000000002
2024-04-13 18:25:00,QLD1,0.19049000000000002
2024-04-13 18:30:00,QLD1,0.19663
2024-04-13 18:35:00,QLD1,0.17812967000000002
2024-04-13 18:40:00,QLD1,0.18102395999999998
2024-04-13 18:45:00,QLD1,0.16945939000000002
2024-04-13 18:50:00,QLD1,0.16896311
2024-04-13 18:55:00,QLD1,0.13899
2024-04-13 19:00:00,QLD1,0.13899
2024-04-13 19:05:00,QLD1,0.13899
2024-04-13 19:10:00,QLD1,0.16576338000000002
2024-04-13 19:15:00,QLD1,0.1553305
2024-04-13 19:20:00,QLD1,0.15031003999999998
2024-04-13 19:25:00,QLD1,0.12890482
2024-04-13 19:30:00,QLD1,0.12641505
2024-04-13 19:35:00,QLD1,0.12833403999999998
2024-04-13 19:40:00,QLD1,0.12730301
2024-04-13 19:45:00,QLD1,0.12663954
2024-04-13 19:50:00,QLD1,0.12630571000000002
2024-04-13 19:55:00,QLD1,0.12722321
2024-04-13 20:00:00,QLD1,0.12842699
2024-04-13 20:05:00,QLD1,0.12832047
2024-04-13 20:10:00,QLD1,0.12654951
2024-04-13 20:15:00,QLD1,0.11575
2024-04-13 20:20:00,QLD1,0.11178647
2024-04-13 20:25:00,QLD1,0.11238788
2024-04-13 20:30:00,QLD1,0.09931999999999999
2024-04-13 20:35:00,QLD1,0.11192304
2024-04-13 20:40:00,QLD1,0.10975244
2024-04-13 20:45:00,QLD1,0.12082519000000001
2024-04-13 20:50:00,QLD1,0.12049757999999999
2024-04-13 20:55:00,QLD1,0.12068604999999999
2024-04-13 21:00:00,QLD1,0.12379578
2024-04-13 21:05:00,QLD1,0.12191377
2024-04-13 21:10:00,QLD1,0.12293637
2024-04-13 21:15:00,QLD1,0.12283325
2024-04-13 21:20:00,QLD1,0.12111437
2024-04-13 21:25:00,QLD1,0.12031355
2024-04-13 21:30:00,QLD1,0.0985
2024-04-13 21:35:00,QLD1,0.11926049999999999
2024-04-13 21:40:00,QLD1,0.11844447
2024-04-13 21:45:00,QLD1,0.11999377
2024-04-13 21:50:00,QLD1,0.11829324
2024-04-13 21:55:00,QLD1,0.10831675
2024-04-13 22:00:00,QLD1,0.09433716
2024-04-13 22:05:00,QLD1,0.12044463
2024-04-13 22:10:00,QLD1,0.14562999999999998
2024-04-13 22:15:00,QLD1,0.12936556999999999
2024-04-13 22:20:00,QLD1,0.12646154
2024-04-13 22:25:00,QLD1,0.12277254000000001
2024-04-13 22:30:00,QLD1,0.12880336
2024-04-13 22:35:00,QLD1,0.12672563
2024-04-13 22:40:00,QLD1,0.12577242
2024-04-13 22:45:00,QLD1,0.12175662
2024-04-13 22:50:00,QLD1,0.12566682
2024-04-13 22:55:00,QLD1,0.12419451
2024-04-13 23:00:00,QLD1,0.12466218000000001
2024-04-13 23:05:00,QLD1,0.10055
2024-04-13 23:10:00,QLD1,0.13899
2024-04-13 23:15:00,QLD1,0.13899
2024-04-13 23:20:00,QLD1,0.1265385
2024-04-13 23:25:00,QLD1,0.11807894000000001
2024-04-13 23:30:00,QLD1,0.1171616
2024-04-13 23:35:00,QLD1,0.10055
2024-04-13 23:40:00,QLD1,0.19074000000000002
2024-04-13 23:45:00,QLD1,0.10865432
2024-04-13 23:50:00,QLD1,0.11485642
2024-04-13 23:55:00,QLD1,0.11482416000000001
2024-04-14 00:00:00,QLD1,0.10055
2024-04-14 00:05:00,QLD1,0.13897
2024-04-14 00:10:00,QLD1,0.10055
2024-04-14 00:15:00,QLD1,0.09942000000000001
2024-04-14 00:20:00,QLD1,0.09146797999999999
2024-04-14 00:25:00,QLD1,0.09210447000000001
2024-04-14 00:30:00,QLD1,0.09125048
2024-04-14 00:35:00,QLD1,0.09853105
2024-04-14 00:40:00,QLD1,0.13899
2024-04-14 00:45:00,QLD1,0.09390775999999999
2024-04-14 00:50:00,QLD1,0.10055
2024-04-14 00:55:00,QLD1,0.10055
2024-04-14 01:00:00,QLD1,0.09496533
2024-04-14 01:05:00,QLD1,0.09566431
2024-04-14 01:10:00,QLD1,0.09532753
2024-04-14 01:15:00,QLD1,0.10055
2024-04-14 01:20:00,QLD1,0.08575
2024-04-14 01:25:00,QLD1,0.08575
2024-04-14 01:30:00,QLD1,0.08575
2024-04-14 01:35:00,QLD1,0.08734220999999999
2024-04-14 01:40:00,QLD1,0.09430264
2024-04-14 01:45:00,QLD1,0.10055
2024-04-14 01:50:00,QLD1,0.09549318
2024-04-14 01:55:00,QLD1,0.09705899
2024-04-14 02:00:00,QLD1,0.0916464
2024-04-14 02:05:00,QLD1,0.08575
2024-04-14 02:10:00,QLD1,0.09688973
2024-04-14 02:15:00,QLD1,0.09658838
2024-04-14 02:20:00,QLD1,0.08575
2024-04-14 02:25:00,QLD1,0.08575
2024-04-14 02:30:00,QLD1,0.08575
2024-04-14 02:35:00,QLD1,0.10055
2024-04-14 02:40:00,QLD1,0.09637939
2024-04-14 02:45:00,QLD1,0.09637401
2024-04-14 02:50:00,QLD1,0.09634641000000001
2024-04-14 02:55:00,QLD1,0.10055
2024-04-14 03:00:00,QLD1,0.09666679
2024-04-14 03:05:00,QLD1,0.09638638000000001
2024-04-14 03:10:00,QLD1,0.09575365
2024-04-14 03:15:00,QLD1,0.09664618
2024-04-14 03:20:00,QLD1,0.09638911
2024-04-14 03:25:00,QLD1,0.08555
2024-04-14 03:30:00,QLD1,0.08575
2024-04-14 03:35:00,QLD1,0.08575
2024-04-14 03:40:00,QLD1,0.09419938
2024-04-14 03:45:00,QLD1,0.09688791000000001
2024-04-14 03:50:00,QLD1,0.09622897
2024-04-14 03:55:00,QLD1,0.09687773
2024-04-14 04:00:00,QLD1,0.09216764000000001
2024-04-14 04:05:00,QLD1,0.10011909
2024-04-14 04:10:00,QLD1,0.10055
2024-04-14 04:15:00,QLD1,0.09625007
2024-04-14 04:20:00,QLD1,0.09708879000000001
2024-04-14 04:25:00,QLD1,0.10055
2024-04-14 04:30:00,QLD1,0.09617637000000001
2024-04-14 04:35:00,QLD1,0.08575
2024-04-14 04:40:00,QLD1,0.09555225
2024-04-14 04:45:00,QLD1,0.09628888000000001
2024-04-14 04:50:00,QLD1,0.09497962
2024-04-14 04:55:00,QLD1,0.09495187
2024-04-14 05:00:00,QLD1,0.10055
2024-04-14 05:05:00,QLD1,0.09938079999999999
2024-04-14 05:10:00,QLD1,0.10008194000000001
2024-04-14 05:15:00,QLD1,0.10033069
2024-04-14 05:20:00,QLD1,0.09814608
2024-04-14 05:25:00,QLD1,0.10055
2024-04-14 05:30:00,QLD1,0.09867669999999999
2024-04-14 05:35:00,QLD1,0.06273008000000001
2024-04-14 05:40:00,QLD1,0.08555
2024-04-14 05:45:00,QLD1,0.062360109999999996
2024-04-14 05:50:00,QLD1,0.07248085
2024-04-14 05:55:00,QLD1,0.08555
2024-04-14 06:00:00,QLD1,0.08555
2024-04-14 06:05:00,QLD1,0.10438902
2024-04-14 06:10:00,QLD1,0.10176484000000001
2024-04-14 06:15:00,QLD1,0.10055
2024-04-14 06:20:00,QLD1,0.10300413
2024-04-14 06:25:00,QLD1,0.10055
2024-04-14 06:30:00,QLD1,0.10055
2024-04-14 06:35:00,QLD1,0.13899
2024-04-14 06:40:00,QLD1,0.10054998000000001
2024-04-14 06:45:00,QLD1,0.08555
2024-04-14 06:50:00,QLD1,0.05975
2024-04-14 06:55:00,QLD1,0.04875
2024-04-14 07:00:00,QLD1,0.048549999999999996
2024-04-14 07:05:00,QLD1,0.05143706
2024-04-14 07:10:00,QLD1,0.03288044
2024-04-14 07:15:00,QLD1,0.038549999999999994
2024-04-14 07:20:00,QLD1,0.03875
2024-04-14 07:25:00,QLD1,0.02928505
2024-04-14 07:30:00,QLD1,-0.00010318
2024-04-14 07:35:00,QLD1,-0.0205
2024-04-14 07:40:00,QLD1,-0.035
2024-04-14 07:45:00,QLD1,-0.035
2024-04-14 07:50:00,QLD1,-0.0254
2024-04-14 07:55:00,QLD1,-0.0372914
2024-04-14 08:00:00,QLD1,-0.037359909999999996
2024-04-14 08:05:00,QLD1,-0.037645269999999995
2024-04-14 08:10:00,QLD1,-0.03582
2024-04-14 08:15:00,QLD1,-0.0254
2024-04-14 08:20:00,QLD1,-0.0254
2024-04-14 08:25:00,QLD1,-0.0254
2024-04-14 08:30:00,QLD1,-0.03582
2024-04-14 08:35:00,QLD1,-0.0416
2024-04-14 08:40:00,QLD1,-0.0416
2024-04-14 08:45:00,QLD1,-0.0416
2024-04-14 08:50:00,QLD1,-0.0416
2024-04-14 08:55:00,QLD1,-0.0416
2024-04-14 09:00:00,QLD1,-0.03950565
2024-04-14 09:05:00,QLD1,-0.04506
2024-04-14 09:10:00,QLD1,-0.04506
2024-04-14 09:15:00,QLD1,-0.04201
2024-04-14 09:20:00,QLD1,-0.04506
2024-04-14 09:25:00,QLD1,-0.04506
2024-04-14 09:30:00,QLD1,-0.04501
2024-04-14 09:35:00,QLD1,-0.04026134
2024-04-14 09:40:00,QLD1,-0.044666
2024-04-14 09:45:00,QLD1,-0.04473872
2024-04-14 09:50:00,QLD1,-0.03657
2024-04-14 09:55:00,QLD1,-0.03612724
2024-04-14 10:00:00,QLD1,-0.04157
2024-04-14 10:05:00,QLD1,-0.04103382
2024-04-14 10:10:00,QLD1,-0.04419941
2024-04-14 10:15:00,QLD1,-0.041205280000000004
2024-04-14 10:20:00,QLD1,-0.04059935
2024-04-14 10:25:00,QLD1,-0.042765250000000005
2024-04-14 10:30:00,QLD1,-0.04443019
2024-04-14 10:35:00,QLD1,-0.0416
2024-04-14 10:40:00,QLD1,-0.0430168
2024-04-14 10:45:00,QLD1,-0.04429144
2024-04-14 10:50:00,QLD1,-0.0416
2024-04-14 10:55:00,QLD1,-0.03657
2024-04-14 11:00:00,QLD1,-0.03657
2024-04-14 11:05:00,QLD1,-0.04157
2024-04-14 11:10:00,QLD1,-0.041271129999999996
2024-04-14 11:15:00,QLD1,-0.03657
2024-04-14 11:20:00,QLD1,-0.03582
2024-04-14 11:25:00,QLD1,-0.035499720000000005
2024-04-14 11:30:00,QLD1,-0.035009639999999995
2024-04-14 11:35:00,QLD1,-0.04079874
2024-04-14 11:40:00,QLD1,-0.04104239
2024-04-14 11:45:00,QLD1,-0.04198512
2024-04-14 11:50:00,QLD1,-0.04482403
2024-04-14 11:55:00,QLD1,-0.04476661
2024-04-14 12:00:00,QLD1,-0.04184282
2024-04-14 12:05:00,QLD1,-0.04088207
2024-04-14 12:10:00,QLD1,-0.04363386
2024-04-14 12:15:00,QLD1,-0.04092749
2024-04-14 12:20:00,QLD1,-0.04112868
2024-04-14 12:25:00,QLD1,-0.042260019999999995
2024-04-14 12:30:00,QLD1,-0.0416
2024-04-14 12:35:00,QLD1,-0.0416
2024-04-14 12:40:00,QLD1,-0.0254
2024-04-14 12:45:00,QLD1,-0.035
2024-04-14 12:50:00,QLD1,-0.03582
2024-04-14 12:55:00,QLD1,-0.0254
2024-04-14 13:00:00,QLD1,-0.03582
2024-04-14 13:05:00,QLD1,-0.0205
2024-04-14 13:10:00,QLD1,-0.0254
2024-04-14 13:15:00,QLD1,-0.0254
2024-04-14 13:20:00,QLD1,-0.0254
2024-04-14 13:25:00,QLD1,-0.0205
2024-04-14 13:30:00,QLD1,-0.0205
2024-04-14 13:35:00,QLD1,-0.0205
2024-04-14 13:40:00,QLD1,-0.0205
2024-04-14 13:45:00,QLD1,-0.0205
2024-04-14 13:50:00,QLD1,-0.0205
2024-04-14 13:55:00,QLD1,-0.01
2024-04-14 14:00:00,QLD1,-0.0108
2024-04-14 14:05:00,QLD1,-0.01
2024-04-14 14:10:00,QLD1,-0.00807381
2024-04-14 14:15:00,QLD1,-0.013125159999999999
2024-04-14 14:20:00,QLD1,0.00490097
2024-04-14 14:25:00,QLD1,0.00746091
2024-04-14 14:30:00,QLD1,0.02244911
2024-04-14 14:35:00,QLD1,-0.009999969999999999
2024-04-14 14:40:00,QLD1,0.02180491
2024-04-14 14:45:00,QLD1,0.061729860000000004
2024-04-14 14:50:00,QLD1,0.04928987
2024-04-14 14:55:00,QLD1,1.9e-05
2024-04-14 15:00:00,QLD1,0.035013829999999996
2024-04-14 15:05:00,QLD1,0.03475
2024-04-14 15:10:00,QLD1,0.00060996
2024-04-14 15:15:00,QLD1,0.017320239999999997
2024-04-14 15:20:00,QLD1,0.00815516
2024-04-14 15:25:00,QLD1,0.01757761
2024-04-14 15:30:00,QLD1,0.05282192
2024-04-14 15:35:00,QLD1,0.0239475
2024-04-14 15:40:00,QLD1,0.02357832
2024-04-14 15:45:00,QLD1,0.038549999999999994
2024-04-14 15:50:00,QLD1,0.058079
2024-04-14 15:55:00,QLD1,0.03875
2024-04-14 16:00:00,QLD1,0.04875
2024-04-14 16:05:00,QLD1,0.0567658
2024-04-14 16:10:00,QLD1,0.05955
2024-04-14 16:15:00,QLD1,0.06273014
2024-04-14 16:20:00,QLD1,0.0627301
2024-04-14 16:25:00,QLD1,0.08568332
2024-04-14 16:30:00,QLD1,0.1262123
2024-04-14 16:35:00,QLD1,0.11285796999999999
2024-04-14 16:40:00,QLD1,0.13102976000000002
2024-04-14 16:45:00,QLD1,0.26155
2024-04-14 16:50:00,QLD1,0.28575
2024-04-14 16:55:00,QLD1,0.13772362000000002
2024-04-14 17:00:00,QLD1,0.13370508
2024-04-14 17:05:00,QLD1,0.14562999999999998
2024-04-14 17:10:00,QLD1,0.26300999999999997
2024-04-14 17:15:00,QLD1,0.19663
2024-04-14 17:20:00,QLD1,0.28445591000000003
2024-04-14 17:25:00,QLD1,0.26394643
2024-04-14 17:30:00,QLD1,0.28891374999999997
2024-04-14 17:35:00,QLD1,0.29624564
2024-04-14 17:40:00,QLD1,0.28575
2024-04-14 17:45:00,QLD1,0.27170474
2024-04-14 17:50:00,QLD1,0.29149914
2024-04-14 17:55:00,QLD1,0.29368912999999996
2024-04-14 18:00:00,QLD1,0.29028003999999996
2024-04-14 18:05:00,QLD1,0.28939
2024-04-14 18:10:00,QLD1,0.28575
2024-04-14 18:15:00,QLD1,0.27766746999999997
2024-04-14 18:20:00,QLD1,0.26873811999999997
2024-04-14 18:25:00,QLD1,0.22139532
2024-04-14 18:30:00,QLD1,0.27697706
2024-04-14 18:35:00,QLD1,0.24597208
2024-04-14 18:40:00,QLD1,0.28575
2024-04-14 18:45:00,QLD1,0.25109534
2024-04-14 18:50:00,QLD1,0.19067235
2024-04-14 18:55:00,QLD1,0.19049000000000002
2024-04-14 19:00:00,QLD1,0.17554739
2024-04-14 19:05:00,QLD1,0.27802101
2024-04-14 19:10:00,QLD1,0.24490336
2024-04-14 19:15:00,QLD1,0.17968673999999998
2024-04-14 19:20:00,QLD1,0.16297499
2024-04-14 19:25:00,QLD1,0.16386481
2024-04-14 19:30:00,QLD1,0.16676505
2024-04-14 19:35:00,QLD1,0.12620645
2024-04-14 19:40:00,QLD1,0.10213456
2024-04-14 19:45:00,QLD1,0.12607935
2024-04-14 19:50:00,QLD1,0.13897
2024-04-14 19:55:00,QLD1,0.1452
2024-04-14 20:00:00,QLD1,0.12498352
2024-04-14 20:05:00,QLD1,0.16881005
2024-04-14 20:10:00,QLD1,0.26300999999999997
2024-04-14 20:15:00,QLD1,0.2596257
2024-04-14 20:20:00,QLD1,0.25380005
2024-04-14 20:25:00,QLD1,0.19049000000000002
2024-04-14 20:30:00,QLD1,0.23772004000000002
2024-04-14 20:35:00,QLD1,0.2298552
2024-04-14 20:40:00,QLD1,0.26155
2024-04-14 20:45:00,QLD1,0.26155
2024-04-14 20:50:00,QLD1,0.27072948
2024-04-14 20:55:00,QLD1,0.231545
2024-04-14 21:00:00,QLD1,0.24813523
2024-04-14 21:05:00,QLD1,0.26300999999999997
2024-04-14 21:10:00,QLD1,0.27245409
2024-04-14 21:15:00,QLD1,0.26300999999999997
2024-04-14 21:20:00,QLD1,0.25539269
2024-04-14 21:25:00,QLD1,0.11575
2024-04-14 21:30:00,QLD1,0.13897
2024-04-14 21:35:00,QLD1,0.10325714999999999
2024-04-14 21:40:00,QLD1,0.24090759
2024-04-14 21:45:00,QLD1,0.0985
2024-04-14 21:50:00,QLD1,0.09942000000000001
2024-04-14 21:55:00,QLD1,0.09931999999999999
2024-04-14 22:00:00,QLD1,0.09774975999999999
2024-04-14 22:05:00,QLD1,0.1135
2024-04-14 22:10:00,QLD1,0.1452
2024-04-14 22:15:00,QLD1,0.19276
2024-04-14 22:20:00,QLD1,0.1452
2024-04-14 22:25:00,QLD1,0.19049000000000002
2024-04-14 22:30:00,QLD1,0.1532853
2024-04-14 22:35:00,QLD1,0.15522981
2024-04-14 22:40:00,QLD1,0.15327999
2024-04-14 22:45:00,QLD1,0.20741698
2024-04-14 22:50:00,QLD1,0.20562823
2024-04-14 22:55:00,QLD1,0.10055
2024-04-14 23:00:00,QLD1,0.11910724
2024-04-14 23:05:00,QLD1,0.10121158
2024-04-14 23:10:00,QLD1,0.16253610000000002
2024-04-14 23:15:00,QLD1,0.19049000000000002
2024-04-14 23:20:00,QLD1,0.13897
2024-04-14 23:25:00,QLD1,0.13897
2024-04-14 23:30:00,QLD1,0.13897
2024-04-14 23:35:00,QLD1,0.10055
2024-04-14 23:40:00,QLD1,0.21914967
2024-04-14 23:45:00,QLD1,0.11862743
2024-04-14 23:50:00,QLD1,0.09584958
2024-04-14 23:55:00,QLD1,0.10055
2024-04-15 00:00:00,QLD1,0.13897
2024-04-15 00:05:00,QLD1,0.10055
2024-04-15 00:10:00,QLD1,0.1157251
2024-04-15 00:15:00,QLD1,0.11959733
2024-04-15 00:20:00,QLD1,0.1190286
2024-04-15 00:25:00,QLD1,0.09722505
2024-04-15 00:30:00,QLD1,0.09950412
2024-04-15 00:35:00,QLD1,0.10055
2024-04-15 00:40:00,QLD1,0.10055
2024-04-15 00:45:00,QLD1,0.10055
2024-04-15 00:50:00,QLD1,0.08575
2024-04-15 00:55:00,QLD1,0.10055
2024-04-15 01:00:00,QLD1,0.10055
2024-04-15 01:05:00,QLD1,0.19030000000000002
2024-04-15 01:10:00,QLD1,0.11678001
2024-04-15 01:15:00,QLD1,0.11752097
2024-04-15 01:20:00,QLD1,0.10055
2024-04-15 01:25:00,QLD1,0.10055
2024-04-15 01:30:00,QLD1,0.10055
2024-04-15 01:35:00,QLD1,0.10055
2024-04-15 01:40:00,QLD1,0.20804708
2024-04-15 01:45:00,QLD1,0.10055
2024-04-15 01:50:00,QLD1,0.10055
2024-04-15 01:55:00,QLD1,0.10132897
2024-04-15 02:00:00,QLD1,0.09303971
2024-04-15 02:05:00,QLD1,0.10055
2024-04-15 02:10:00,QLD1,0.10055
2024-04-15 02:15:00,QLD1,0.10055
2024-04-15 02:20:00,QLD1,0.09720472
2024-04-15 02:25:00,QLD1,0.10055
2024-04-15 02:30:00,QLD1,0.08575
2024-04-15 02:35:00,QLD1,0.08575
2024-04-15 02:40:00,QLD1,0.10055
2024-04-15 02:45:00,QLD1,0.10055
2024-04-15 02:50:00,QLD1,0.10055
2024-04-15 02:55:00,QLD1,0.10196977
2024-04-15 03:00:00,QLD1,0.09941667
2024-04-15 03:05:00,QLD1,0.10591971
2024-04-15 03:10:00,QLD1,0.10055
2024-04-15 03:15:00,QLD1,0.10055
2024-04-15 03:20:00,QLD1,0.13810392999999999
2024-04-15 03:25:00,QLD1,0.13779072
2024-04-15 03:30:00,QLD1,0.10178758
2024-04-15 03:35:00,QLD1,0.10055
2024-04-15 03:40:00,QLD1,0.10055
2024-04-15 03:45:00,QLD1,0.09572574
2024-04-15 03:50:00,QLD1,0.10166699
2024-04-15 03:55:00,QLD1,0.111452
2024-04-15 04:00:00,QLD1,0.10064535
2024-04-15 04:05:00,QLD1,0.09942000000000001
2024-04-15 04:10:00,QLD1,0.10055
2024-04-15 04:15:00,QLD1,0.10306666
2024-04-15 04:20:00,QLD1,0.10055
2024-04-15 04:25:00,QLD1,0.10055
2024-04-15 04:30:00,QLD1,0.10055
2024-04-15 04:35:00,QLD1,0.10272668
2024-04-15 04:40:00,QLD1,0.10543664
2024-04-15 04:45:00,QLD1,0.10055
2024-04-15 04:50:00,QLD1,0.10055
2024-04-15 04:55:00,QLD1,0.10055
2024-04-15 05:00:00,QLD1,0.12000575000000001
2024-04-15 05:05:00,QLD1,0.09495571
2024-04-15 05:10:00,QLD1,0.11946863999999999
2024-04-15 05:15:00,QLD1,0.11944479
2024-04-15 05:20:00,QLD1,0.15528126
2024-04-15 05:25:00,QLD1,0.11873563
2024-04-15 05:30:00,QLD1,0.23177783
2024-04-15 05:35:00,QLD1,0.21069283
2024-04-15 05:40:00,QLD1,0.22852787
2024-04-15 05:45:00,QLD1,0.12147898
2024-04-15 05:50:00,QLD1,0.15204379
2024-04-15 05:55:00,QLD1,0.25482772
2024-04-15 06:00:00,QLD1,0.26722987
2024-04-15 06:05:00,QLD1,0.16234742
2024-04-15 06:10:00,QLD1,0.24652722
2024-04-15 06:15:00,QLD1,0.26315175
2024-04-15 06:20:00,QLD1,0.26723519
2024-04-15 06:25:00,QLD1,0.26576711999999997
2024-04-15 06:30:00,QLD1,0.27226503
2024-04-15 06:35:00,QLD1,0.26232363
2024-04-15 06:40:00,QLD1,0.25904558
2024-04-15 06:45:00,QLD1,0.24216022
2024-04-15 06:50:00,QLD1,0.23068609
2024-04-15 06:55:00,QLD1,0.19049000000000002
2024-04-15 07:00:00,QLD1,0.13898
2024-04-15 07:05:00,QLD1,0.13898
2024-04-15 07:10:00,QLD1,0.10055
2024-04-15 07:15:00,QLD1,0.06808687000000001
2024-04-15 07:20:00,QLD1,0.01884
2024-04-15 07:25:00,QLD1,0.05975
2024-04-15 07:30:00,QLD1,0.03381432
2024-04-15 07:35:00,QLD1,0.04854998
2024-04-15 07:40:00,QLD1,0.03875
2024-04-15 07:45:00,QLD1,0.03038054
2024-04-15 07:50:00,QLD1,0.03490177
2024-04-15 07:55:00,QLD1,0.01884
2024-04-15 08:00:00,QLD1,0.01884
2024-04-15 08:05:00,QLD1,0.03475
2024-04-15 08:10:00,QLD1,0.038550020000000004
2024-04-15 08:15:00,QLD1,0.03475
2024-04-15 08:20:00,QLD1,0.03475
2024-04-15 08:25:00,QLD1,0.038549999999999994
2024-04-15 08:30:00,QLD1,0.03475
2024-04-15 08:35:00,QLD1,0.03475
2024-04-15 08:40:00,QLD1,0.08356312
2024-04-15 08:45:00,QLD1,0.03875
2024-04-15 08:50:00,QLD1,0.035638170000000004
2024-04-15 08:55:00,QLD1,0.03655
2024-04-15 09:00:00,QLD1,0.03475
2024-04-15 09:05:00,QLD1,0.03299008
2024-04-15 09:10:00,QLD1,0.034571939999999995
2024-04-15 09:15:00,QLD1,0.03475
2024-04-15 09:20:00,QLD1,0.03473446
2024-04-15 09:25:00,QLD1,0.03475009
2024-04-15 09:30:00,QLD1,0.03475
2024-04-15 09:35:00,QLD1,0.02699996
2024-04-15 09:40:00,QLD1,-0.0108
2024-04-15 09:45:00,QLD1,0.0053
2024-04-15 09:50:00,QLD1,-0.0104
2024-04-15 09:55:00,QLD1,0.01037009
2024-04-15 10:00:00,QLD1,-0.0205
2024-04-15 10:05:00,QLD1,-0.0205
2024-04-15 10:10:00,QLD1,-0.0108
2024-04-15 10:15:00,QLD1,-0.0108
2024-04-15 10:20:00,QLD1,-0.01
2024-04-15 10:25:00,QLD1,0.02598
2024-04-15 10:30:00,QLD1,-0.0105
2024-04-15 10:35:00,QLD1,0.01581213
2024-04-15 10:40:00,QLD1,0.038549999999999994
2024-04-15 10:45:00,QLD1,0.03517676
2024-04-15 10:50:00,QLD1,0.01467864
2024-04-15 10:55:00,QLD1,-0.0104
2024-04-15 11:00:00,QLD1,0.01570305
2024-04-15 11:05:00,QLD1,-0.00799354
2024-04-15 11:10:00,QLD1,1.702e-05
2024-04-15 11:15:00,QLD1,-0.00806551
2024-04-15 11:20:00,QLD1,-0.00822235
2024-04-15 11:25:00,QLD1,0.00766454
2024-04-15 11:30:00,QLD1,0.018060490000000002
2024-04-15 11:35:00,QLD1,1.704e-05
2024-04-15 11:40:00,QLD1,0.017492349999999997
2024-04-15 11:45:00,QLD1,0.01754832
2024-04-15 11:50:00,QLD1,0.01847379
2024-04-15 11:55:00,QLD1,0.017964980000000002
2024-04-15 12:00:00,QLD1,0.0327716
2024-04-15 12:05:00,QLD1,0.034750039999999996
2024-04-15 12:10:00,QLD1,0.03276676
2024-04-15 12:15:00,QLD1,0.05978217
2024-04-15 12:20:00,QLD1,0.04333551
2024-04-15 12:25:00,QLD1,0.03419318
2024-04-15 12:30:00,QLD1,0.03375972
2024-04-15 12:35:00,QLD1,0.034750039999999996
2024-04-15 12:40:00,QLD1,0.04497695
2024-04-15 12:45:00,QLD1,0.04022248
2024-04-15 12:50:00,QLD1,0.03875
2024-04-15 12:55:00,QLD1,0.038549999999999994
2024-04-15 13:00:00,QLD1,0.038549999999999994
2024-04-15 13:05:00,QLD1,0.03494
2024-04-15 13:10:00,QLD1,0.03875
2024-04-15 13:15:00,QLD1,0.03475
2024-04-15 13:20:00,QLD1,0.036771500000000006
2024-04-15 13:25:00,QLD1,0.03718589
2024-04-15 13:30:00,QLD1,0.039231789999999996
2024-04-15 13:35:00,QLD1,0.048549999999999996
2024-04-15 13:40:00,QLD1,0.02306937
2024-04-15 13:45:00,QLD1,0.048549999999999996
2024-04-15 13:50:00,QLD1,0.03875
2024-04-15 13:55:00,QLD1,0.048549999999999996
2024-04-15 14:00:00,QLD1,0.05166154
2024-04-15 14:05:00,QLD1,0.04710769
2024-04-15 14:10:00,QLD1,0.04001587
2024-04-15 14:15:00,QLD1,0.05975
2024-04-15 14:20:00,QLD1,0.06931570000000001
2024-04-15 14:25:00,QLD1,0.06926489
2024-04-15 14:30:00,QLD1,0.07122239000000001
2024-04-15 14:35:00,QLD1,0.05955
2024-04-15 14:40:00,QLD1,0.04875
2024-04-15 14:45:00,QLD1,0.06273
2024-04-15 14:50:00,QLD1,0.06448334
2024-04-15 14:55:00,QLD1,0.09200316
2024-04-15 15:00:00,QLD1,0.13527051
2024-04-15 15:05:00,QLD1,0.08575
2024-04-15 15:10:00,QLD1,0.06328079
2024-04-15 15:15:00,QLD1,0.08575
2024-04-15 15:20:00,QLD1,0.08555
2024-04-15 15:25:00,QLD1,0.06273
2024-04-15 15:30:00,QLD1,0.0940932
2024-04-15 15:35:00,QLD1,0.09131267
2024-04-15 15:40:00,QLD1,0.06900001
2024-04-15 15:45:00,QLD1,0.09074460999999999
2024-04-15 15:50:00,QLD1,0.09258575000000001
2024-04-15 15:55:00,QLD1,0.11800704000000001
2024-04-15 16:00:00,QLD1,0.12986170000000002
2024-04-15 16:05:00,QLD1,0.06273008000000001
2024-04-15 16:10:00,QLD1,0.05955
2024-04-15 16:15:00,QLD1,0.06273008000000001
2024-04-15 16:20:00,QLD1,0.13858746
2024-04-15 16:25:00,QLD1,0.13898
2024-04-15 16:30:00,QLD1,0.27528625
2024-04-15 16:35:00,QLD1,0.1452
2024-04-15 16:40:00,QLD1,0.28455474
2024-04-15 16:45:00,QLD1,0.29413412
2024-04-15 16:50:00,QLD1,0.28575
2024-04-15 16:55:00,QLD1,0.29450216999999995
2024-04-15 17:00:00,QLD1,0.29464328
2024-04-15 17:05:00,QLD1,0.28575
2024-04-15 17:10:00,QLD1,0.28474596
2024-04-15 17:15:00,QLD1,0.28575
2024-04-15 17:20:00,QLD1,0.29926649
2024-04-15 17:25:00,QLD1,0.30563493999999997
2024-04-15 17:30:00,QLD1,0.30591458
2024-04-15 17:35:00,QLD1,0.31068705
2024-04-15 17:40:00,QLD1,0.30246042999999995
2024-04-15 17:45:00,QLD1,0.30836729
2024-04-15 17:50:00,QLD1,0.32237832
2024-04-15 17:55:00,QLD1,0.30829081
2024-04-15 18:00:00,QLD1,0.31196489000000005
2024-04-15 18:05:00,QLD1,0.30352117
2024-04-15 18:10:00,QLD1,0.30149727000000004
2024-04-15 18:15:00,QLD1,0.30151172000000004
2024-04-15 18:20:00,QLD1,0.30147201
2024-04-15 18:25:00,QLD1,0.28575
2024-04-15 18:30:00,QLD1,0.29921291
2024-04-15 18:35:00,QLD1,0.2910817
2024-04-15 18:40:00,QLD1,0.29079646000000003
2024-04-15 18:45:00,QLD1,0.28866099
2024-04-15 18:50:00,QLD1,0.28539
2024-04-15 18:55:00,QLD1,0.26300999999999997
2024-04-15 19:00:00,QLD1,0.26155
2024-04-15 19:05:00,QLD1,0.19663
2024-04-15 19:10:00,QLD1,0.19401
2024-04-15 19:15:00,QLD1,0.13897
2024-04-15 19:20:00,QLD1,0.13082644999999998
2024-04-15 19:25:00,QLD1,0.16270325
2024-04-15 19:30:00,QLD1,0.14071757
2024-04-15 19:35:00,QLD1,0.13965845
2024-04-15 19:40:00,QLD1,0.13224583999999998
2024-04-15 19:45:00,QLD1,0.21444768
2024-04-15 19:50:00,QLD1,0.14255141000000002
2024-04-15 19:55:00,QLD1,0.1452
2024-04-15 20:00:00,QLD1,0.14858000999999998
2024-04-15 20:05:00,QLD1,0.26822122000000004
2024-04-15 20:10:00,QLD1,0.26620802
2024-04-15 20:15:00,QLD1,0.29283307999999997
2024-04-15 20:20:00,QLD1,0.27989249
2024-04-15 20:25:00,QLD1,0.28849323
2024-04-15 20:30:00,QLD1,0.27640143
2024-04-15 20:35:00,QLD1,0.28575
2024-04-15 20:40:00,QLD1,0.28241674
2024-04-15 20:45:00,QLD1,0.26155
2024-04-15 20:50:00,QLD1,0.20088532
2024-04-15 20:55:00,QLD1,0.15910431
2024-04-15 21:00:00,QLD1,0.15331455
2024-04-15 21:05:00,QLD1,0.26607781
2024-04-15 21:10:00,QLD1,0.28486113999999996
2024-04-15 21:15:00,QLD1,0.2827492
2024-04-15 21:20:00,QLD1,0.27864648999999997
2024-04-15 21:25:00,QLD1,0.26155
2024-04-15 21:30:00,QLD1,0.1452
2024-04-15 21:35:00,QLD1,0.15193318
2024-04-15 21:40:00,QLD1,0.14786759
2024-04-15 21:45:00,QLD1,0.1477524
2024-04-15 21:50:00,QLD1,0.14631554
2024-04-15 21:55:00,QLD1,0.13444851
2024-04-15 22:00:00,QLD1,0.14792666
2024-04-15 22:05:00,QLD1,0.16431963
2024-04-15 22:10:00,QLD1,0.25185013
2024-04-15 22:15:00,QLD1,0.2448629
2024-04-15 22:20:00,QLD1,0.2020947
2024-04-15 22:25:00,QLD1,0.18468333
2024-04-15 22:30:00,QLD1,0.15550166999999998
2024-04-15 22:35:00,QLD1,0.24297325
2024-04-15 22:40:00,QLD1,0.18891774
2024-04-15 22:45:00,QLD1,0.15555906
2024-04-15 22:50:00,QLD1,0.15336367
2024-04-15 22:55:00,QLD1,0.11766659
2024-04-15 23:00:00,QLD1,0.11746001
2024-04-15 23:05:00,QLD1,0.13897
2024-04-15 23:10:00,QLD1,0.15349094
2024-04-15 23:15:00,QLD1,0.19230453
2024-04-15 23:20:00,QLD1,0.25426497
2024-04-15 23:25:00,QLD1,0.19278747999999998
2024-04-15 23:30:00,QLD1,0.15131422
2024-04-15 23:35:00,QLD1,0.23135830000000002
2024-04-15 23:40:00,QLD1,0.2469942
2024-04-15 23:45:00,QLD1,0.2361944
2024-04-15 23:50:00,QLD1,0.13420413
2024-04-15 23:55:00,QLD1,0.17751424
2024-04-16 00:00:00,QLD1,0.23749834
2024-04-16 00:05:00,QLD1,0.23032169
2024-04-16 00:10:00,QLD1,0.16763195
2024-04-16 00:15:00,QLD1,0.25012868
2024-04-16 00:20:00,QLD1,0.24196262999999998
2024-04-16 00:25:00,QLD1,0.1537752
2024-04-16 00:30:00,QLD1,0.15731412
2024-04-16 00:35:00,QLD1,0.15521141
2024-04-16 00:40:00,QLD1,0.23336557
2024-04-16 00:45:00,QLD1,0.13897
2024-04-16 00:50:00,QLD1,0.12169593000000001
2024-04-16 00:55:00,QLD1,0.11799632
2024-04-16 01:00:00,QLD1,0.11796902
2024-04-16 01:05:00,QLD1,0.13897
2024-04-16 01:10:00,QLD1,0.11694779
2024-04-16 01:15:00,QLD1,0.09086356999999999
2024-04-16 01:20:00,QLD1,0.11662341000000001
2024-04-16 01:25:00,QLD1,0.10364588000000001
2024-04-16 01:30:00,QLD1,0.10055
2024-04-16 01:35:00,QLD1,0.10055
2024-04-16 01:40:00,QLD1,0.10055
2024-04-16 01:45:00,QLD1,0.10055
2024-04-16 01:50:00,QLD1,0.10055
2024-04-16 01:55:00,QLD1,0.08555
2024-04-16 02:00:00,QLD1,0.10055
2024-04-16 02:05:00,QLD1,0.10781447
2024-04-16 02:10:00,QLD1,0.09879087
2024-04-16 02:15:00,QLD1,0.10055
2024-04-16 02:20:00,QLD1,0.1181971
2024-04-16 02:25:00,QLD1,0.10192841
2024-04-16 02:30:00,QLD1,0.11901263000000001
2024-04-16 02:35:00,QLD1,0.11811195
2024-04-16 02:40:00,QLD1,0.10055
2024-04-16 02:45:00,QLD1,0.10070469
2024-04-16 02:50:00,QLD1,0.10128792
2024-04-16 02:55:00,QLD1,0.09880932
2024-04-16 03:00:00,QLD1,0.09797754
2024-04-16 03:05:00,QLD1,0.1030601
2024-04-16 03:10:00,QLD1,0.0962263
2024-04-16 03:15:00,QLD1,0.10055
2024-04-16 03:20:00,QLD1,0.10055961999999999
2024-04-16 03:25:00,QLD1,0.10200253
2024-04-16 03:30:00,QLD1,0.10556741
2024-04-16 03:35:00,QLD1,0.09306722
2024-04-16 03:40:00,QLD1,0.10055
2024-04-16 03:45:00,QLD1,0.10055
2024-04-16 03:50:00,QLD1,0.11783423000000001
2024-04-16 03:55:00,QLD1,0.10055
2024-04-16 04:00:00,QLD1,0.10055
2024-04-16 04:05:00,QLD1,0.09262395
2024-04-16 04:10:00,QLD1,0.12547102
2024-04-16 04:15:00,QLD1,0.13049495
2024-04-16 04:20:00,QLD1,0.13898
2024-04-16 04:25:00,QLD1,0.12710638
2024-04-16 04:30:00,QLD1,0.13898
2024-04-16 04:35:00,QLD1,0.09862233000000001
2024-04-16 04:40:00,QLD1,0.12475704
2024-04-16 04:45:00,QLD1,0.10055
2024-04-16 04:50:00,QLD1,0.10055
2024-04-16 04:55:00,QLD1,0.11152366000000001
2024-04-16 05:00:00,QLD1,0.13898
2024-04-16 05:05:00,QLD1,0.11632207
2024-04-16 05:10:00,QLD1,0.10055
2024-04-16 05:15:00,QLD1,0.11694041
2024-04-16 05:20:00,QLD1,0.19605653
2024-04-16 05:25:00,QLD1,0.12625387000000002
2024-04-16 05:30:00,QLD1,0.10055
2024-04-16 05:35:00,QLD1,0.12705741
2024-04-16 05:40:00,QLD1,0.20337022999999999
2024-04-16 05:45:00,QLD1,0.23489398
2024-04-16 05:50:00,QLD1,0.16365204
2024-04-16 05:55:00,QLD1,0.24490364
2024-04-16 06:00:00,QLD1,0.2496979
2024-04-16 06:05:00,QLD1,0.12928826000000002
2024-04-16 06:10:00,QLD1,0.24459604
2024-04-16 06:15:00,QLD1,0.14461000000000002
2024-04-16 06:20:00,QLD1,0.24204774
2024-04-16 06:25:00,QLD1,0.26155
2024-04-16 06:30:00,QLD1,0.26155
2024-04-16 06:35:00,QLD1,0.25902069
2024-04-16 06:40:00,QLD1,0.26300999999999997
2024-04-16 06:45:00,QLD1,0.26442463
2024-04-16 06:50:00,QLD1,0.26345452
2024-04-16 06:55:00,QLD1,0.26155
2024-04-16 07:00:00,QLD1,0.25154861
2024-04-16 07:05:00,QLD1,0.13898
2024-04-16 07:10:00,QLD1,0.14461000000000002
2024-04-16 07:15:00,QLD1,0.08435
2024-04-16 07:20:00,QLD1,0.08156000000000001
2024-04-16 07:25:00,QLD1,0.05975
2024-04-16 07:30:00,QLD1,0.0494
2024-04-16 07:35:00,QLD1,0.05975
2024-04-16 07:40:00,QLD1,0.05955
2024-04-16 07:45:00,QLD1,0.01884
2024-04-16 07:50:00,QLD1,0.03311803
2024-04-16 07:55:00,QLD1,0.03875
2024-04-16 08:00:00,QLD1,0.03875
2024-04-16 08:05:00,QLD1,0.03875
2024-04-16 08:10:00,QLD1,0.048730159999999995
2024-04-16 08:15:00,QLD1,0.0618737
2024-04-16 08:20:00,QLD1,0.04875
2024-04-16 08:25:00,QLD1,0.04875
2024-04-16 08:30:00,QLD1,0.04875
2024-04-16 08:35:00,QLD1,0.038549999999999994
2024-04-16 08:40:00,QLD1,-0.0104
2024-04-16 08:45:00,QLD1,0.038549999999999994
2024-04-16 08:50:00,QLD1,0.038549999999999994
2024-04-16 08:55:00,QLD1,0.03221722
2024-04-16 09:00:00,QLD1,0.038549999999999994
2024-04-16 09:05:00,QLD1,0.03855003
2024-04-16 09:10:00,QLD1,0.038750019999999996
2024-04-16 09:15:00,QLD1,0.04971967
2024-04-16 09:20:00,QLD1,0.04600643
2024-04-16 09:25:00,QLD1,0.03855003
2024-04-16 09:30:00,QLD1,0.038750019999999996
2024-04-16 09:35:00,QLD1,-0.00835791
2024-04-16 09:40:00,QLD1,0.04999223
2024-04-16 09:45:00,QLD1,0.03874998
2024-04-16 09:50:00,QLD1,0.048550020000000006
2024-04-16 09:55:00,QLD1,0.03874998
2024-04-16 10:00:00,QLD1,0.048550020000000006
2024-04-16 10:05:00,QLD1,0.048550020000000006
2024-04-16 10:10:00,QLD1,0.048550020000000006
2024-04-16 10:15:00,QLD1,0.048550020000000006
2024-04-16 10:20:00,QLD1,0.03855003
2024-04-16 10:25:00,QLD1,0.03855003
2024-04-16 10:30:00,QLD1,0.03855003
2024-04-16 10:35:00,QLD1,0.03474998
2024-04-16 10:40:00,QLD1,0.08227411999999999
2024-04-16 10:45:00,QLD1,0.03874998
2024-04-16 10:50:00,QLD1,0.00647907
2024-04-16 10:55:00,QLD1,0.03855007
2024-04-16 11:00:00,QLD1,0.02157
2024-04-16 11:05:00,QLD1,0.03855003
2024-04-16 11:10:00,QLD1,0.061729860000000004
2024-04-16 11:15:00,QLD1,0.02157
2024-04-16 11:20:00,QLD1,0.03855003
2024-04-16 11:25:00,QLD1,0.03855003
2024-04-16 11:30:00,QLD1,0.03038795
2024-04-16 11:35:00,QLD1,-0.0104
2024-04-16 11:40:00,QLD1,0.03855003
2024-04-16 11:45:00,QLD1,0.02234
2024-04-16 11:50:00,QLD1,0.034750039999999996
2024-04-16 11:55:00,QLD1,0.03855003
2024-04-16 12:00:00,QLD1,0.02234
2024-04-16 12:05:00,QLD1,0.03475
2024-04-16 12:10:00,QLD1,0.03854997
2024-04-16 12:15:00,QLD1,0.038750030000000005
2024-04-16 12:20:00,QLD1,0.042679789999999995
2024-04-16 12:25:00,QLD1,0.03875
2024-04-16 12:30:00,QLD1,0.03854997
2024-04-16 12:35:00,QLD1,0.06273
2024-04-16 12:40:00,QLD1,0.047746620000000004
2024-04-16 12:45:00,QLD1,0.04875
2024-04-16 12:50:00,QLD1,0.04875
2024-04-16 12:55:00,QLD1,0.05955
2024-04-16 13:00:00,QLD1,0.048549999999999996
2024-04-16 13:05:00,QLD1,0.04962632
2024-04-16 13:10:00,QLD1,0.06273
2024-04-16 13:15:00,QLD1,0.08555
2024-04-16 13:20:00,QLD1,0.06456866
2024-04-16 13:25:00,QLD1,0.06273008000000001
2024-04-16 13:30:00,QLD1,0.07453589
2024-04-16 13:35:00,QLD1,0.05955
2024-04-16 13:40:00,QLD1,0.05955
2024-04-16 13:45:00,QLD1,0.05955
2024-04-16 13:50:00,QLD1,0.04875
2024-04-16 13:55:00,QLD1,0.06273
2024-04-16 14:00:00,QLD1,0.08575
2024-04-16 14:05:00,QLD1,0.09575269
2024-04-16 14:10:00,QLD1,0.09247016000000001
2024-04-16 14:15:00,QLD1,0.26707954
2024-04-16 14:20:00,QLD1,0.08261143
2024-04-16 14:25:00,QLD1,0.11283797
2024-04-16 14:30:00,QLD1,0.06273
2024-04-16 14:35:00,QLD1,0.06545764
2024-04-16 14:40:00,QLD1,0.06273
2024-04-16 14:45:00,QLD1,0.08575
2024-04-16 14:50:00,QLD1,0.08575
2024-04-16 14:55:00,QLD1,0.08555
2024-04-16 15:00:00,QLD1,0.12253562999999999
2024-04-16 15:05:00,QLD1,0.06273
2024-04-16 15:10:00,QLD1,0.05955
2024-04-16 15:15:00,QLD1,0.12485415999999999
2024-04-16 15:20:00,QLD1,0.09076252
2024-04-16 15:25:00,QLD1,0.09449715
2024-04-16 15:30:00,QLD1,0.12489886
2024-04-16 15:35:00,QLD1,0.09540057
2024-04-16 15:40:00,QLD1,0.10584893
2024-04-16 15:45:00,QLD1,0.13609999
2024-04-16 15:50:00,QLD1,0.14767016000000002
2024-04-16 15:55:00,QLD1,0.15100676999999998
2024-04-16 16:00:00,QLD1,0.11639877
2024-04-16 16:05:00,QLD1,0.09601000000000001
2024-04-16 16:10:00,QLD1,0.14383
2024-04-16 16:15:00,QLD1,0.15995364
2024-04-16 16:20:00,QLD1,0.27905541
2024-04-16 16:25:00,QLD1,0.27762403
2024-04-16 16:30:00,QLD1,0.29292614
2024-04-16 16:35:00,QLD1,0.28575
2024-04-16 16:40:00,QLD1,0.15892929
2024-04-16 16:45:00,QLD1,0.26300999999999997
2024-04-16 16:50:00,QLD1,0.28470302
2024-04-16 16:55:00,QLD1,0.28136788
2024-04-16 17:00:00,QLD1,0.28169243
2024-04-16 17:05:00,QLD1,0.26155
2024-04-16 17:10:00,QLD1,0.25535671
2024-04-16 17:15:00,QLD1,0.26100999999999996
2024-04-16 17:20:00,QLD1,0.28450078
2024-04-16 17:25:00,QLD1,0.28539
2024-04-16 17:30:00,QLD1,0.2826727
2024-04-16 17:35:00,QLD1,0.28575
2024-04-16 17:40:00,QLD1,0.28575
2024-04-16 17:45:00,QLD1,0.28575
2024-04-16 17:50:00,QLD1,0.28575
2024-04-16 17:55:00,QLD1,0.28575
2024-04-16 18:00:00,QLD1,0.28575
2024-04-16 18:05:00,QLD1,0.28286862
2024-04-16 18:10:00,QLD1,0.27714774999999997
2024-04-16 18:15:00,QLD1,0.27082435
2024-04-16 18:20:00,QLD1,0.27752408
2024-04-16 18:25:00,QLD1,0.26990157
2024-04-16 18:30:00,QLD1,0.26100999999999996
2024-04-16 18:35:00,QLD1,0.26100999999999996
2024-04-16 18:40:00,QLD1,0.25550313
2024-04-16 18:45:00,QLD1,0.22414353
2024-04-16 18:50:00,QLD1,0.18233773
2024-04-16 18:55:00,QLD1,0.22620436000000002
2024-04-16 19:00:00,QLD1,0.16395762
2024-04-16 19:05:00,QLD1,0.19049000000000002
2024-04-16 19:10:00,QLD1,0.17176996
2024-04-16 19:15:00,QLD1,0.14461000000000002
2024-04-16 19:20:00,QLD1,0.19049000000000002
2024-04-16 19:25:00,QLD1,0.13897
2024-04-16 19:30:00,QLD1,0.13898
2024-04-16 19:35:00,QLD1,0.19401
2024-04-16 19:40:00,QLD1,0.19049000000000002
2024-04-16 19:45:00,QLD1,0.19049000000000002
2024-04-16 19:50:00,QLD1,0.18417374
2024-04-16 19:55:00,QLD1,0.1435129
2024-04-16 20:00:00,QLD1,0.14140619000000001
2024-04-16 20:05:00,QLD1,0.14619144
2024-04-16 20:10:00,QLD1,0.14615242
2024-04-16 20:15:00,QLD1,0.14858904
2024-04-16 20:20:00,QLD1,0.14848402
2024-04-16 20:25:00,QLD1,0.14342660000000002
2024-04-16 20:30:00,QLD1,0.14243824
2024-04-16 20:35:00,QLD1,0.14236491
2024-04-16 20:40:00,QLD1,0.14238555
2024-04-16 20:45:00,QLD1,0.13897
2024-04-16 20:50:00,QLD1,0.12009636
2024-04-16 20:55:00,QLD1,0.1266657
2024-04-16 21:00:00,QLD1,0.1239108
2024-04-16 21:05:00,QLD1,0.1452
2024-04-16 21:10:00,QLD1,0.14267285000000002
2024-04-16 21:15:00,QLD1,0.13897
2024-04-16 21:20:00,QLD1,0.13897
2024-04-16 21:25:00,QLD1,0.12791069
2024-04-16 21:30:00,QLD1,0.12790475
2024-04-16 21:35:00,QLD1,0.12689217
2024-04-16 21:40:00,QLD1,0.11301
2024-04-16 21:45:00,QLD1,0.10419815
2024-04-16 21:50:00,QLD1,0.10471156000000001
2024-04-16 21:55:00,QLD1,0.10221972
2024-04-16 22:00:00,QLD1,0.10088342
2024-04-16 22:05:00,QLD1,0.07816276999999999
2024-04-16 22:10:00,QLD1,0.11273072
2024-04-16 22:15:00,QLD1,0.12307321
2024-04-16 22:20:00,QLD1,0.1145523
2024-04-16 22:25:00,QLD1,0.1115514
2024-04-16 22:30:00,QLD1,0.11093764
2024-04-16 22:35:00,QLD1,0.13898
2024-04-16 22:40:00,QLD1,0.14385565
2024-04-16 22:45:00,QLD1,0.12644817
2024-04-16 22:50:00,QLD1,0.11340238999999999
2024-04-16 22:55:00,QLD1,0.10055
2024-04-16 23:00:00,QLD1,0.08575
2024-04-16 23:05:00,QLD1,0.08575
2024-04-16 23:10:00,QLD1,0.11026881000000001
2024-04-16 23:15:00,QLD1,0.13627977000000002
2024-04-16 23:20:00,QLD1,0.10055
2024-04-16 23:25:00,QLD1,0.08575
2024-04-16 23:30:00,QLD1,0.08555
2024-04-16 23:35:00,QLD1,0.09221726
2024-04-16 23:40:00,QLD1,0.10142213
2024-04-16 23:45:00,QLD1,0.09774451999999999
2024-04-16 23:50:00,QLD1,0.08575
2024-04-16 23:55:00,QLD1,0.09304367000000001
2024-04-17 00:00:00,QLD1,0.09389447
2024-04-17 00:05:00,QLD1,0.09828395999999999
2024-04-17 00:10:00,QLD1,0.09726792000000001
2024-04-17 00:15:00,QLD1,0.08575
2024-04-17 00:20:00,QLD1,0.09411575000000001
2024-04-17 00:25:00,QLD1,0.08575
2024-04-17 00:30:00,QLD1,0.08962997
2024-04-17 00:35:00,QLD1,0.09158361999999999
2024-04-17 00:40:00,QLD1,0.09744529
2024-04-17 00:45:00,QLD1,0.10055
2024-04-17 00:50:00,QLD1,0.09886939
2024-04-17 00:55:00,QLD1,0.10055
2024-04-17 01:00:00,QLD1,0.09580543
2024-04-17 01:05:00,QLD1,0.10055
2024-04-17 01:10:00,QLD1,0.10055
2024-04-17 01:15:00,QLD1,0.09959814
2024-04-17 01:20:00,QLD1,0.10029873
2024-04-17 01:25:00,QLD1,0.08575
2024-04-17 01:30:00,QLD1,0.08990083
2024-04-17 01:35:00,QLD1,0.10055
2024-04-17 01:40:00,QLD1,0.10026492000000001
2024-04-17 01:45:00,QLD1,0.08555
2024-04-17 01:50:00,QLD1,0.08575
2024-04-17 01:55:00,QLD1,0.08575
2024-04-17 02:00:00,QLD1,0.08555
2024-04-17 02:05:00,QLD1,0.08575
2024-04-17 02:10:00,QLD1,0.08575
2024-04-17 02:15:00,QLD1,0.08555
2024-04-17 02:20:00,QLD1,0.08555
2024-04-17 02:25:00,QLD1,0.08555
2024-04-17 02:30:00,QLD1,0.08555
2024-04-17 02:35:00,QLD1,0.08575
2024-04-17 02:40:00,QLD1,0.08555
2024-04-17 02:45:00,QLD1,0.08575
2024-04-17 02:50:00,QLD1,0.08575
2024-04-17 02:55:00,QLD1,0.08575
2024-04-17 03:00:00,QLD1,0.08575
2024-04-17 03:05:00,QLD1,0.08575
2024-04-17 03:10:00,QLD1,0.08575
2024-04-17 03:15:00,QLD1,0.08575
2024-04-17 03:20:00,QLD1,0.08575
2024-04-17 03:25:00,QLD1,0.08575
2024-04-17 03:30:00,QLD1,0.08555
2024-04-17 03:35:00,QLD1,0.07005741
2024-04-17 03:40:00,QLD1,0.07351835
2024-04-17 03:45:00,QLD1,0.05975
2024-04-17 03:50:00,QLD1,0.07057895
2024-04-17 03:55:00,QLD1,0.07058098
2024-04-17 04:00:00,QLD1,0.05975
2024-04-17 04:05:00,QLD1,0.07014918
2024-04-17 04:10:00,QLD1,0.08575
2024-04-17 04:15:00,QLD1,0.08575
2024-04-17 04:20:00,QLD1,0.08575
2024-04-17 04:25:00,QLD1,0.08555
2024-04-17 04:30:00,QLD1,0.08575
2024-04-17 04:35:00,QLD1,0.08027751999999999
2024-04-17 04:40:00,QLD1,0.07951293
2024-04-17 04:45:00,QLD1,0.08197866999999999
2024-04-17 04:50:00,QLD1,0.07240239
2024-04-17 04:55:00,QLD1,0.08555
2024-04-17 05:00:00,QLD1,0.08575
2024-04-17 05:05:00,QLD1,0.08555
2024-04-17 05:10:00,QLD1,0.10055
2024-04-17 05:15:00,QLD1,0.12163460999999999
2024-04-17 05:20:00,QLD1,0.10452868
2024-04-17 05:25:00,QLD1,0.10373802
2024-04-17 05:30:00,QLD1,0.10280088000000001
2024-04-17 05:35:00,QLD1,0.09601000000000001
2024-04-17 05:40:00,QLD1,0.10487293
2024-04-17 05:45:00,QLD1,0.1005323
2024-04-17 05:50:00,QLD1,0.10055
2024-04-17 05:55:00,QLD1,0.10594565
2024-04-17 06:00:00,QLD1,0.11747748
2024-04-17 06:05:00,QLD1,0.08555
2024-04-17 06:10:00,QLD1,0.10760198
2024-04-17 06:15:00,QLD1,0.13898
2024-04-17 06:20:00,QLD1,0.16203518
2024-04-17 06:25:00,QLD1,0.14461000000000002
2024-04-17 06:30:00,QLD1,0.19074000000000002
2024-04-17 06:35:00,QLD1,0.26155
2024-04-17 06:40:00,QLD1,0.24528929
2024-04-17 06:45:00,QLD1,0.16428079
2024-04-17 06:50:00,QLD1,0.19074000000000002
2024-04-17 06:55:00,QLD1,0.19074000000000002
2024-04-17 07:00:00,QLD1,0.22406598
2024-04-17 07:05:00,QLD1,0.19074000000000002
2024-04-17 07:10:00,QLD1,0.23319309000000002
2024-04-17 07:15:00,QLD1,0.14542
2024-04-17 07:20:00,QLD1,0.13898
2024-04-17 07:25:00,QLD1,0.09092202
2024-04-17 07:30:00,QLD1,0.10055
2024-04-17 07:35:00,QLD1,0.08666992999999999
2024-04-17 07:40:00,QLD1,0.10055
2024-04-17 07:45:00,QLD1,0.09267943
2024-04-17 07:50:00,QLD1,0.08555
2024-04-17 07:55:00,QLD1,0.04204066
2024-04-17 08:00:00,QLD1,-0.0105
2024-04-17 08:05:00,QLD1,0.048549999999999996
2024-04-17 08:10:00,QLD1,0.09515865999999999
2024-04-17 08:15:00,QLD1,0.03586594
2024-04-17 08:20:00,QLD1,0.048549999999999996
2024-04-17 08:25:00,QLD1,0.048549999999999996
2024-04-17 08:30:00,QLD1,0.048549999999999996
2024-04-17 08:35:00,QLD1,0.038549999999999994
2024-04-17 08:40:00,QLD1,0.058430050000000004
2024-04-17 08:45:00,QLD1,0.05749998
2024-04-17 08:50:00,QLD1,0.05955
2024-04-17 08:55:00,QLD1,0.048549999999999996
2024-04-17 09:00:00,QLD1,0.038749969999999995
2024-04-17 09:05:00,QLD1,0.048549999999999996
2024-04-17 09:10:00,QLD1,0.048549999999999996
2024-04-17 09:15:00,QLD1,0.11589628
2024-04-17 09:20:00,QLD1,0.12115335
2024-04-17 09:25:00,QLD1,0.09307
2024-04-17 09:30:00,QLD1,0.06273
2024-04-17 09:35:00,QLD1,0.05955
2024-04-17 09:40:00,QLD1,0.05955
2024-04-17 09:45:00,QLD1,0.04874999
2024-04-17 09:50:00,QLD1,0.048549999999999996
2024-04-17 09:55:00,QLD1,0.05955
2024-04-17 10:00:00,QLD1,0.05955
2024-04-17 10:05:00,QLD1,0.05955
2024-04-17 10:10:00,QLD1,0.07332367000000001
2024-04-17 10:15:00,QLD1,0.07036927
2024-04-17 10:20:00,QLD1,0.07240899
2024-04-17 10:25:00,QLD1,0.05955
2024-04-17 10:30:00,QLD1,0.06915117
2024-04-17 10:35:00,QLD1,0.08486679999999999
2024-04-17 10:40:00,QLD1,0.08627303
2024-04-17 10:45:00,QLD1,0.09525357
2024-04-17 10:50:00,QLD1,0.0962264
2024-04-17 10:55:00,QLD1,0.10070766
2024-04-17 11:00:00,QLD1,0.09619527
2024-04-17 11:05:00,QLD1,0.08555
2024-04-17 11:10:00,QLD1,0.08282961
2024-04-17 11:15:00,QLD1,0.08555
2024-04-17 11:20:00,QLD1,0.0695727
2024-04-17 11:25:00,QLD1,0.07049735
2024-04-17 11:30:00,QLD1,0.07131934
2024-04-17 11:35:00,QLD1,0.07677826
2024-04-17 11:40:00,QLD1,0.06896026000000001
2024-04-17 11:45:00,QLD1,0.06823621
2024-04-17 11:50:00,QLD1,0.06339213
2024-04-17 11:55:00,QLD1,0.05955
2024-04-17 12:00:00,QLD1,0.06867155999999999
2024-04-17 12:05:00,QLD1,0.07071445
2024-04-17 12:10:00,QLD1,0.08555
2024-04-17 12:15:00,QLD1,0.0953203
2024-04-17 12:20:00,QLD1,0.10190139999999999
2024-04-17 12:25:00,QLD1,0.10144674000000001
2024-04-17 12:30:00,QLD1,0.08193996
2024-04-17 12:35:00,QLD1,0.06273
2024-04-17 12:40:00,QLD1,0.08555
2024-04-17 12:45:00,QLD1,0.10008822
2024-04-17 12:50:00,QLD1,0.10319784
2024-04-17 12:55:00,QLD1,0.09348136
2024-04-17 13:00:00,QLD1,0.09252915
2024-04-17 13:05:00,QLD1,0.09496199
2024-04-17 13:10:00,QLD1,0.09728972
2024-04-17 13:15:00,QLD1,0.09751855999999999
2024-04-17 13:20:00,QLD1,0.09853458000000001
2024-04-17 13:25:00,QLD1,0.09703360999999999
2024-04-17 13:30:00,QLD1,0.09699703999999999
2024-04-17 13:35:00,QLD1,0.09090163
2024-04-17 13:40:00,QLD1,0.09865729000000001
2024-04-17 13:45:00,QLD1,0.09617867
2024-04-17 13:50:00,QLD1,0.09755797
2024-04-17 13:55:00,QLD1,0.09544166
2024-04-17 14:00:00,QLD1,0.09494329
2024-04-17 14:05:00,QLD1,0.10125499
2024-04-17 14:10:00,QLD1,0.08555
2024-04-17 14:15:00,QLD1,0.07250569
2024-04-17 14:20:00,QLD1,0.10069641
2024-04-17 14:25:00,QLD1,0.10090932999999999
2024-04-17 14:30:00,QLD1,0.09739671
2024-04-17 14:35:00,QLD1,0.10340438
2024-04-17 14:40:00,QLD1,0.12930847
2024-04-17 14:45:00,QLD1,0.08575
2024-04-17 14:50:00,QLD1,0.08555
2024-04-17 14:55:00,QLD1,0.11416330000000001
2024-04-17 15:00:00,QLD1,0.12431622
2024-04-17 15:05:00,QLD1,0.11617224
2024-04-17 15:10:00,QLD1,0.09886762
2024-04-17 15:15:00,QLD1,0.12618743000000002
2024-04-17 15:20:00,QLD1,0.26155
2024-04-17 15:25:00,QLD1,0.26155
2024-04-17 15:30:00,QLD1,0.12383937
2024-04-17 15:35:00,QLD1,0.10779935
2024-04-17 15:40:00,QLD1,0.09931999999999999
2024-04-17 15:45:00,QLD1,0.11591419
2024-04-17 15:50:00,QLD1,0.10155647000000001
2024-04-17 15:55:00,QLD1,0.12898847
2024-04-17 16:00:00,QLD1,0.11651322
2024-04-17 16:05:00,QLD1,0.10140489
2024-04-17 16:10:00,QLD1,0.12278642000000001
2024-04-17 16:15:00,QLD1,0.13899
2024-04-17 16:20:00,QLD1,0.13897
2024-04-17 16:25:00,QLD1,0.13899
2024-04-17 16:30:00,QLD1,0.15905323999999998
2024-04-17 16:35:00,QLD1,0.13897
2024-04-17 16:40:00,QLD1,0.28872432
2024-04-17 16:45:00,QLD1,0.16112826000000002
2024-04-17 16:50:00,QLD1,0.13899
2024-04-17 16:55:00,QLD1,0.25211742000000004
2024-04-17 17:00:00,QLD1,0.22630653
2024-04-17 17:05:00,QLD1,0.17339361
2024-04-17 17:10:00,QLD1,0.17405565
2024-04-17 17:15:00,QLD1,0.23434377
2024-04-17 17:20:00,QLD1,0.23972722
2024-04-17 17:25:00,QLD1,0.26100999999999996
2024-04-17 17:30:00,QLD1,0.26155
2024-04-17 17:35:00,QLD1,0.26100999999999996
2024-04-17 17:40:00,QLD1,0.26100999999999996
2024-04-17 17:45:00,QLD1,0.15981122
2024-04-17 17:50:00,QLD1,0.19663
2024-04-17 17:55:00,QLD1,0.25163944
2024-04-17 18:00:00,QLD1,0.23053775999999998
2024-04-17 18:05:00,QLD1,0.18915588
2024-04-17 18:10:00,QLD1,0.14461000000000002
2024-04-17 18:15:00,QLD1,0.17648402
2024-04-17 18:20:00,QLD1,0.19049000000000002
2024-04-17 18:25:00,QLD1,0.17716825
2024-04-17 18:30:00,QLD1,0.186827
2024-04-17 18:35:00,QLD1,0.14461000000000002
2024-04-17 18:40:00,QLD1,0.14167155
2024-04-17 18:45:00,QLD1,0.1452
2024-04-17 18:50:00,QLD1,0.13897
2024-04-17 18:55:00,QLD1,0.13602973
2024-04-17 19:00:00,QLD1,0.13854993999999998
2024-04-17 19:05:00,QLD1,0.1452
2024-04-17 19:10:00,QLD1,0.13897
2024-04-17 19:15:00,QLD1,0.13897
2024-04-17 19:20:00,QLD1,0.13897
2024-04-17 19:25:00,QLD1,0.12983803
2024-04-17 19:30:00,QLD1,0.12101845
2024-04-17 19:35:00,QLD1,0.13819407
2024-04-17 19:40:00,QLD1,0.13136107000000002
2024-04-17 19:45:00,QLD1,0.13333025
2024-04-17 19:50:00,QLD1,0.12758517
2024-04-17 19:55:00,QLD1,0.13583806
2024-04-17 20:00:00,QLD1,0.12857258
2024-04-17 20:05:00,QLD1,0.1452
2024-04-17 20:10:00,QLD1,0.14174332
2024-04-17 20:15:00,QLD1,0.14368965
2024-04-17 20:20:00,QLD1,0.13897
2024-04-17 20:25:00,QLD1,0.14218406
2024-04-17 20:30:00,QLD1,0.13897
2024-04-17 20:35:00,QLD1,0.1452
2024-04-17 20:40:00,QLD1,0.14292956
2024-04-17 20:45:00,QLD1,0.13957211
2024-04-17 20:50:00,QLD1,0.11575
2024-04-17 20:55:00,QLD1,0.10362949
2024-04-17 21:00:00,QLD1,0.10359882000000001
2024-04-17 21:05:00,QLD1,0.11499
2024-04-17 21:10:00,QLD1,0.10820866
2024-04-17 21:15:00,QLD1,0.09999
2024-04-17 21:20:00,QLD1,0.10528928
2024-04-17 21:25:00,QLD1,0.09743512
2024-04-17 21:30:00,QLD1,0.09719612999999999
2024-04-17 21:35:00,QLD1,0.09999
2024-04-17 21:40:00,QLD1,0.09556299
2024-04-17 21:45:00,QLD1,0.09501681000000001
2024-04-17 21:50:00,QLD1,0.09450346
2024-04-17 21:55:00,QLD1,0.09396022999999999
2024-04-17 22:00:00,QLD1,0.08742338
2024-04-17 22:05:00,QLD1,0.09626656
2024-04-17 22:10:00,QLD1,0.10054414
2024-04-17 22:15:00,QLD1,0.10873668
2024-04-17 22:20:00,QLD1,0.11575
2024-04-17 22:25:00,QLD1,0.10288546999999999
2024-04-17 22:30:00,QLD1,0.10055
2024-04-17 22:35:00,QLD1,0.10055
2024-04-17 22:40:00,QLD1,0.11152979
2024-04-17 22:45:00,QLD1,0.10746068
2024-04-17 22:50:00,QLD1,0.10024096
2024-04-17 22:55:00,QLD1,0.10055
2024-04-17 23:00:00,QLD1,0.10054989
2024-04-17 23:05:00,QLD1,0.10318337
2024-04-17 23:10:00,QLD1,0.12451999000000001
2024-04-17 23:15:00,QLD1,0.12036736999999999
2024-04-17 23:20:00,QLD1,0.10629741
2024-04-17 23:25:00,QLD1,0.1119082
2024-04-17 23:30:00,QLD1,0.10510092
2024-04-17 23:35:00,QLD1,0.10055
2024-04-17 23:40:00,QLD1,0.10184869
2024-04-17 23:45:00,QLD1,0.1029012
2024-04-17 23:50:00,QLD1,0.09986511
2024-04-17 23:55:00,QLD1,0.10415368
2024-04-18 00:00:00,QLD1,0.12398106
2024-04-18 00:05:00,QLD1,0.14213385
2024-04-18 00:10:00,QLD1,0.14094774000000002
2024-04-18 00:15:00,QLD1,0.14041603
2024-04-18 00:20:00,QLD1,0.10259748
2024-04-18 00:25:00,QLD1,0.10055
2024-04-18 00:30:00,QLD1,0.10517593
2024-04-18 00:35:00,QLD1,0.11534497
2024-04-18 00:40:00,QLD1,0.10626146
2024-04-18 00:45:00,QLD1,0.10055
2024-04-18 00:50:00,QLD1,0.10055
2024-04-18 00:55:00,QLD1,0.10055
2024-04-18 01:00:00,QLD1,0.10055
2024-04-18 01:05:00,QLD1,0.09727355
2024-04-18 01:10:00,QLD1,0.09536972
2024-04-18 01:15:00,QLD1,0.10015822
2024-04-18 01:20:00,QLD1,0.09949777
2024-04-18 01:25:00,QLD1,0.09947422
2024-04-18 01:30:00,QLD1,0.0892327
2024-04-18 01:35:00,QLD1,0.10055
2024-04-18 01:40:00,QLD1,0.09757394999999999
2024-04-18 01:45:00,QLD1,0.09177779
2024-04-18 01:50:00,QLD1,0.08575
2024-04-18 01:55:00,QLD1,0.08555
2024-04-18 02:00:00,QLD1,0.08555
2024-04-18 02:05:00,QLD1,0.09470344
2024-04-18 02:10:00,QLD1,0.09835199
2024-04-18 02:15:00,QLD1,0.09766142000000001
2024-04-18 02:20:00,QLD1,0.09350318
2024-04-18 02:25:00,QLD1,0.09754102
2024-04-18 02:30:00,QLD1,0.09326859
2024-04-18 02:35:00,QLD1,0.09681228
2024-04-18 02:40:00,QLD1,0.09818787000000001
2024-04-18 02:45:00,QLD1,0.09817901000000001
2024-04-18 02:50:00,QLD1,0.0982089
2024-04-18 02:55:00,QLD1,0.08575
2024-04-18 03:00:00,QLD1,0.09494247
2024-04-18 03:05:00,QLD1,0.09823706
2024-04-18 03:10:00,QLD1,0.09910393
2024-04-18 03:15:00,QLD1,0.09751992
2024-04-18 03:20:00,QLD1,0.08575
2024-04-18 03:25:00,QLD1,0.09774605
2024-04-18 03:30:00,QLD1,0.09680783
2024-04-18 03:35:00,QLD1,0.08575
2024-04-18 03:40:00,QLD1,0.0968103
2024-04-18 03:45:00,QLD1,0.09680101999999999
2024-04-18 03:50:00,QLD1,0.09776288
2024-04-18 03:55:00,QLD1,0.10055
2024-04-18 04:00:00,QLD1,0.10055
2024-04-18 04:05:00,QLD1,0.07941938
2024-04-18 04:10:00,QLD1,0.09825368
2024-04-18 04:15:00,QLD1,0.09682444
2024-04-18 04:20:00,QLD1,0.0989461
2024-04-18 04:25:00,QLD1,0.10064638
2024-04-18 04:30:00,QLD1,0.09890547
2024-04-18 04:35:00,QLD1,0.08555
2024-04-18 04:40:00,QLD1,0.09694725
2024-04-18 04:45:00,QLD1,0.08555
2024-04-18 04:50:00,QLD1,0.08555
2024-04-18 04:55:00,QLD1,0.08575
2024-04-18 05:00:00,QLD1,0.10075
2024-04-18 05:05:00,QLD1,0.09939147
2024-04-18 05:10:00,QLD1,0.1067478
2024-04-18 05:15:00,QLD1,0.10461100999999999
2024-04-18 05:20:00,QLD1,0.10348834999999999
2024-04-18 05:25:00,QLD1,0.10459066
2024-04-18 05:30:00,QLD1,0.10610459
2024-04-18 05:35:00,QLD1,0.09890565
2024-04-18 05:40:00,QLD1,0.09824096
2024-04-18 05:45:00,QLD1,0.10230705000000001
2024-04-18 05:50:00,QLD1,0.11826972999999999
2024-04-18 05:55:00,QLD1,0.15312895
2024-04-18 06:00:00,QLD1,0.15246827999999998
2024-04-18 06:05:00,QLD1,0.12533865
2024-04-18 06:10:00,QLD1,0.15019928999999999
2024-04-18 06:15:00,QLD1,0.15628816
2024-04-18 06:20:00,QLD1,0.19321648
2024-04-18 06:25:00,QLD1,0.18364222000000002
2024-04-18 06:30:00,QLD1,0.15779447
2024-04-18 06:35:00,QLD1,0.16900911
2024-04-18 06:40:00,QLD1,0.1616212
2024-04-18 06:45:00,QLD1,0.27746
2024-04-18 06:50:00,QLD1,0.26155
2024-04-18 06:55:00,QLD1,0.26155
2024-04-18 07:00:00,QLD1,0.22804512
2024-04-18 07:05:00,QLD1,0.14028319
2024-04-18 07:10:00,QLD1,0.17100934
2024-04-18 07:15:00,QLD1,0.1719059
2024-04-18 07:20:00,QLD1,0.13279442
2024-04-18 07:25:00,QLD1,0.22805356000000002
2024-04-18 07:30:00,QLD1,0.13332711
2024-04-18 07:35:00,QLD1,0.10022881
2024-04-18 07:40:00,QLD1,0.10301388
2024-04-18 07:45:00,QLD1,0.13285571999999998
2024-04-18 07:50:00,QLD1,0.10074999
2024-04-18 07:55:00,QLD1,0.0947907
2024-04-18 08:00:00,QLD1,0.09184011
2024-04-18 08:05:00,QLD1,0.12578334
2024-04-18 08:10:00,QLD1,0.09393773
2024-04-18 08:15:00,QLD1,0.10312515
2024-04-18 08:20:00,QLD1,0.09754252
2024-04-18 08:25:00,QLD1,0.07210773000000001
2024-04-18 08:30:00,QLD1,0.05955
2024-04-18 08:35:00,QLD1,0.06272996
2024-04-18 08:40:00,QLD1,0.06272996
2024-04-18 08:45:00,QLD1,0.06273
2024-04-18 08:50:00,QLD1,0.07007853
2024-04-18 08:55:00,QLD1,0.05955
2024-04-18 09:00:00,QLD1,0.06888703
2024-04-18 09:05:00,QLD1,0.06310302
2024-04-18 09:10:00,QLD1,0.059749989999999996
2024-04-18 09:15:00,QLD1,0.06972557
2024-04-18 09:20:00,QLD1,-0.0205
2024-04-18 09:25:00,QLD1,0.030016269999999998
2024-04-18 09:30:00,QLD1,0.038549999999999994
2024-04-18 09:35:00,QLD1,0.048549999999999996
2024-04-18 09:40:00,QLD1,0.048549999999999996
2024-04-18 09:45:00,QLD1,0.0405309
2024-04-18 09:50:00,QLD1,0.03854005
2024-04-18 09:55:00,QLD1,0.038549999999999994
2024-04-18 10:00:00,QLD1,0.04561665
2024-04-18 10:05:00,QLD1,0.027162
2024-04-18 10:10:00,QLD1,0.00724086
2024-04-18 10:15:00,QLD1,0.06540531
2024-04-18 10:20:00,QLD1,0.03963673
2024-04-18 10:25:00,QLD1,0.038549999999999994
2024-04-18 10:30:00,QLD1,-0.01074
2024-04-18 10:35:00,QLD1,0.03455
2024-04-18 10:40:00,QLD1,0.09608656
2024-04-18 10:45:00,QLD1,0.03892964
2024-04-18 10:50:00,QLD1,0.027807079999999998
2024-04-18 10:55:00,QLD1,0.01594882
2024-04-18 11:00:00,QLD1,0.0330367
2024-04-18 11:05:00,QLD1,0.05974998
2024-04-18 11:10:00,QLD1,0.03455
2024-04-18 11:15:00,QLD1,-0.00904974
2024-04-18 11:20:00,QLD1,-0.00881241
2024-04-18 11:25:00,QLD1,0.03330397
2024-04-18 11:30:00,QLD1,0.03689881
2024-04-18 11:35:00,QLD1,0.03316682
2024-04-18 11:40:00,QLD1,0.03998122
2024-04-18 11:45:00,QLD1,0.03389
2024-04-18 11:50:00,QLD1,0.03455
2024-04-18 11:55:00,QLD1,0.03415716
2024-04-18 12:00:00,QLD1,0.01815534
2024-04-18 12:05:00,QLD1,0.02072701
2024-04-18 12:10:00,QLD1,0.04932888
2024-04-18 12:15:00,QLD1,0.03877093
2024-04-18 12:20:00,QLD1,0.02393342
2024-04-18 12:25:00,QLD1,0.03455
2024-04-18 12:30:00,QLD1,-0.0105
2024-04-18 12:35:00,QLD1,0.02028642
2024-04-18 12:40:00,QLD1,0.03455
2024-04-18 12:45:00,QLD1,0.03901934
2024-04-18 12:50:00,QLD1,0.049893
2024-04-18 12:55:00,QLD1,0.04930826
2024-04-18 13:00:00,QLD1,0.048549999999999996
2024-04-18 13:05:00,QLD1,0.059750010000000006
2024-04-18 13:10:00,QLD1,0.08575
2024-04-18 13:15:00,QLD1,0.05955
2024-04-18 13:20:00,QLD1,0.05236889
2024-04-18 13:25:00,QLD1,0.05955
2024-04-18 13:30:00,QLD1,0.05955
2024-04-18 13:35:00,QLD1,0.05575001
2024-04-18 13:40:00,QLD1,0.061729860000000004
2024-04-18 13:45:00,QLD1,0.08575
2024-04-18 13:50:00,QLD1,0.07652397999999999
2024-04-18 13:55:00,QLD1,0.08575
2024-04-18 14:00:00,QLD1,0.14217395
2024-04-18 14:05:00,QLD1,0.17431630999999997
2024-04-18 14:10:00,QLD1,0.07567303
2024-04-18 14:15:00,QLD1,0.12740797
2024-04-18 14:20:00,QLD1,0.10075
2024-04-18 14:25:00,QLD1,0.14840458
2024-04-18 14:30:00,QLD1,0.28575
2024-04-18 14:35:00,QLD1,0.10075
2024-04-18 14:40:00,QLD1,0.06273
2024-04-18 14:45:00,QLD1,0.00939396
2024-04-18 14:50:00,QLD1,0.05955
2024-04-18 14:55:00,QLD1,0.059749960000000005
2024-04-18 15:00:00,QLD1,0.05955
2024-04-18 15:05:00,QLD1,0.05955
2024-04-18 15:10:00,QLD1,0.04875
2024-04-18 15:15:00,QLD1,0.03908769
2024-04-18 15:20:00,QLD1,0.08052915000000001
2024-04-18 15:25:00,QLD1,0.08088806999999999
2024-04-18 15:30:00,QLD1,0.05955
2024-04-18 15:35:00,QLD1,0.048549999999999996
2024-04-18 15:40:00,QLD1,0.038549999999999994
2024-04-18 15:45:00,QLD1,0.0480159
2024-04-18 15:50:00,QLD1,0.041658549999999996
2024-04-18 15:55:00,QLD1,0.04167252
2024-04-18 16:00:00,QLD1,0.06273008000000001
2024-04-18 16:05:00,QLD1,0.048549999999999996
2024-04-18 16:10:00,QLD1,0.048549999999999996
2024-04-18 16:15:00,QLD1,0.04875
2024-04-18 16:20:00,QLD1,0.06273008000000001
2024-04-18 16:25:00,QLD1,0.06273008000000001
2024-04-18 16:30:00,QLD1,0.08088738
2024-04-18 16:35:00,QLD1,0.08584372
2024-04-18 16:40:00,QLD1,0.09999
2024-04-18 16:45:00,QLD1,0.10075
2024-04-18 16:50:00,QLD1,0.1452
2024-04-18 16:55:00,QLD1,0.29273655000000004
2024-04-18 17:00:00,QLD1,0.30573541
2024-04-18 17:05:00,QLD1,0.13301
2024-04-18 17:10:00,QLD1,0.12119817000000001
2024-04-18 17:15:00,QLD1,0.17430510000000002
2024-04-18 17:20:00,QLD1,0.21622088
2024-04-18 17:25:00,QLD1,0.18320324
2024-04-18 17:30:00,QLD1,0.22615727000000002
2024-04-18 17:35:00,QLD1,0.1987653
2024-04-18 17:40:00,QLD1,0.19711891
2024-04-18 17:45:00,QLD1,0.19574
2024-04-18 17:50:00,QLD1,0.26300999999999997
2024-04-18 17:55:00,QLD1,0.26155
2024-04-18 18:00:00,QLD1,0.25969727
2024-04-18 18:05:00,QLD1,0.17661182
2024-04-18 18:10:00,QLD1,0.17133462
2024-04-18 18:15:00,QLD1,0.15545061000000002
2024-04-18 18:20:00,QLD1,0.22035649000000002
2024-04-18 18:25:00,QLD1,0.17410749
2024-04-18 18:30:00,QLD1,0.16753896000000001
2024-04-18 18:35:00,QLD1,0.21693780000000001
2024-04-18 18:40:00,QLD1,0.19401
2024-04-18 18:45:00,QLD1,0.19276
2024-04-18 18:50:00,QLD1,0.15368835
2024-04-18 18:55:00,QLD1,0.19049000000000002
2024-04-18 19:00:00,QLD1,0.15358916
2024-04-18 19:05:00,QLD1,0.16208537999999997
2024-04-18 19:10:00,QLD1,0.16012066
2024-04-18 19:15:00,QLD1,0.13897
2024-04-18 19:20:00,QLD1,0.13897
2024-04-18 19:25:00,QLD1,0.1235098
2024-04-18 19:30:00,QLD1,0.11499
2024-04-18 19:35:00,QLD1,0.13474
2024-04-18 19:40:00,QLD1,0.13223211
2024-04-18 19:45:00,QLD1,0.11913633
2024-04-18 19:50:00,QLD1,0.13105361
2024-04-18 19:55:00,QLD1,0.11901283
2024-04-18 20:00:00,QLD1,0.12133218
2024-04-18 20:05:00,QLD1,0.13897
2024-04-18 20:10:00,QLD1,0.13897
2024-04-18 20:15:00,QLD1,0.13897
2024-04-18 20:20:00,QLD1,0.13119023000000002
2024-04-18 20:25:00,QLD1,0.12593947
2024-04-18 20:30:00,QLD1,0.12130651
2024-04-18 20:35:00,QLD1,0.11499
2024-04-18 20:40:00,QLD1,0.11499
2024-04-18 20:45:00,QLD1,0.11499
2024-04-18 20:50:00,QLD1,0.11499
2024-04-18 20:55:00,QLD1,0.11598673999999999
2024-04-18 21:00:00,QLD1,0.10872176
2024-04-18 21:05:00,QLD1,0.13309110999999998
2024-04-18 21:10:00,QLD1,0.10627139
2024-04-18 21:15:00,QLD1,0.11499
2024-04-18 21:20:00,QLD1,0.10820574000000001
2024-04-18 21:25:00,QLD1,0.10424715000000001
2024-04-18 21:30:00,QLD1,0.10413667
2024-04-18 21:35:00,QLD1,0.10353738
2024-04-18 21:40:00,QLD1,0.10326954
2024-04-18 21:45:00,QLD1,0.10166428000000001
2024-04-18 21:50:00,QLD1,0.08575
2024-04-18 21:55:00,QLD1,0.10166828
2024-04-18 22:00:00,QLD1,0.08385461
2024-04-18 22:05:00,QLD1,0.1177426
2024-04-18 22:10:00,QLD1,0.18942268999999998
2024-04-18 22:15:00,QLD1,0.15980808
2024-04-18 22:20:00,QLD1,0.14753447
2024-04-18 22:25:00,QLD1,0.15589258
2024-04-18 22:30:00,QLD1,0.16060553
2024-04-18 22:35:00,QLD1,0.13897
2024-04-18 22:40:00,QLD1,0.1087426
2024-04-18 22:45:00,QLD1,0.1076204
2024-04-18 22:50:00,QLD1,0.10659545
2024-04-18 22:55:00,QLD1,0.10287272
2024-04-18 23:00:00,QLD1,0.10075
2024-04-18 23:05:00,QLD1,0.1011115
2024-04-18 23:10:00,QLD1,0.10902861
2024-04-18 23:15:00,QLD1,0.10337149999999999
2024-04-18 23:20:00,QLD1,0.10269405000000001
2024-04-18 23:25:00,QLD1,0.08820722
2024-04-18 23:30:00,QLD1,0.10075
2024-04-18 23:35:00,QLD1,0.10075
2024-04-18 23:40:00,QLD1,0.10181950000000001
2024-04-18 23:45:00,QLD1,0.10075
2024-04-18 23:50:00,QLD1,0.10075
2024-04-18 23:55:00,QLD1,0.08555
2024-04-19 00:00:00,QLD1,0.08555
2024-04-19 00:05:00,QLD1,0.08555
2024-04-19 00:10:00,QLD1,0.10744673
2024-04-19 00:15:00,QLD1,0.11799171
2024-04-19 00:20:00,QLD1,0.12912233
2024-04-19 00:25:00,QLD1,0.10460770999999999
2024-04-19 00:30:00,QLD1,0.10450013
2024-04-19 00:35:00,QLD1,0.1083929
2024-04-19 00:40:00,QLD1,0.10504783999999999
2024-04-19 00:45:00,QLD1,0.10491212
2024-04-19 00:50:00,QLD1,0.10695995000000001
2024-04-19 00:55:00,QLD1,0.11351860999999999
2024-04-19 01:00:00,QLD1,0.10075
2024-04-19 01:05:00,QLD1,0.11474300999999999
2024-04-19 01:10:00,QLD1,0.1028441
2024-04-19 01:15:00,QLD1,0.10812189999999999
2024-04-19 01:20:00,QLD1,0.10142612
2024-04-19 01:25:00,QLD1,0.10724289000000001
2024-04-19 01:30:00,QLD1,0.10185523
2024-04-19 01:35:00,QLD1,0.10097098
2024-04-19 01:40:00,QLD1,0.1080618
2024-04-19 01:45:00,QLD1,0.10709977999999999
2024-04-19 01:50:00,QLD1,0.10075
2024-04-19 01:55:00,QLD1,0.08706905999999999
2024-04-19 02:00:00,QLD1,0.08648016
2024-04-19 02:05:00,QLD1,0.10075
2024-04-19 02:10:00,QLD1,0.10237022
2024-04-19 02:15:00,QLD1,0.10125249
2024-04-19 02:20:00,QLD1,0.10090437
2024-04-19 02:25:00,QLD1,0.10133256
2024-04-19 02:30:00,QLD1,0.10531554
2024-04-19 02:35:00,QLD1,0.10312144000000001
2024-04-19 02:40:00,QLD1,0.10450709999999999
2024-04-19 02:45:00,QLD1,0.10459507999999999
2024-04-19 02:50:00,QLD1,0.10598389
2024-04-19 02:55:00,QLD1,0.08555
2024-04-19 03:00:00,QLD1,0.08555
2024-04-19 03:05:00,QLD1,0.08555
2024-04-19 03:10:00,QLD1,0.08555
2024-04-19 03:15:00,QLD1,0.10156688
2024-04-19 03:20:00,QLD1,0.10075
2024-04-19 03:25:00,QLD1,0.08555
2024-04-19 03:30:00,QLD1,0.10014563
2024-04-19 03:35:00,QLD1,0.09952645
2024-04-19 03:40:00,QLD1,0.10634310999999999
2024-04-19 03:45:00,QLD1,0.1023626
2024-04-19 03:50:00,QLD1,0.10075
2024-04-19 03:55:00,QLD1,0.10322758
2024-04-19 04:00:00,QLD1,0.10075
2024-04-19 04:05:00,QLD1,0.08756087
2024-04-19 04:10:00,QLD1,0.09147714000000001
2024-04-19 04:15:00,QLD1,0.10055
2024-04-19 04:20:00,QLD1,0.08898531
2024-04-19 04:25:00,QLD1,0.1006
2024-04-19 04:30:00,QLD1,0.10055
2024-04-19 04:35:00,QLD1,0.09470661
2024-04-19 04:40:00,QLD1,0.10424527
2024-04-19 04:45:00,QLD1,0.1006
2024-04-19 04:50:00,QLD1,0.08794588
2024-04-19 04:55:00,QLD1,0.10363868999999999
2024-04-19 05:00:00,QLD1,0.10055
2024-04-19 05:05:00,QLD1,0.09955989
2024-04-19 05:10:00,QLD1,0.10055
2024-04-19 05:15:00,QLD1,0.11063877
2024-04-19 05:20:00,QLD1,0.10960163
2024-04-19 05:25:00,QLD1,0.10947549
2024-04-19 05:30:00,QLD1,0.12996253
2024-04-19 05:35:00,QLD1,0.11000026
2024-04-19 05:40:00,QLD1,0.11187039
2024-04-19 05:45:00,QLD1,0.13150621
2024-04-19 05:50:00,QLD1,0.13038712000000002
2024-04-19 05:55:00,QLD1,0.14472664
2024-04-19 06:00:00,QLD1,0.15528435999999998
2024-04-19 06:05:00,QLD1,0.14271152
2024-04-19 06:10:00,QLD1,0.13133166
2024-04-19 06:15:00,QLD1,0.14256106
2024-04-19 06:20:00,QLD1,0.17044021
2024-04-19 06:25:00,QLD1,0.172097
2024-04-19 06:30:00,QLD1,0.16850407
2024-04-19 06:35:00,QLD1,0.19401
2024-04-19 06:40:00,QLD1,0.16530229
2024-04-19 06:45:00,QLD1,0.16086318
2024-04-19 06:50:00,QLD1,0.15576044
2024-04-19 06:55:00,QLD1,0.15138328999999998
2024-04-19 07:00:00,QLD1,0.13053253
2024-04-19 07:05:00,QLD1,0.13303674000000001
2024-04-19 07:10:00,QLD1,0.12264342
2024-04-19 07:15:00,QLD1,0.10911894999999999
2024-04-19 07:20:00,QLD1,0.1006
2024-04-19 07:25:00,QLD1,0.06272996
2024-04-19 07:30:00,QLD1,-0.014369400000000001
2024-04-19 07:35:00,QLD1,0.05975
2024-04-19 07:40:00,QLD1,0.0596
2024-04-19 07:45:00,QLD1,0.03188
2024-04-19 07:50:00,QLD1,0.03188
2024-04-19 07:55:00,QLD1,0.03188
2024-04-19 08:00:00,QLD1,0.00049413
2024-04-19 08:05:00,QLD1,0.02300397
2024-04-19 08:10:00,QLD1,0.03188
2024-04-19 08:15:00,QLD1,0.03474991
2024-04-19 08:20:00,QLD1,-0.01016898
2024-04-19 08:25:00,QLD1,-0.0205
2024-04-19 08:30:00,QLD1,0.022368040000000002
2024-04-19 08:35:00,QLD1,0.008374060000000001
2024-04-19 08:40:00,QLD1,0.0
2024-04-19 08:45:00,QLD1,-0.0108
2024-04-19 08:50:00,QLD1,0.03188
2024-04-19 08:55:00,QLD1,-0.0205
2024-04-19 09:00:00,QLD1,-0.0205
2024-04-19 09:05:00,QLD1,-0.0205
2024-04-19 09:10:00,QLD1,-0.0205
2024-04-19 09:15:00,QLD1,-0.0205
2024-04-19 09:20:00,QLD1,-0.0205
2024-04-19 09:25:00,QLD1,-0.0205
2024-04-19 09:30:00,QLD1,-0.0205
2024-04-19 09:35:00,QLD1,-0.0205
2024-04-19 09:40:00,QLD1,-0.0205
2024-04-19 09:45:00,QLD1,-0.0254
2024-04-19 09:50:00,QLD1,-0.0205
2024-04-19 09:55:00,QLD1,-0.0254
2024-04-19 10:00:00,QLD1,-0.0254
2024-04-19 10:05:00,QLD1,-0.0254
2024-04-19 10:10:00,QLD1,-0.026809999999999997
2024-04-19 10:15:00,QLD1,-0.03118
2024-04-19 10:20:00,QLD1,-0.026809999999999997
2024-04-19 10:25:00,QLD1,-0.03657
2024-04-19 10:30:00,QLD1,-0.026809999999999997
2024-04-19 10:35:00,QLD1,-0.03582
2024-04-19 10:40:00,QLD1,-0.026809999999999997
2024-04-19 10:45:00,QLD1,-0.026809999999999997
2024-04-19 10:50:00,QLD1,-0.026809999999999997
2024-04-19 10:55:00,QLD1,-0.03582
2024-04-19 11:00:00,QLD1,-0.026809999999999997
2024-04-19 11:05:00,QLD1,-0.04408649
2024-04-19 11:10:00,QLD1,-0.04157
2024-04-19 11:15:00,QLD1,-0.03856211
2024-04-19 11:20:00,QLD1,-0.04074541
2024-04-19 11:25:00,QLD1,-0.03657
2024-04-19 11:30:00,QLD1,-0.04201
2024-04-19 11:35:00,QLD1,-0.04481001
2024-04-19 11:40:00,QLD1,-0.0416
2024-04-19 11:45:00,QLD1,-0.03582
2024-04-19 11:50:00,QLD1,-0.03118
2024-04-19 11:55:00,QLD1,-0.04157
2024-04-19 12:00:00,QLD1,-0.04201
2024-04-19 12:05:00,QLD1,-0.04501
2024-04-19 12:10:00,QLD1,-0.0254
2024-04-19 12:15:00,QLD1,-0.0205
2024-04-19 12:20:00,QLD1,-0.03582
2024-04-19 12:25:00,QLD1,-0.0254
2024-04-19 12:30:00,QLD1,-0.0205
2024-04-19 12:35:00,QLD1,-0.0254
2024-04-19 12:40:00,QLD1,-0.0205
2024-04-19 12:45:00,QLD1,-0.0205
2024-04-19 12:50:00,QLD1,-0.0205
2024-04-19 12:55:00,QLD1,-0.0205
2024-04-19 13:00:00,QLD1,-0.0205
2024-04-19 13:05:00,QLD1,-0.0205
2024-04-19 13:10:00,QLD1,-0.0205
2024-04-19 13:15:00,QLD1,-0.0108
2024-04-19 13:20:00,QLD1,-0.01
2024-04-19 13:25:00,QLD1,-0.0205
2024-04-19 13:30:00,QLD1,-0.0205
2024-04-19 13:35:00,QLD1,-0.0205
2024-04-19 13:40:00,QLD1,-0.01
2024-04-19 13:45:00,QLD1,0.01589367
2024-04-19 13:50:00,QLD1,0.010233230000000001
2024-04-19 13:55:00,QLD1,0.00790719
2024-04-19 14:00:00,QLD1,0.03475
2024-04-19 14:05:00,QLD1,0.03475
2024-04-19 14:10:00,QLD1,0.03475
2024-04-19 14:15:00,QLD1,0.03475
2024-04-19 14:20:00,QLD1,0.03602738
2024-04-19 14:25:00,QLD1,0.03630215
2024-04-19 14:30:00,QLD1,0.03875
2024-04-19 14:35:00,QLD1,0.03875
2024-04-19 14:40:00,QLD1,0.03875
2024-04-19 14:45:00,QLD1,0.03875
2024-04-19 14:50:00,QLD1,0.06088695
2024-04-19 14:55:00,QLD1,0.05157198
2024-04-19 15:00:00,QLD1,0.048549999999999996
2024-04-19 15:05:00,QLD1,0.03875
2024-04-19 15:10:00,QLD1,0.03875
2024-04-19 15:15:00,QLD1,0.05135019
2024-04-19 15:20:00,QLD1,0.055135199999999995
2024-04-19 15:25:00,QLD1,0.05975
2024-04-19 15:30:00,QLD1,0.08555
2024-04-19 15:35:00,QLD1,0.0616824
2024-04-19 15:40:00,QLD1,0.06510433
2024-04-19 15:45:00,QLD1,0.06273008000000001
2024-04-19 15:50:00,QLD1,0.07720207999999999
2024-04-19 15:55:00,QLD1,0.06273008000000001
2024-04-19 16:00:00,QLD1,0.06273008000000001
2024-04-19 16:05:00,QLD1,0.05955
2024-04-19 16:10:00,QLD1,0.06086862
2024-04-19 16:15:00,QLD1,0.08474397
2024-04-19 16:20:00,QLD1,0.10998999999999999
2024-04-19 16:25:00,QLD1,0.12916215
2024-04-19 16:30:00,QLD1,0.14694327999999998
2024-04-19 16:35:00,QLD1,0.08469453
2024-04-19 16:40:00,QLD1,0.0879709
2024-04-19 16:45:00,QLD1,0.12255236
2024-04-19 16:50:00,QLD1,0.14253403
2024-04-19 16:55:00,QLD1,0.16007123999999998
2024-04-19 17:00:00,QLD1,0.13898
2024-04-19 17:05:00,QLD1,0.11499
2024-04-19 17:10:00,QLD1,0.12349790000000001
2024-04-19 17:15:00,QLD1,0.14915541
2024-04-19 17:20:00,QLD1,0.15188122999999998
2024-04-19 17:25:00,QLD1,0.23355324
2024-04-19 17:30:00,QLD1,0.18843617000000001
2024-04-19 17:35:00,QLD1,0.19758779999999998
2024-04-19 17:40:00,QLD1,0.15962985000000002
2024-04-19 17:45:00,QLD1,0.19401
2024-04-19 17:50:00,QLD1,0.26155
2024-04-19 17:55:00,QLD1,0.1797851
2024-04-19 18:00:00,QLD1,0.18118411
2024-04-19 18:05:00,QLD1,0.17337208999999998
2024-04-19 18:10:00,QLD1,0.16845385999999998
2024-04-19 18:15:00,QLD1,0.16651571999999998
2024-04-19 18:20:00,QLD1,0.16680524
2024-04-19 18:25:00,QLD1,0.15233356
2024-04-19 18:30:00,QLD1,0.15914993000000002
2024-04-19 18:35:00,QLD1,0.15771115
2024-04-19 18:40:00,QLD1,0.1389751
2024-04-19 18:45:00,QLD1,0.14234669
2024-04-19 18:50:00,QLD1,0.14664309
2024-04-19 18:55:00,QLD1,0.13985874
2024-04-19 19:00:00,QLD1,0.13897
2024-04-19 19:05:00,QLD1,0.13616061999999998
2024-04-19 19:10:00,QLD1,0.13008251
2024-04-19 19:15:00,QLD1,0.13291614999999998
2024-04-19 19:20:00,QLD1,0.13062110000000002
2024-04-19 19:25:00,QLD1,0.12619733
2024-04-19 19:30:00,QLD1,0.13182297
2024-04-19 19:35:00,QLD1,0.14222323
2024-04-19 19:40:00,QLD1,0.13735799
2024-04-19 19:45:00,QLD1,0.12704959999999998
2024-04-19 19:50:00,QLD1,0.11778746
2024-04-19 19:55:00,QLD1,0.13213815
2024-04-19 20:00:00,QLD1,0.12527643
2024-04-19 20:05:00,QLD1,0.14443119999999998
2024-04-19 20:10:00,QLD1,0.11499
2024-04-19 20:15:00,QLD1,0.14137306000000002
2024-04-19 20:20:00,QLD1,0.11499
2024-04-19 20:25:00,QLD1,0.11499
2024-04-19 20:30:00,QLD1,0.11499
2024-04-19 20:35:00,QLD1,0.11499
2024-04-19 20:40:00,QLD1,0.13301
2024-04-19 20:45:00,QLD1,0.1167736
2024-04-19 20:50:00,QLD1,0.1036484
2024-04-19 20:55:00,QLD1,0.09999
2024-04-19 21:00:00,QLD1,0.10158294
2024-04-19 21:05:00,QLD1,0.09999
2024-04-19 21:10:00,QLD1,0.09999
2024-04-19 21:15:00,QLD1,0.09999
2024-04-19 21:20:00,QLD1,0.08555
2024-04-19 21:25:00,QLD1,0.07415612
2024-04-19 21:30:00,QLD1,0.06679617
2024-04-19 21:35:00,QLD1,0.08555
2024-04-19 21:40:00,QLD1,0.0856
2024-04-19 21:45:00,QLD1,0.09919465
2024-04-19 21:50:00,QLD1,0.08360189
2024-04-19 21:55:00,QLD1,0.08555
2024-04-19 22:00:00,QLD1,0.07169749
2024-04-19 22:05:00,QLD1,0.10276383
2024-04-19 22:10:00,QLD1,0.11297718000000001
2024-04-19 22:15:00,QLD1,0.11063799
2024-04-19 22:20:00,QLD1,0.10570116
2024-04-19 22:25:00,QLD1,0.10780809999999999
2024-04-19 22:30:00,QLD1,0.10314761
2024-04-19 22:35:00,QLD1,0.10055
2024-04-19 22:40:00,QLD1,0.10055
2024-04-19 22:45:00,QLD1,0.08715162
2024-04-19 22:50:00,QLD1,0.09942000000000001
2024-04-19 22:55:00,QLD1,0.08712242
2024-04-19 23:00:00,QLD1,0.08555
2024-04-19 23:05:00,QLD1,0.08575
2024-04-19 23:10:00,QLD1,0.08555
2024-04-19 23:15:00,QLD1,0.08575
2024-04-19 23:20:00,QLD1,0.08575
2024-04-19 23:25:00,QLD1,0.08595661
2024-04-19 23:30:00,QLD1,0.08637054000000001
2024-04-19 23:35:00,QLD1,0.10237976
2024-04-19 23:40:00,QLD1,0.10090352
2024-04-19 23:45:00,QLD1,0.10770821
2024-04-19 23:50:00,QLD1,0.10517485
2024-04-19 23:55:00,QLD1,0.10975229
2024-04-20 00:00:00,QLD1,0.10547
2024-04-20 00:05:00,QLD1,0.10501891000000001
2024-04-20 00:10:00,QLD1,0.10681418
2024-04-20 00:15:00,QLD1,0.10818463
2024-04-20 00:20:00,QLD1,0.10458719000000001
2024-04-20 00:25:00,QLD1,0.10055
2024-04-20 00:30:00,QLD1,0.10055
2024-04-20 00:35:00,QLD1,0.09985128
2024-04-20 00:40:00,QLD1,0.10055
2024-04-20 00:45:00,QLD1,0.10401559
2024-04-20 00:50:00,QLD1,0.1006
2024-04-20 00:55:00,QLD1,0.09414892999999999
2024-04-20 01:00:00,QLD1,0.09417798000000001
2024-04-20 01:05:00,QLD1,0.08803889
2024-04-20 01:10:00,QLD1,0.08798056
2024-04-20 01:15:00,QLD1,0.08862546
2024-04-20 01:20:00,QLD1,0.08575
2024-04-20 01:25:00,QLD1,0.08578612
2024-04-20 01:30:00,QLD1,0.08575
2024-04-20 01:35:00,QLD1,0.08575
2024-04-20 01:40:00,QLD1,0.08575
2024-04-20 01:45:00,QLD1,0.0856
2024-04-20 01:50:00,QLD1,0.08555
2024-04-20 01:55:00,QLD1,0.08575
2024-04-20 02:00:00,QLD1,0.08555
2024-04-20 02:05:00,QLD1,0.08555
2024-04-20 02:10:00,QLD1,0.08555
2024-04-20 02:15:00,QLD1,0.08555
2024-04-20 02:20:00,QLD1,0.0852458
2024-04-20 02:25:00,QLD1,0.07817358
2024-04-20 02:30:00,QLD1,0.06207738
2024-04-20 02:35:00,QLD1,0.05975
2024-04-20 02:40:00,QLD1,0.08510456000000001
2024-04-20 02:45:00,QLD1,0.08525288
2024-04-20 02:50:00,QLD1,0.05975
2024-04-20 02:55:00,QLD1,0.07580262
2024-04-20 03:00:00,QLD1,0.07274181
2024-04-20 03:05:00,QLD1,0.0762431
2024-04-20 03:10:00,QLD1,0.07574694
2024-04-20 03:15:00,QLD1,0.0596
2024-04-20 03:20:00,QLD1,0.06971967
2024-04-20 03:25:00,QLD1,0.05955
2024-04-20 03:30:00,QLD1,0.05954374
2024-04-20 03:35:00,QLD1,0.05874311
2024-04-20 03:40:00,QLD1,0.05955
2024-04-20 03:45:00,QLD1,0.07419742
2024-04-20 03:50:00,QLD1,0.08270659000000001
2024-04-20 03:55:00,QLD1,0.07419379999999999
2024-04-20 04:00:00,QLD1,0.07151365
2024-04-20 04:05:00,QLD1,0.07926379
2024-04-20 04:10:00,QLD1,0.08555
2024-04-20 04:15:00,QLD1,0.08292585
2024-04-20 04:20:00,QLD1,0.07430447
2024-04-20 04:25:00,QLD1,0.07427144
2024-04-20 04:30:00,QLD1,0.08555
2024-04-20 04:35:00,QLD1,0.07438579
2024-04-20 04:40:00,QLD1,0.06819921
2024-04-20 04:45:00,QLD1,0.07383412
2024-04-20 04:50:00,QLD1,0.07484958
2024-04-20 04:55:00,QLD1,0.07529968
2024-04-20 05:00:00,QLD1,0.07570161
2024-04-20 05:05:00,QLD1,0.07389960000000001
2024-04-20 05:10:00,QLD1,0.08416423
2024-04-20 05:15:00,QLD1,0.07495851
2024-04-20 05:20:00,QLD1,0.06273008000000001
2024-04-20 05:25:00,QLD1,0.07497376
2024-04-20 05:30:00,QLD1,0.06074212
2024-04-20 05:35:00,QLD1,0.0856
2024-04-20 05:40:00,QLD1,0.08566858000000001
2024-04-20 05:45:00,QLD1,0.08575
2024-04-20 05:50:00,QLD1,0.08575
2024-04-20 05:55:00,QLD1,0.10075
2024-04-20 06:00:00,QLD1,0.08744609
2024-04-20 06:05:00,QLD1,0.07787619
2024-04-20 06:10:00,QLD1,0.08575
2024-04-20 06:15:00,QLD1,0.12718895
2024-04-20 06:20:00,QLD1,0.10415195
2024-04-20 06:25:00,QLD1,0.09537497
2024-04-20 06:30:00,QLD1,0.10659461
2024-04-20 06:35:00,QLD1,0.10367769
2024-04-20 06:40:00,QLD1,0.10296051
2024-04-20 06:45:00,QLD1,0.08575
2024-04-20 06:50:00,QLD1,0.08555
2024-04-20 06:55:00,QLD1,0.07508924
2024-04-20 07:00:00,QLD1,0.06273008000000001
2024-04-20 07:05:00,QLD1,0.07335525
2024-04-20 07:10:00,QLD1,0.07336822
2024-04-20 07:15:00,QLD1,0.05975
2024-04-20 07:20:00,QLD1,0.05975
2024-04-20 07:25:00,QLD1,0.05975
2024-04-20 07:30:00,QLD1,0.0596
2024-04-20 07:35:00,QLD1,0.03875
2024-04-20 07:40:00,QLD1,0.048549999999999996
2024-04-20 07:45:00,QLD1,0.03767194
2024-04-20 07:50:00,QLD1,-0.0010225100000000001
2024-04-20 07:55:00,QLD1,0.03174355
2024-04-20 08:00:00,QLD1,0.024144850000000002
2024-04-20 08:05:00,QLD1,0.0346
2024-04-20 08:10:00,QLD1,0.03881685
2024-04-20 08:15:00,QLD1,0.03875
2024-04-20 08:20:00,QLD1,0.03188
2024-04-20 08:25:00,QLD1,0.036780230000000004
2024-04-20 08:30:00,QLD1,0.038549999999999994
2024-04-20 08:35:00,QLD1,0.023813400000000002
2024-04-20 08:40:00,QLD1,0.03365545
2024-04-20 08:45:00,QLD1,0.0224271
2024-04-20 08:50:00,QLD1,0.02874217
2024-04-20 08:55:00,QLD1,0.031680980000000004
2024-04-20 09:00:00,QLD1,0.03455
2024-04-20 09:05:00,QLD1,0.0328961
2024-04-20 09:10:00,QLD1,0.03455
2024-04-20 09:15:00,QLD1,-0.01
2024-04-20 09:20:00,QLD1,-0.0105
2024-04-20 09:25:00,QLD1,-0.0105
2024-04-20 09:30:00,QLD1,0.00890291
2024-04-20 09:35:00,QLD1,0.02181846
2024-04-20 09:40:00,QLD1,0.030670000000000003
2024-04-20 09:45:00,QLD1,-0.0104
2024-04-20 09:50:00,QLD1,0.0
2024-04-20 09:55:00,QLD1,-0.00891718
2024-04-20 10:00:00,QLD1,0.02157
2024-04-20 10:05:00,QLD1,-0.0076847700000000005
2024-04-20 10:10:00,QLD1,-0.00141062
2024-04-20 10:15:00,QLD1,0.02177567
2024-04-20 10:20:00,QLD1,0.02664899
2024-04-20 10:25:00,QLD1,0.039270400000000004
2024-04-20 10:30:00,QLD1,0.04875002
2024-04-20 10:35:00,QLD1,0.0705
2024-04-20 10:40:00,QLD1,0.098
2024-04-20 10:45:00,QLD1,0.098
2024-04-20 10:50:00,QLD1,0.08575
2024-04-20 10:55:00,QLD1,0.07938927
2024-04-20 11:00:00,QLD1,0.05955
2024-04-20 11:05:00,QLD1,0.08342861
2024-04-20 11:10:00,QLD1,0.08691648
2024-04-20 11:15:00,QLD1,0.06273
2024-04-20 11:20:00,QLD1,0.06273
2024-04-20 11:25:00,QLD1,0.08555
2024-04-20 11:30:00,QLD1,0.07918488000000001
2024-04-20 11:35:00,QLD1,0.062202440000000005
2024-04-20 11:40:00,QLD1,0.05975
2024-04-20 11:45:00,QLD1,0.06214665
2024-04-20 11:50:00,QLD1,0.05975
2024-04-20 11:55:00,QLD1,0.05975
2024-04-20 12:00:00,QLD1,0.060667189999999996
2024-04-20 12:05:00,QLD1,0.061072049999999996
2024-04-20 12:10:00,QLD1,0.14098037
2024-04-20 12:15:00,QLD1,0.10075
2024-04-20 12:20:00,QLD1,0.14464660000000001
2024-04-20 12:25:00,QLD1,0.06492602
2024-04-20 12:30:00,QLD1,0.06449847
2024-04-20 12:35:00,QLD1,0.0856
2024-04-20 12:40:00,QLD1,0.08555
2024-04-20 12:45:00,QLD1,0.08514062
2024-04-20 12:50:00,QLD1,0.08372902
2024-04-20 12:55:00,QLD1,0.08426294
2024-04-20 13:00:00,QLD1,0.0856
2024-04-20 13:05:00,QLD1,0.06273
2024-04-20 13:10:00,QLD1,0.08435107
2024-04-20 13:15:00,QLD1,0.08555
2024-04-20 13:20:00,QLD1,0.06461506
2024-04-20 13:25:00,QLD1,0.06517493
2024-04-20 13:30:00,QLD1,0.08575
2024-04-20 13:35:00,QLD1,0.08555
2024-04-20 13:40:00,QLD1,0.0856
2024-04-20 13:45:00,QLD1,0.10075
2024-04-20 13:50:00,QLD1,0.06378359
2024-04-20 13:55:00,QLD1,0.08476142
2024-04-20 14:00:00,QLD1,0.06217521
2024-04-20 14:05:00,QLD1,0.06273
2024-04-20 14:10:00,QLD1,0.06273
2024-04-20 14:15:00,QLD1,0.08555
2024-04-20 14:20:00,QLD1,0.11339
2024-04-20 14:25:00,QLD1,0.06733673
2024-04-20 14:30:00,QLD1,0.06408975
2024-04-20 14:35:00,QLD1,0.06369548
2024-04-20 14:40:00,QLD1,0.05975
2024-04-20 14:45:00,QLD1,0.06273
2024-04-20 14:50:00,QLD1,0.06273
2024-04-20 14:55:00,QLD1,0.06273
2024-04-20 15:00:00,QLD1,0.06273
2024-04-20 15:05:00,QLD1,0.06592146
2024-04-20 15:10:00,QLD1,0.06303896
2024-04-20 15:15:00,QLD1,0.05955
2024-04-20 15:20:00,QLD1,0.061915889999999994
2024-04-20 15:25:00,QLD1,0.08575
2024-04-20 15:30:00,QLD1,0.06117693
2024-04-20 15:35:00,QLD1,0.06121958
2024-04-20 15:40:00,QLD1,0.05373
2024-04-20 15:45:00,QLD1,0.05955
2024-04-20 15:50:00,QLD1,0.058783470000000004
2024-04-20 15:55:00,QLD1,0.06033002
2024-04-20 16:00:00,QLD1,0.10075
2024-04-20 16:05:00,QLD1,0.06472891
2024-04-20 16:10:00,QLD1,0.08575
2024-04-20 16:15:00,QLD1,0.08575
2024-04-20 16:20:00,QLD1,0.06357796
2024-04-20 16:25:00,QLD1,0.08013881
2024-04-20 16:30:00,QLD1,0.08847653
2024-04-20 16:35:00,QLD1,0.08575
2024-04-20 16:40:00,QLD1,0.08648613000000001
2024-04-20 16:45:00,QLD1,0.09999
2024-04-20 16:50:00,QLD1,0.10924734
2024-04-20 16:55:00,QLD1,0.10881247999999999
2024-04-20 17:00:00,QLD1,0.14089259
2024-04-20 17:05:00,QLD1,0.11162382
2024-04-20 17:10:00,QLD1,0.11251661
2024-04-20 17:15:00,QLD1,0.12231444999999999
2024-04-20 17:20:00,QLD1,0.13614425
2024-04-20 17:25:00,QLD1,0.13898
2024-04-20 17:30:00,QLD1,0.26161
2024-04-20 17:35:00,QLD1,0.27769
2024-04-20 17:40:00,QLD1,0.1726707
2024-04-20 17:45:00,QLD1,0.16615470999999998
2024-04-20 17:50:00,QLD1,0.17318484
2024-04-20 17:55:00,QLD1,0.26151736
2024-04-20 18:00:00,QLD1,0.14461000000000002
2024-04-20 18:05:00,QLD1,0.21115052
2024-04-20 18:10:00,QLD1,0.13204772
2024-04-20 18:15:00,QLD1,0.1341386
2024-04-20 18:20:00,QLD1,0.13053089
2024-04-20 18:25:00,QLD1,0.12056393
2024-04-20 18:30:00,QLD1,0.12668051
2024-04-20 18:35:00,QLD1,0.11624935
2024-04-20 18:40:00,QLD1,0.11499
2024-04-20 18:45:00,QLD1,0.09999
2024-04-20 18:50:00,QLD1,0.10075
2024-04-20 18:55:00,QLD1,0.11298707000000001
2024-04-20 19:00:00,QLD1,0.11499
2024-04-20 19:05:00,QLD1,0.10636516
2024-04-20 19:10:00,QLD1,0.11316967
2024-04-20 19:15:00,QLD1,0.10075
2024-04-20 19:20:00,QLD1,0.11039254
2024-04-20 19:25:00,QLD1,0.10075
2024-04-20 19:30:00,QLD1,0.10075
2024-04-20 19:35:00,QLD1,0.10075
2024-04-20 19:40:00,QLD1,0.11107581000000001
2024-04-20 19:45:00,QLD1,0.10694068
2024-04-20 19:50:00,QLD1,0.10075
2024-04-20 19:55:00,QLD1,0.08944165999999999
2024-04-20 20:00:00,QLD1,0.08575
2024-04-20 20:05:00,QLD1,0.09999
2024-04-20 20:10:00,QLD1,0.10543535
2024-04-20 20:15:00,QLD1,0.09999
2024-04-20 20:20:00,QLD1,0.09999
2024-04-20 20:25:00,QLD1,0.08557986
2024-04-20 20:30:00,QLD1,0.08575
2024-04-20 20:35:00,QLD1,0.08713144
2024-04-20 20:40:00,QLD1,0.08575
2024-04-20 20:45:00,QLD1,0.08575
2024-04-20 20:50:00,QLD1,0.07557503
2024-04-20 20:55:00,QLD1,0.07664019000000001
2024-04-20 21:00:00,QLD1,0.08498982
2024-04-20 21:05:00,QLD1,0.08664476
2024-04-20 21:10:00,QLD1,0.09999
2024-04-20 21:15:00,QLD1,0.08863043000000001
2024-04-20 21:20:00,QLD1,0.08769619000000001
2024-04-20 21:25:00,QLD1,0.08575
2024-04-20 21:30:00,QLD1,0.07618376
2024-04-20 21:35:00,QLD1,0.08802752999999999
2024-04-20 21:40:00,QLD1,0.08676613999999999
2024-04-20 21:45:00,QLD1,0.08680918
2024-04-20 21:50:00,QLD1,0.08575
2024-04-20 21:55:00,QLD1,0.08575
2024-04-20 22:00:00,QLD1,0.10075
2024-04-20 22:05:00,QLD1,0.11499
2024-04-20 22:10:00,QLD1,0.11499
2024-04-20 22:15:00,QLD1,0.12500067
2024-04-20 22:20:00,QLD1,0.12844583
2024-04-20 22:25:00,QLD1,0.12369869
2024-04-20 22:30:00,QLD1,0.13156213
2024-04-20 22:35:00,QLD1,0.10075
2024-04-20 22:40:00,QLD1,0.12393963
2024-04-20 22:45:00,QLD1,0.12903747000000002
2024-04-20 22:50:00,QLD1,0.10339592
2024-04-20 22:55:00,QLD1,0.12316464
2024-04-20 23:00:00,QLD1,0.10230829
2024-04-20 23:05:00,QLD1,0.10832452000000001
2024-04-20 23:10:00,QLD1,0.10780113
2024-04-20 23:15:00,QLD1,0.10356705
2024-04-20 23:20:00,QLD1,0.10286346
2024-04-20 23:25:00,QLD1,0.08743574
2024-04-20 23:30:00,QLD1,0.1034088
2024-04-20 23:35:00,QLD1,0.08622902
2024-04-20 23:40:00,QLD1,0.08622195
2024-04-20 23:45:00,QLD1,0.10075
2024-04-20 23:50:00,QLD1,0.08663898
2024-04-20 23:55:00,QLD1,0.10465817
2024-04-21 00:00:00,QLD1,0.10527176
2024-04-21 00:05:00,QLD1,0.09054946
2024-04-21 00:10:00,QLD1,0.09021821
2024-04-21 00:15:00,QLD1,0.08575
2024-04-21 00:20:00,QLD1,0.08555
2024-04-21 00:25:00,QLD1,0.08575
2024-04-21 00:30:00,QLD1,0.08575
2024-04-21 00:35:00,QLD1,0.08555
2024-04-21 00:40:00,QLD1,0.07855285000000001
2024-04-21 00:45:00,QLD1,0.08555
2024-04-21 00:50:00,QLD1,0.08575
2024-04-21 00:55:00,QLD1,0.0856
2024-04-21 01:00:00,QLD1,0.08555
2024-04-21 01:05:00,QLD1,0.07761146
2024-04-21 01:10:00,QLD1,0.07836664
2024-04-21 01:15:00,QLD1,0.07831798000000001
2024-04-21 01:20:00,QLD1,0.060469140000000005
2024-04-21 01:25:00,QLD1,0.07773369
2024-04-21 01:30:00,QLD1,0.06047404
2024-04-21 01:35:00,QLD1,0.07766522999999999
2024-04-21 01:40:00,QLD1,0.077158
2024-04-21 01:45:00,QLD1,0.07653621
2024-04-21 01:50:00,QLD1,0.07699484
2024-04-21 01:55:00,QLD1,0.07696445
2024-04-21 02:00:00,QLD1,0.08555
2024-04-21 02:05:00,QLD1,0.07648949000000001
2024-04-21 02:10:00,QLD1,0.0856
2024-04-21 02:15:00,QLD1,0.08572648
2024-04-21 02:20:00,QLD1,0.08568321
2024-04-21 02:25:00,QLD1,0.08565726
2024-04-21 02:30:00,QLD1,0.08575
2024-04-21 02:35:00,QLD1,0.08563702000000001
2024-04-21 02:40:00,QLD1,0.08575
2024-04-21 02:45:00,QLD1,0.08575
2024-04-21 02:50:00,QLD1,0.08575
2024-04-21 02:55:00,QLD1,0.08575
2024-04-21 03:00:00,QLD1,0.08555
2024-04-21 03:05:00,QLD1,0.08546468
2024-04-21 03:10:00,QLD1,0.08490707
2024-04-21 03:15:00,QLD1,0.07575632
2024-04-21 03:20:00,QLD1,0.07676324
2024-04-21 03:25:00,QLD1,0.07576471
2024-04-21 03:30:00,QLD1,0.0854344
2024-04-21 03:35:00,QLD1,0.08420058
2024-04-21 03:40:00,QLD1,0.0856
2024-04-21 03:45:00,QLD1,0.08555
2024-04-21 03:50:00,QLD1,0.08555
2024-04-21 03:55:00,QLD1,0.08555
2024-04-21 04:00:00,QLD1,0.05975
2024-04-21 04:05:00,QLD1,0.06940961
2024-04-21 04:10:00,QLD1,0.07400324000000001
2024-04-21 04:15:00,QLD1,0.07577798
2024-04-21 04:20:00,QLD1,0.07533183
2024-04-21 04:25:00,QLD1,0.07574359
2024-04-21 04:30:00,QLD1,0.07450391999999999
2024-04-21 04:35:00,QLD1,0.07449601
2024-04-21 04:40:00,QLD1,0.08575
2024-04-21 04:45:00,QLD1,0.09253283999999999
2024-04-21 04:50:00,QLD1,0.08555
2024-04-21 04:55:00,QLD1,0.08555
2024-04-21 05:00:00,QLD1,0.0856
2024-04-21 05:05:00,QLD1,0.0779586
2024-04-21 05:10:00,QLD1,0.06273012
2024-04-21 05:15:00,QLD1,0.07497343
2024-04-21 05:20:00,QLD1,0.07446813000000001
2024-04-21 05:25:00,QLD1,0.07533183
2024-04-21 05:30:00,QLD1,0.08521576
2024-04-21 05:35:00,QLD1,0.05975
2024-04-21 05:40:00,QLD1,0.07549191000000001
2024-04-21 05:45:00,QLD1,0.07550752
2024-04-21 05:50:00,QLD1,0.07550955999999999
2024-04-21 05:55:00,QLD1,0.07552992
2024-04-21 06:00:00,QLD1,0.07702632
2024-04-21 06:05:00,QLD1,0.06273008000000001
2024-04-21 06:10:00,QLD1,0.08508005
2024-04-21 06:15:00,QLD1,0.08575
2024-04-21 06:20:00,QLD1,0.08575
2024-04-21 06:25:00,QLD1,0.08575
2024-04-21 06:30:00,QLD1,0.08593741
2024-04-21 06:35:00,QLD1,0.08079263
2024-04-21 06:40:00,QLD1,0.07642486999999999
2024-04-21 06:45:00,QLD1,0.08308883
2024-04-21 06:50:00,QLD1,0.07627042
2024-04-21 06:55:00,QLD1,0.06273008000000001
2024-04-21 07:00:00,QLD1,0.06273008000000001
2024-04-21 07:05:00,QLD1,0.07347429
2024-04-21 07:10:00,QLD1,0.05975
2024-04-21 07:15:00,QLD1,0.06081
2024-04-21 07:20:00,QLD1,0.044789999999999996
2024-04-21 07:25:00,QLD1,0.048549999999999996
2024-04-21 07:30:00,QLD1,0.04875
2024-04-21 07:35:00,QLD1,0.04875
2024-04-21 07:40:00,QLD1,0.04875
2024-04-21 07:45:00,QLD1,0.04875
2024-04-21 07:50:00,QLD1,0.029753599999999998
2024-04-21 07:55:00,QLD1,0.03875
2024-04-21 08:00:00,QLD1,0.038549999999999994
2024-04-21 08:05:00,QLD1,0.0386
2024-04-21 08:10:00,QLD1,0.03875
2024-04-21 08:15:00,QLD1,0.038549999999999994
2024-04-21 08:20:00,QLD1,0.01884
2024-04-21 08:25:00,QLD1,0.03875
2024-04-21 08:30:00,QLD1,0.04039277
2024-04-21 08:35:00,QLD1,0.029643999999999997
2024-04-21 08:40:00,QLD1,0.02961
2024-04-21 08:45:00,QLD1,0.03875
2024-04-21 08:50:00,QLD1,0.03455
2024-04-21 08:55:00,QLD1,0.019449639999999997
2024-04-21 09:00:00,QLD1,0.02256597
2024-04-21 09:05:00,QLD1,0.03188
2024-04-21 09:10:00,QLD1,0.05310002
2024-04-21 09:15:00,QLD1,0.04180523
2024-04-21 09:20:00,QLD1,0.02961
2024-04-21 09:25:00,QLD1,0.03875
2024-04-21 09:30:00,QLD1,0.0346
2024-04-21 09:35:00,QLD1,0.0346
2024-04-21 09:40:00,QLD1,0.038549999999999994
2024-04-21 09:45:00,QLD1,0.038549999999999994
2024-04-21 09:50:00,QLD1,0.03875
2024-04-21 09:55:00,QLD1,0.02234
2024-04-21 10:00:00,QLD1,0.02697189
2024-04-21 10:05:00,QLD1,0.03455
2024-04-21 10:10:00,QLD1,0.0346
2024-04-21 10:15:00,QLD1,0.04647096
2024-04-21 10:20:00,QLD1,0.02585623
2024-04-21 10:25:00,QLD1,0.03877512
2024-04-21 10:30:00,QLD1,0.03875
2024-04-21 10:35:00,QLD1,0.03849007
2024-04-21 10:40:00,QLD1,0.03875
2024-04-21 10:45:00,QLD1,0.03875
2024-04-21 10:50:00,QLD1,0.02572167
2024-04-21 10:55:00,QLD1,0.038549999999999994
2024-04-21 11:00:00,QLD1,0.03079993
2024-04-21 11:05:00,QLD1,0.02532374
2024-04-21 11:10:00,QLD1,0.026488610000000003
2024-04-21 11:15:00,QLD1,0.03455
2024-04-21 11:20:00,QLD1,0.002907
2024-04-21 11:25:00,QLD1,0.02487235
2024-04-21 11:30:00,QLD1,0.03455
2024-04-21 11:35:00,QLD1,0.02961
2024-04-21 11:40:00,QLD1,0.02234
2024-04-21 11:45:00,QLD1,0.02541556
2024-04-21 11:50:00,QLD1,0.02739999
2024-04-21 11:55:00,QLD1,0.03455
2024-04-21 12:00:00,QLD1,0.02961
2024-04-21 12:05:00,QLD1,0.02234
2024-04-21 12:10:00,QLD1,0.03875
2024-04-21 12:15:00,QLD1,0.03455
2024-04-21 12:20:00,QLD1,0.038549999999999994
2024-04-21 12:25:00,QLD1,0.048127920000000005
2024-04-21 12:30:00,QLD1,0.02961
2024-04-21 12:35:00,QLD1,0.038549999999999994
2024-04-21 12:40:00,QLD1,0.03875
2024-04-21 12:45:00,QLD1,0.0386
2024-04-21 12:50:00,QLD1,0.03778994
2024-04-21 12:55:00,QLD1,0.030699999999999998
2024-04-21 13:00:00,QLD1,0.04216309
2024-04-21 13:05:00,QLD1,0.04875002
2024-04-21 13:10:00,QLD1,0.03875
2024-04-21 13:15:00,QLD1,0.026700980000000003
2024-04-21 13:20:00,QLD1,0.0386
2024-04-21 13:25:00,QLD1,0.038549999999999994
2024-04-21 13:30:00,QLD1,0.038549999999999994
2024-04-21 13:35:00,QLD1,0.03455
2024-04-21 13:40:00,QLD1,0.03455
2024-04-21 13:45:00,QLD1,-0.0108
2024-04-21 13:50:00,QLD1,0.01334
2024-04-21 13:55:00,QLD1,0.023620000000000002
2024-04-21 14:00:00,QLD1,0.02588664
2024-04-21 14:05:00,QLD1,0.03455
2024-04-21 14:10:00,QLD1,0.05977255
2024-04-21 14:15:00,QLD1,0.0346
2024-04-21 14:20:00,QLD1,0.02234
2024-04-21 14:25:00,QLD1,0.03455
2024-04-21 14:30:00,QLD1,0.043099939999999996
2024-04-21 14:35:00,QLD1,0.03454997
2024-04-21 14:40:00,QLD1,0.02961
2024-04-21 14:45:00,QLD1,0.03455
2024-04-21 14:50:00,QLD1,0.05848162
2024-04-21 14:55:00,QLD1,0.04301317
2024-04-21 15:00:00,QLD1,0.03875
2024-04-21 15:05:00,QLD1,0.048549999999999996
2024-04-21 15:10:00,QLD1,0.048549999999999996
2024-04-21 15:15:00,QLD1,0.03875
2024-04-21 15:20:00,QLD1,0.05057753
2024-04-21 15:25:00,QLD1,0.13709634
2024-04-21 15:30:00,QLD1,0.06500465
2024-04-21 15:35:00,QLD1,0.048749940000000005
2024-04-21 15:40:00,QLD1,0.05831657
2024-04-21 15:45:00,QLD1,0.0597998
2024-04-21 15:50:00,QLD1,0.09761821000000001
2024-04-21 15:55:00,QLD1,0.10075
2024-04-21 16:00:00,QLD1,0.08637
2024-04-21 16:05:00,QLD1,0.05975
2024-04-21 16:10:00,QLD1,0.08075971
2024-04-21 16:15:00,QLD1,0.08575
2024-04-21 16:20:00,QLD1,0.08541122
2024-04-21 16:25:00,QLD1,0.09999
2024-04-21 16:30:00,QLD1,0.12414212999999999
2024-04-21 16:35:00,QLD1,0.09999
2024-04-21 16:40:00,QLD1,0.0929933
2024-04-21 16:45:00,QLD1,0.11307028
2024-04-21 16:50:00,QLD1,0.19686188000000002
2024-04-21 16:55:00,QLD1,0.11931483
2024-04-21 17:00:00,QLD1,0.28325841
2024-04-21 17:05:00,QLD1,0.12824824
2024-04-21 17:10:00,QLD1,0.11734267
2024-04-21 17:15:00,QLD1,0.13160624999999998
2024-04-21 17:20:00,QLD1,0.17013545
2024-04-21 17:25:00,QLD1,0.17490493000000001
2024-04-21 17:30:00,QLD1,0.21517828
2024-04-21 17:35:00,QLD1,0.21503478999999998
2024-04-21 17:40:00,QLD1,0.1623529
2024-04-21 17:45:00,QLD1,0.22233097000000002
2024-04-21 17:50:00,QLD1,0.29377872000000005
2024-04-21 17:55:00,QLD1,0.29393909
2024-04-21 18:00:00,QLD1,0.27475075
2024-04-21 18:05:00,QLD1,0.21713974
2024-04-21 18:10:00,QLD1,0.18130777
2024-04-21 18:15:00,QLD1,0.17718745000000002
2024-04-21 18:20:00,QLD1,0.17077433
2024-04-21 18:25:00,QLD1,0.18248625999999998
2024-04-21 18:30:00,QLD1,0.16982143
2024-04-21 18:35:00,QLD1,0.17379144
2024-04-21 18:40:00,QLD1,0.13898
2024-04-21 18:45:00,QLD1,0.13301
2024-04-21 18:50:00,QLD1,0.13898
2024-04-21 18:55:00,QLD1,0.12680274
2024-04-21 19:00:00,QLD1,0.12489561
2024-04-21 19:05:00,QLD1,0.12650212
2024-04-21 19:10:00,QLD1,0.12379108999999999
2024-04-21 19:15:00,QLD1,0.12
2024-04-21 19:20:00,QLD1,0.12
2024-04-21 19:25:00,QLD1,0.1184292
2024-04-21 19:30:00,QLD1,0.11947181000000001
2024-04-21 19:35:00,QLD1,0.11545421
2024-04-21 19:40:00,QLD1,0.1014882
2024-04-21 19:45:00,QLD1,0.10353489
2024-04-21 19:50:00,QLD1,0.101
2024-04-21 19:55:00,QLD1,0.11499
2024-04-21 20:00:00,QLD1,0.11499
2024-04-21 20:05:00,QLD1,0.12
2024-04-21 20:10:00,QLD1,0.11736685
2024-04-21 20:15:00,QLD1,0.12
2024-04-21 20:20:00,QLD1,0.12
2024-04-21 20:25:00,QLD1,0.101
2024-04-21 20:30:00,QLD1,0.09999
2024-04-21 20:35:00,QLD1,0.10075
2024-04-21 20:40:00,QLD1,0.11995059999999999
2024-04-21 20:45:00,QLD1,0.10075
2024-04-21 20:50:00,QLD1,0.10075
2024-04-21 20:55:00,QLD1,0.10075
2024-04-21 21:00:00,QLD1,0.09999
2024-04-21 21:05:00,QLD1,0.12701644
2024-04-21 21:10:00,QLD1,0.10953141999999999
2024-04-21 21:15:00,QLD1,0.10075
2024-04-21 21:20:00,QLD1,0.10041788
2024-04-21 21:25:00,QLD1,0.08703
2024-04-21 21:30:00,QLD1,0.10075
2024-04-21 21:35:00,QLD1,0.10075
2024-04-21 21:40:00,QLD1,0.10075
2024-04-21 21:45:00,QLD1,0.10075785000000001
2024-04-21 21:50:00,QLD1,0.10075
2024-04-21 21:55:00,QLD1,0.09999
2024-04-21 22:00:00,QLD1,0.09999
2024-04-21 22:05:00,QLD1,0.08638
2024-04-21 22:10:00,QLD1,0.10175406
2024-04-21 22:15:00,QLD1,0.10336437
2024-04-21 22:20:00,QLD1,0.10635821
2024-04-21 22:25:00,QLD1,0.10075
2024-04-21 22:30:00,QLD1,0.10452992
2024-04-21 22:35:00,QLD1,0.10150033
2024-04-21 22:40:00,QLD1,0.10465589
2024-04-21 22:45:00,QLD1,0.10075
2024-04-21 22:50:00,QLD1,0.10112082
2024-04-21 22:55:00,QLD1,0.08973168
2024-04-21 23:00:00,QLD1,0.09996851
2024-04-21 23:05:00,QLD1,0.10075
2024-04-21 23:10:00,QLD1,0.13166466
2024-04-21 23:15:00,QLD1,0.12197698
2024-04-21 23:20:00,QLD1,0.10075
2024-04-21 23:25:00,QLD1,0.10075
2024-04-21 23:30:00,QLD1,0.08313904999999999
2024-04-21 23:35:00,QLD1,0.09913257
2024-04-21 23:40:00,QLD1,0.11953941
2024-04-21 23:45:00,QLD1,0.10768214999999999
2024-04-21 23:50:00,QLD1,0.09950642999999999
2024-04-21 23:55:00,QLD1,0.09871645
2024-04-22 00:00:00,QLD1,0.09111358
2024-04-22 00:05:00,QLD1,0.1049237
2024-04-22 00:10:00,QLD1,0.10075
2024-04-22 00:15:00,QLD1,0.08995
2024-04-22 00:20:00,QLD1,0.08575
2024-04-22 00:25:00,QLD1,0.08284986000000001
2024-04-22 00:30:00,QLD1,0.08559543
2024-04-22 00:35:00,QLD1,0.08246366999999999
2024-04-22 00:40:00,QLD1,0.08245892
2024-04-22 00:45:00,QLD1,0.08305425
2024-04-22 00:50:00,QLD1,0.08355974999999999
2024-04-22 00:55:00,QLD1,0.0718886
2024-04-22 01:00:00,QLD1,0.07139645
2024-04-22 01:05:00,QLD1,0.07133828
2024-04-22 01:10:00,QLD1,0.07152808000000001
2024-04-22 01:15:00,QLD1,0.07245316
2024-04-22 01:20:00,QLD1,0.07477898999999999
2024-04-22 01:25:00,QLD1,0.06033
2024-04-22 01:30:00,QLD1,0.07112076
2024-04-22 01:35:00,QLD1,0.07282199
2024-04-22 01:40:00,QLD1,0.07276815
2024-04-22 01:45:00,QLD1,0.07322437999999999
2024-04-22 01:50:00,QLD1,0.07271105
2024-04-22 01:55:00,QLD1,0.08031985
2024-04-22 02:00:00,QLD1,0.07124521
2024-04-22 02:05:00,QLD1,0.08575002000000001
2024-04-22 02:10:00,QLD1,0.08575
2024-04-22 02:15:00,QLD1,0.08181316
2024-04-22 02:20:00,QLD1,0.08575
2024-04-22 02:25:00,QLD1,0.08183477
2024-04-22 02:30:00,QLD1,0.08070204
2024-04-22 02:35:00,QLD1,0.08126061
2024-04-22 02:40:00,QLD1,0.08575
2024-04-22 02:45:00,QLD1,0.08575
2024-04-22 02:50:00,QLD1,0.08130521
2024-04-22 02:55:00,QLD1,0.06990143
2024-04-22 03:00:00,QLD1,0.07105012999999999
2024-04-22 03:05:00,QLD1,0.0801772
2024-04-22 03:10:00,QLD1,0.08575
2024-04-22 03:15:00,QLD1,0.08130068
2024-04-22 03:20:00,QLD1,0.08575
2024-04-22 03:25:00,QLD1,0.08575
2024-04-22 03:30:00,QLD1,0.08238445
2024-04-22 03:35:00,QLD1,0.08736742
2024-04-22 03:40:00,QLD1,0.08183687
2024-04-22 03:45:00,QLD1,0.07849313
2024-04-22 03:50:00,QLD1,0.08575
2024-04-22 03:55:00,QLD1,0.08301581
2024-04-22 04:00:00,QLD1,0.08248702
2024-04-22 04:05:00,QLD1,0.08254441
2024-04-22 04:10:00,QLD1,0.08022146
2024-04-22 04:15:00,QLD1,0.08575
2024-04-22 04:20:00,QLD1,0.08367515
2024-04-22 04:25:00,QLD1,0.08575
2024-04-22 04:30:00,QLD1,0.08865192999999999
2024-04-22 04:35:00,QLD1,0.08575
2024-04-22 04:40:00,QLD1,0.08745939
2024-04-22 04:45:00,QLD1,0.08091203
2024-04-22 04:50:00,QLD1,0.08256845
2024-04-22 04:55:00,QLD1,0.08324549
2024-04-22 05:00:00,QLD1,0.08864764
2024-04-22 05:05:00,QLD1,0.08387593
2024-04-22 05:10:00,QLD1,0.08990000000000001
2024-04-22 05:15:00,QLD1,0.09038669
2024-04-22 05:20:00,QLD1,0.09982075
2024-04-22 05:25:00,QLD1,0.09442082
2024-04-22 05:30:00,QLD1,0.09934323
2024-04-22 05:35:00,QLD1,0.08766502
2024-04-22 05:40:00,QLD1,0.09380716
2024-04-22 05:45:00,QLD1,0.09834707000000001
2024-04-22 05:50:00,QLD1,0.10075
2024-04-22 05:55:00,QLD1,0.10314798
2024-04-22 06:00:00,QLD1,0.10695919999999999
2024-04-22 06:05:00,QLD1,0.10482375999999999
2024-04-22 06:10:00,QLD1,0.1352755
2024-04-22 06:15:00,QLD1,0.13240404
2024-04-22 06:20:00,QLD1,0.14176022
2024-04-22 06:25:00,QLD1,0.13756012
2024-04-22 06:30:00,QLD1,0.14288406
2024-04-22 06:35:00,QLD1,0.14043106
2024-04-22 06:40:00,QLD1,0.14255851
2024-04-22 06:45:00,QLD1,0.26300999999999997
2024-04-22 06:50:00,QLD1,0.16685364000000003
2024-04-22 06:55:00,QLD1,0.12997189
2024-04-22 07:00:00,QLD1,0.16040771
2024-04-22 07:05:00,QLD1,0.19074000000000002
2024-04-22 07:10:00,QLD1,0.08575
2024-04-22 07:15:00,QLD1,0.08575
2024-04-22 07:20:00,QLD1,0.05975
2024-04-22 07:25:00,QLD1,0.049894530000000006
2024-04-22 07:30:00,QLD1,0.04613067
2024-04-22 07:35:00,QLD1,0.04398263
2024-04-22 07:40:00,QLD1,0.03875
2024-04-22 07:45:00,QLD1,0.03603549
2024-04-22 07:50:00,QLD1,0.01884
2024-04-22 07:55:00,QLD1,-0.0108
2024-04-22 08:00:00,QLD1,-0.01002463
2024-04-22 08:05:00,QLD1,-0.0205
2024-04-22 08:10:00,QLD1,0.04270956
2024-04-22 08:15:00,QLD1,0.0346
2024-04-22 08:20:00,QLD1,-0.0108
2024-04-22 08:25:00,QLD1,0.03455
2024-04-22 08:30:00,QLD1,0.00230507
2024-04-22 08:35:00,QLD1,-0.0108
2024-04-22 08:40:00,QLD1,-0.0205
2024-04-22 08:45:00,QLD1,-0.0205
2024-04-22 08:50:00,QLD1,-0.0205
2024-04-22 08:55:00,QLD1,-0.0205
2024-04-22 09:00:00,QLD1,-0.04157
2024-04-22 09:05:00,QLD1,-0.03657
2024-04-22 09:10:00,QLD1,-0.04157
2024-04-22 09:15:00,QLD1,-0.03582
2024-04-22 09:20:00,QLD1,-0.0416
2024-04-22 09:25:00,QLD1,-0.03741
2024-04-22 09:30:00,QLD1,-0.04501
2024-04-22 09:35:00,QLD1,-0.04506
2024-04-22 09:40:00,QLD1,-0.04201
2024-04-22 09:45:00,QLD1,-0.04501
2024-04-22 09:50:00,QLD1,-0.045340000000000005
2024-04-22 09:55:00,QLD1,-0.043578809999999996
2024-04-22 10:00:00,QLD1,-0.04506
2024-04-22 10:05:00,QLD1,-0.0416
2024-04-22 10:10:00,QLD1,-0.03741
2024-04-22 10:15:00,QLD1,-0.0254
2024-04-22 10:20:00,QLD1,-0.0254
2024-04-22 10:25:00,QLD1,-0.0205
2024-04-22 10:30:00,QLD1,-0.0254
2024-04-22 10:35:00,QLD1,-0.0254
2024-04-22 10:40:00,QLD1,-0.0205
2024-04-22 10:45:00,QLD1,-0.0205
2024-04-22 10:50:00,QLD1,-0.0205
2024-04-22 10:55:00,QLD1,-0.0254
2024-04-22 11:00:00,QLD1,-0.0205
2024-04-22 11:05:00,QLD1,-0.03582
2024-04-22 11:10:00,QLD1,-0.03582
2024-04-22 11:15:00,QLD1,-0.0205
2024-04-22 11:20:00,QLD1,-0.0254
2024-04-22 11:25:00,QLD1,-0.0205
2024-04-22 11:30:00,QLD1,-0.012858679999999999
2024-04-22 11:35:00,QLD1,-0.00808038
2024-04-22 11:40:00,QLD1,-0.0205
2024-04-22 11:45:00,QLD1,-0.0205
2024-04-22 11:50:00,QLD1,-0.0205
2024-04-22 11:55:00,QLD1,-0.035
2024-04-22 12:00:00,QLD1,-0.035
2024-04-22 12:05:00,QLD1,-0.0205
2024-04-22 12:10:00,QLD1,-0.0205
2024-04-22 12:15:00,QLD1,-0.0205
2024-04-22 12:20:00,QLD1,-0.0205
2024-04-22 12:25:00,QLD1,-0.03118
2024-04-22 12:30:00,QLD1,-0.0295
2024-04-22 12:35:00,QLD1,-0.0254
2024-04-22 12:40:00,QLD1,-0.03657
2024-04-22 12:45:00,QLD1,-0.0205
2024-04-22 12:50:00,QLD1,-0.03118
2024-04-22 12:55:00,QLD1,-0.0254
2024-04-22 13:00:00,QLD1,-0.035
2024-04-22 13:05:00,QLD1,-0.0205
2024-04-22 13:10:00,QLD1,-0.0254
2024-04-22 13:15:00,QLD1,-0.0205
2024-04-22 13:20:00,QLD1,-0.0205
2024-04-22 13:25:00,QLD1,-0.0205
2024-04-22 13:30:00,QLD1,0.02058877
2024-04-22 13:35:00,QLD1,-0.0108
2024-04-22 13:40:00,QLD1,0.00061
2024-04-22 13:45:00,QLD1,0.03455
2024-04-22 13:50:00,QLD1,0.03455
2024-04-22 13:55:00,QLD1,0.03536855
2024-04-22 14:00:00,QLD1,0.03815238
2024-04-22 14:05:00,QLD1,0.05148368
2024-04-22 14:10:00,QLD1,0.038549999999999994
2024-04-22 14:15:00,QLD1,0.04875006
2024-04-22 14:20:00,QLD1,0.0529373
2024-04-22 14:25:00,QLD1,0.03874996
2024-04-22 14:30:00,QLD1,0.038549999999999994
2024-04-22 14:35:00,QLD1,0.016475280000000002
2024-04-22 14:40:00,QLD1,0.038549999999999994
2024-04-22 14:45:00,QLD1,0.038549999999999994
2024-04-22 14:50:00,QLD1,0.03717324
2024-04-22 14:55:00,QLD1,0.038549999999999994
2024-04-22 15:00:00,QLD1,0.03674039
2024-04-22 15:05:00,QLD1,0.03875
2024-04-22 15:10:00,QLD1,0.05176402
2024-04-22 15:15:00,QLD1,0.051799979999999995
2024-04-22 15:20:00,QLD1,0.05975
2024-04-22 15:25:00,QLD1,0.06011
2024-04-22 15:30:00,QLD1,0.08575
2024-04-22 15:35:00,QLD1,0.05955002
2024-04-22 15:40:00,QLD1,0.05406259
2024-04-22 15:45:00,QLD1,0.07996407999999999
2024-04-22 15:50:00,QLD1,0.11310962999999999
2024-04-22 15:55:00,QLD1,0.1663
2024-04-22 16:00:00,QLD1,0.0814776
2024-04-22 16:05:00,QLD1,0.13421302
2024-04-22 16:10:00,QLD1,0.09581196
2024-04-22 16:15:00,QLD1,0.1220677
2024-04-22 16:20:00,QLD1,0.13777255
2024-04-22 16:25:00,QLD1,0.13707475
2024-04-22 16:30:00,QLD1,0.26368713000000005
2024-04-22 16:35:00,QLD1,0.14338652
2024-04-22 16:40:00,QLD1,0.18349176
2024-04-22 16:45:00,QLD1,0.13138125
2024-04-22 16:50:00,QLD1,0.13898
2024-04-22 16:55:00,QLD1,0.26954087
2024-04-22 17:00:00,QLD1,0.27146306
2024-04-22 17:05:00,QLD1,0.17951501
2024-04-22 17:10:00,QLD1,0.27166833
2024-04-22 17:15:00,QLD1,0.21481654
2024-04-22 17:20:00,QLD1,0.27446155
2024-04-22 17:25:00,QLD1,0.27646543
2024-04-22 17:30:00,QLD1,0.28054637000000004
2024-04-22 17:35:00,QLD1,0.28071238
2024-04-22 17:40:00,QLD1,0.28081595
2024-04-22 17:45:00,QLD1,0.28288771
2024-04-22 17:50:00,QLD1,0.28722476999999996
2024-04-22 17:55:00,QLD1,0.28726191999999995
2024-04-22 18:00:00,QLD1,0.28747954
2024-04-22 18:05:00,QLD1,0.28376567999999996
2024-04-22 18:10:00,QLD1,0.25901522
2024-04-22 18:15:00,QLD1,0.21628964
2024-04-22 18:20:00,QLD1,0.26240041000000003
2024-04-22 18:25:00,QLD1,0.21354097
2024-04-22 18:30:00,QLD1,0.16260461
2024-04-22 18:35:00,QLD1,0.16872733
2024-04-22 18:40:00,QLD1,0.16046311
2024-04-22 18:45:00,QLD1,0.13210261
2024-04-22 18:50:00,QLD1,0.14461000000000002
2024-04-22 18:55:00,QLD1,0.13301
2024-04-22 19:00:00,QLD1,0.14793766
2024-04-22 19:05:00,QLD1,0.14080079
2024-04-22 19:10:00,QLD1,0.13301
2024-04-22 19:15:00,QLD1,0.12216508000000001
2024-04-22 19:20:00,QLD1,0.11643295000000001
2024-04-22 19:25:00,QLD1,0.11575
2024-04-22 19:30:00,QLD1,0.11575
2024-04-22 19:35:00,QLD1,0.11575
2024-04-22 19:40:00,QLD1,0.11554632
2024-04-22 19:45:00,QLD1,0.1207101
2024-04-22 19:50:00,QLD1,0.11746458
2024-04-22 19:55:00,QLD1,0.11575
2024-04-22 20:00:00,QLD1,0.11499
2024-04-22 20:05:00,QLD1,0.11744064
2024-04-22 20:10:00,QLD1,0.11865975000000001
2024-04-22 20:15:00,QLD1,0.11773465
2024-04-22 20:20:00,QLD1,0.11844566000000001
2024-04-22 20:25:00,QLD1,0.11499
2024-04-22 20:30:00,QLD1,0.11499
2024-04-22 20:35:00,QLD1,0.12323811999999999
2024-04-22 20:40:00,QLD1,0.12
2024-04-22 20:45:00,QLD1,0.11999496999999999
2024-04-22 20:50:00,QLD1,0.11642399
2024-04-22 20:55:00,QLD1,0.101
2024-04-22 21:00:00,QLD1,0.09999
2024-04-22 21:05:00,QLD1,0.11499
2024-04-22 21:10:00,QLD1,0.11499
2024-04-22 21:15:00,QLD1,0.12
2024-04-22 21:20:00,QLD1,0.10087546
2024-04-22 21:25:00,QLD1,0.10090985999999999
2024-04-22 21:30:00,QLD1,0.10089958
2024-04-22 21:35:00,QLD1,0.10150489
2024-04-22 21:40:00,QLD1,0.10915575
2024-04-22 21:45:00,QLD1,0.10301315999999999
2024-04-22 21:50:00,QLD1,0.09999
2024-04-22 21:55:00,QLD1,0.09772715
2024-04-22 22:00:00,QLD1,0.09999
2024-04-22 22:05:00,QLD1,0.10734516000000001
2024-04-22 22:10:00,QLD1,0.12420397
2024-04-22 22:15:00,QLD1,0.13027362
2024-04-22 22:20:00,QLD1,0.13376632
2024-04-22 22:25:00,QLD1,0.11645685
2024-04-22 22:30:00,QLD1,0.10989075
2024-04-22 22:35:00,QLD1,0.10255438
2024-04-22 22:40:00,QLD1,0.11861228
2024-04-22 22:45:00,QLD1,0.11583015
2024-04-22 22:50:00,QLD1,0.11461828
2024-04-22 22:55:00,QLD1,0.101
2024-04-22 23:00:00,QLD1,0.08248778
2024-04-22 23:05:00,QLD1,0.09999227000000001
2024-04-22 23:10:00,QLD1,0.10075
2024-04-22 23:15:00,QLD1,0.10075
2024-04-22 23:20:00,QLD1,0.10075
2024-04-22 23:25:00,QLD1,0.10139978000000001
2024-04-22 23:30:00,QLD1,0.10075
2024-04-22 23:35:00,QLD1,0.10075
2024-04-22 23:40:00,QLD1,0.10103709999999999
2024-04-22 23:45:00,QLD1,0.1019354
2024-04-22 23:50:00,QLD1,0.10075
2024-04-22 23:55:00,QLD1,0.08323115
2024-04-23 00:00:00,QLD1,0.08575
2024-04-23 00:05:00,QLD1,0.08777945
2024-04-23 00:10:00,QLD1,0.10067358
2024-04-23 00:15:00,QLD1,0.09751973
2024-04-23 00:20:00,QLD1,0.10039588
2024-04-23 00:25:00,QLD1,0.10075
2024-04-23 00:30:00,QLD1,0.08575
2024-04-23 00:35:00,QLD1,0.08575
2024-04-23 00:40:00,QLD1,0.08575
2024-04-23 00:45:00,QLD1,0.09278176
2024-04-23 00:50:00,QLD1,0.09154577
2024-04-23 00:55:00,QLD1,0.08575
2024-04-23 01:00:00,QLD1,0.08525855
2024-04-23 01:05:00,QLD1,0.1018816
2024-04-23 01:10:00,QLD1,0.1013
2024-04-23 01:15:00,QLD1,0.10075
2024-04-23 01:20:00,QLD1,0.08575
2024-04-23 01:25:00,QLD1,0.08575
2024-04-23 01:30:00,QLD1,0.0856
2024-04-23 01:35:00,QLD1,0.08575
2024-04-23 01:40:00,QLD1,0.07681187
2024-04-23 01:45:00,QLD1,0.08319823999999999
2024-04-23 01:50:00,QLD1,0.07576972000000001
2024-04-23 01:55:00,QLD1,0.08548836
2024-04-23 02:00:00,QLD1,0.07717315999999999
2024-04-23 02:05:00,QLD1,0.07523242000000001
2024-04-23 02:10:00,QLD1,0.07519458
2024-04-23 02:15:00,QLD1,0.07613302
2024-04-23 02:20:00,QLD1,0.07560311
2024-04-23 02:25:00,QLD1,0.07566358
2024-04-23 02:30:00,QLD1,0.07514548
2024-04-23 02:35:00,QLD1,0.07533192
2024-04-23 02:40:00,QLD1,0.08575
2024-04-23 02:45:00,QLD1,0.08575
2024-04-23 02:50:00,QLD1,0.07653665999999999
2024-04-23 02:55:00,QLD1,0.07428633000000001
2024-04-23 03:00:00,QLD1,0.07652584
2024-04-23 03:05:00,QLD1,0.0760486
2024-04-23 03:10:00,QLD1,0.07599532
2024-04-23 03:15:00,QLD1,0.07600691000000001
2024-04-23 03:20:00,QLD1,0.07703607999999999
2024-04-23 03:25:00,QLD1,0.07470488
2024-04-23 03:30:00,QLD1,0.07419803
2024-04-23 03:35:00,QLD1,0.07467774
2024-04-23 03:40:00,QLD1,0.07469028
2024-04-23 03:45:00,QLD1,0.08447637000000001
2024-04-23 03:50:00,QLD1,0.07701237999999999
2024-04-23 03:55:00,QLD1,0.07706037
2024-04-23 04:00:00,QLD1,0.08513415
2024-04-23 04:05:00,QLD1,0.07529786
2024-04-23 04:10:00,QLD1,0.08575
2024-04-23 04:15:00,QLD1,0.08480593
2024-04-23 04:20:00,QLD1,0.07877839
2024-04-23 04:25:00,QLD1,0.08575
2024-04-23 04:30:00,QLD1,0.0816109
2024-04-23 04:35:00,QLD1,0.06302785
2024-04-23 04:40:00,QLD1,0.08048037
2024-04-23 04:45:00,QLD1,0.0856
2024-04-23 04:50:00,QLD1,0.07865394
2024-04-23 04:55:00,QLD1,0.06273004
2024-04-23 05:00:00,QLD1,0.08000441
2024-04-23 05:05:00,QLD1,0.0856
2024-04-23 05:10:00,QLD1,0.08689097999999999
2024-04-23 05:15:00,QLD1,0.08993472
2024-04-23 05:20:00,QLD1,0.08810956
2024-04-23 05:25:00,QLD1,0.0912182
2024-04-23 05:30:00,QLD1,0.09013669
2024-04-23 05:35:00,QLD1,0.08831802999999999
2024-04-23 05:40:00,QLD1,0.08575
2024-04-23 05:45:00,QLD1,0.08575
2024-04-23 05:50:00,QLD1,0.09024425999999999
2024-04-23 05:55:00,QLD1,0.09381257
2024-04-23 06:00:00,QLD1,0.09601000000000001
2024-04-23 06:05:00,QLD1,0.09351142
2024-04-23 06:10:00,QLD1,0.10075
2024-04-23 06:15:00,QLD1,0.12134576
2024-04-23 06:20:00,QLD1,0.14449974000000002
2024-04-23 06:25:00,QLD1,0.15639423
2024-04-23 06:30:00,QLD1,0.12241956000000001
2024-04-23 06:35:00,QLD1,0.1172188
2024-04-23 06:40:00,QLD1,0.10075
2024-04-23 06:45:00,QLD1,0.11436067
2024-04-23 06:50:00,QLD1,0.12033402
2024-04-23 06:55:00,QLD1,0.10815045999999999
2024-04-23 07:00:00,QLD1,0.07874378
2024-04-23 07:05:00,QLD1,0.10075
2024-04-23 07:10:00,QLD1,0.07826672999999999
2024-04-23 07:15:00,QLD1,0.08575
2024-04-23 07:20:00,QLD1,0.05955
2024-04-23 07:25:00,QLD1,0.05975
2024-04-23 07:30:00,QLD1,0.0494
2024-04-23 07:35:00,QLD1,0.02989396
2024-04-23 07:40:00,QLD1,0.0353017
2024-04-23 07:45:00,QLD1,0.02312171
2024-04-23 07:50:00,QLD1,0.02335972
2024-04-23 07:55:00,QLD1,0.023903980000000002
2024-04-23 08:00:00,QLD1,0.021087289999999998
2024-04-23 08:05:00,QLD1,0.04620832
2024-04-23 08:10:00,QLD1,0.04609291
2024-04-23 08:15:00,QLD1,0.04875
2024-04-23 08:20:00,QLD1,0.050846249999999996
2024-04-23 08:25:00,QLD1,0.01420666
2024-04-23 08:30:00,QLD1,0.02004911
2024-04-23 08:35:00,QLD1,0.03720706
2024-04-23 08:40:00,QLD1,0.038549999999999994
2024-04-23 08:45:00,QLD1,0.038549999999999994
2024-04-23 08:50:00,QLD1,0.038549999999999994
2024-04-23 08:55:00,QLD1,0.022779399999999998
2024-04-23 09:00:00,QLD1,0.02035101
2024-04-23 09:05:00,QLD1,0.019942889999999998
2024-04-23 09:10:00,QLD1,0.031710840000000004
2024-04-23 09:15:00,QLD1,0.03455
2024-04-23 09:20:00,QLD1,0.01318009
2024-04-23 09:25:00,QLD1,0.02961
2024-04-23 09:30:00,QLD1,0.01177337
2024-04-23 09:35:00,QLD1,0.023620000000000002
2024-04-23 09:40:00,QLD1,0.03875
2024-04-23 09:45:00,QLD1,0.01017353
2024-04-23 09:50:00,QLD1,0.01013204
2024-04-23 09:55:00,QLD1,0.011855000000000001
2024-04-23 10:00:00,QLD1,0.010435119999999999
2024-04-23 10:05:00,QLD1,0.0098438
2024-04-23 10:10:00,QLD1,0.0011073900000000002
2024-04-23 10:15:00,QLD1,-0.00667475
2024-04-23 10:20:00,QLD1,-0.00823624
2024-04-23 10:25:00,QLD1,0.0
2024-04-23 10:30:00,QLD1,0.0098456
2024-04-23 10:35:00,QLD1,0.00998437
2024-04-23 10:40:00,QLD1,-0.0105
2024-04-23 10:45:00,QLD1,-0.0205
2024-04-23 10:50:00,QLD1,-0.00260042
2024-04-23 10:55:00,QLD1,0.01025962
2024-04-23 11:00:00,QLD1,-0.0205
2024-04-23 11:05:00,QLD1,-0.0205
2024-04-23 11:10:00,QLD1,-0.01292371
2024-04-23 11:15:00,QLD1,-0.0007048600000000001
2024-04-23 11:20:00,QLD1,-0.03118
2024-04-23 11:25:00,QLD1,-0.0205
2024-04-23 11:30:00,QLD1,0.0
2024-04-23 11:35:00,QLD1,-0.0205
2024-04-23 11:40:00,QLD1,-0.01
2024-04-23 11:45:00,QLD1,0.008944839999999999
2024-04-23 11:50:00,QLD1,0.01006668
2024-04-23 11:55:00,QLD1,0.0091863
2024-04-23 12:00:00,QLD1,-0.00159708
2024-04-23 12:05:00,QLD1,-0.00175072
2024-04-23 12:10:00,QLD1,-0.0105
2024-04-23 12:15:00,QLD1,0.007662759999999999
2024-04-23 12:20:00,QLD1,-0.0026678
2024-04-23 12:25:00,QLD1,-0.00263918
2024-04-23 12:30:00,QLD1,-0.0205
2024-04-23 12:35:00,QLD1,-0.01115152
2024-04-23 12:40:00,QLD1,-0.0205
2024-04-23 12:45:00,QLD1,-0.011251770000000001
2024-04-23 12:50:00,QLD1,-0.0205
2024-04-23 12:55:00,QLD1,-0.0205
2024-04-23 13:00:00,QLD1,0.0
2024-04-23 13:05:00,QLD1,-0.0205
2024-04-23 13:10:00,QLD1,-0.0205
2024-04-23 13:15:00,QLD1,0.032047580000000006
2024-04-23 13:20:00,QLD1,-0.0108
2024-04-23 13:25:00,QLD1,0.018879999999999997
2024-04-23 13:30:00,QLD1,-0.035
2024-04-23 13:35:00,QLD1,-0.0205
2024-04-23 13:40:00,QLD1,0.012915359999999999
2024-04-23 13:45:00,QLD1,0.035815530000000005
2024-04-23 13:50:00,QLD1,0.03455
2024-04-23 13:55:00,QLD1,0.03544893
2024-04-23 14:00:00,QLD1,-0.0108
2024-04-23 14:05:00,QLD1,0.03875
2024-04-23 14:10:00,QLD1,0.03875
2024-04-23 14:15:00,QLD1,0.03875
2024-04-23 14:20:00,QLD1,0.04389374
2024-04-23 14:25:00,QLD1,0.03875
2024-04-23 14:30:00,QLD1,0.048549999999999996
2024-04-23 14:35:00,QLD1,-0.0205
2024-04-23 14:40:00,QLD1,0.02867
2024-04-23 14:45:00,QLD1,0.0346
2024-04-23 14:50:00,QLD1,0.2879646
2024-04-23 14:55:00,QLD1,0.04886542
2024-04-23 15:00:00,QLD1,0.05439893
2024-04-23 15:05:00,QLD1,0.02362006
2024-04-23 15:10:00,QLD1,0.01493726
2024-04-23 15:15:00,QLD1,0.04266636
2024-04-23 15:20:00,QLD1,0.048549999999999996
2024-04-23 15:25:00,QLD1,0.056560160000000005
2024-04-23 15:30:00,QLD1,0.08452706
2024-04-23 15:35:00,QLD1,0.048549999999999996
2024-04-23 15:40:00,QLD1,0.03941318
2024-04-23 15:45:00,QLD1,0.06273
2024-04-23 15:50:00,QLD1,0.08442820000000001
2024-04-23 15:55:00,QLD1,0.10236426
2024-04-23 16:00:00,QLD1,0.14250253000000002
2024-04-23 16:05:00,QLD1,0.0605
2024-04-23 16:10:00,QLD1,0.06273008000000001
2024-04-23 16:15:00,QLD1,0.09601000000000001
2024-04-23 16:20:00,QLD1,0.09192992999999999
2024-04-23 16:25:00,QLD1,0.14139346
2024-04-23 16:30:00,QLD1,0.19401
2024-04-23 16:35:00,QLD1,0.14451111
2024-04-23 16:40:00,QLD1,0.10757578
2024-04-23 16:45:00,QLD1,0.13898
2024-04-23 16:50:00,QLD1,0.14429599999999998
2024-04-23 16:55:00,QLD1,0.20401
2024-04-23 17:00:00,QLD1,0.1452
2024-04-23 17:05:00,QLD1,0.14761678
2024-04-23 17:10:00,QLD1,0.19074000000000002
2024-04-23 17:15:00,QLD1,0.19074000000000002
2024-04-23 17:20:00,QLD1,0.25164663
2024-04-23 17:25:00,QLD1,0.19401
2024-04-23 17:30:00,QLD1,0.27552
2024-04-23 17:35:00,QLD1,0.30904694
2024-04-23 17:40:00,QLD1,0.28169
2024-04-23 17:45:00,QLD1,0.19591784999999998
2024-04-23 17:50:00,QLD1,0.28575
2024-04-23 17:55:00,QLD1,0.19074000000000002
2024-04-23 18:00:00,QLD1,0.27304
2024-04-23 18:05:00,QLD1,0.18835137
2024-04-23 18:10:00,QLD1,0.16191021
2024-04-23 18:15:00,QLD1,0.15100383
2024-04-23 18:20:00,QLD1,0.13507076
2024-04-23 18:25:00,QLD1,0.11898180000000001
2024-04-23 18:30:00,QLD1,0.11800096
2024-04-23 18:35:00,QLD1,0.11499
2024-04-23 18:40:00,QLD1,0.10075
2024-04-23 18:45:00,QLD1,0.10075
2024-04-23 18:50:00,QLD1,0.11499
2024-04-23 18:55:00,QLD1,0.101
2024-04-23 19:00:00,QLD1,0.09411094
2024-04-23 19:05:00,QLD1,0.09999
2024-04-23 19:10:00,QLD1,0.08844305
2024-04-23 19:15:00,QLD1,0.08888317999999999
2024-04-23 19:20:00,QLD1,0.08938061
2024-04-23 19:25:00,QLD1,0.08872005
2024-04-23 19:30:00,QLD1,0.08868967999999999
2024-04-23 19:35:00,QLD1,0.09659072
2024-04-23 19:40:00,QLD1,0.09999
2024-04-23 19:45:00,QLD1,0.09497425
2024-04-23 19:50:00,QLD1,0.09385778
2024-04-23 19:55:00,QLD1,0.09281779
2024-04-23 20:00:00,QLD1,0.09273369
2024-04-23 20:05:00,QLD1,0.10339
2024-04-23 20:10:00,QLD1,0.12043827
2024-04-23 20:15:00,QLD1,0.12034127
2024-04-23 20:20:00,QLD1,0.09594776
2024-04-23 20:25:00,QLD1,0.09526514
2024-04-23 20:30:00,QLD1,0.09226743999999999
2024-04-23 20:35:00,QLD1,0.09357666999999999
2024-04-23 20:40:00,QLD1,0.08857846000000001
2024-04-23 20:45:00,QLD1,0.09319828
2024-04-23 20:50:00,QLD1,0.06326825
2024-04-23 20:55:00,QLD1,0.06273005
2024-04-23 21:00:00,QLD1,0.06299
2024-04-23 21:05:00,QLD1,0.06299
2024-04-23 21:10:00,QLD1,0.06299
2024-04-23 21:15:00,QLD1,0.06299
2024-04-23 21:20:00,QLD1,0.06299
2024-04-23 21:25:00,QLD1,0.06299
2024-04-23 21:30:00,QLD1,0.06299
2024-04-23 21:35:00,QLD1,0.07726553
2024-04-23 21:40:00,QLD1,0.07618979000000001
2024-04-23 21:45:00,QLD1,0.06273003
2024-04-23 21:50:00,QLD1,0.06299
2024-04-23 21:55:00,QLD1,0.06138521
2024-04-23 22:00:00,QLD1,0.06033
2024-04-23 22:05:00,QLD1,0.06273008000000001
2024-04-23 22:10:00,QLD1,0.07448909000000001
2024-04-23 22:15:00,QLD1,0.07770301
2024-04-23 22:20:00,QLD1,0.07811488
2024-04-23 22:25:00,QLD1,0.07624231000000001
2024-04-23 22:30:00,QLD1,0.07949532999999999
2024-04-23 22:35:00,QLD1,0.08777402
2024-04-23 22:40:00,QLD1,0.07936212000000001
2024-04-23 22:45:00,QLD1,0.07932746
2024-04-23 22:50:00,QLD1,0.10075
2024-04-23 22:55:00,QLD1,0.07932429
2024-04-23 23:00:00,QLD1,0.06273008000000001
2024-04-23 23:05:00,QLD1,0.06273008000000001
2024-04-23 23:10:00,QLD1,0.07914143
2024-04-23 23:15:00,QLD1,0.10166
2024-04-23 23:20:00,QLD1,0.09184743000000001
2024-04-23 23:25:00,QLD1,0.0837693
2024-04-23 23:30:00,QLD1,0.0907581
2024-04-23 23:35:00,QLD1,0.08111259
2024-04-23 23:40:00,QLD1,0.08713952999999999
2024-04-23 23:45:00,QLD1,0.07703802
2024-04-23 23:50:00,QLD1,0.06115338
2024-04-23 23:55:00,QLD1,0.06273008000000001
2024-04-24 00:00:00,QLD1,0.06114166
2024-04-24 00:05:00,QLD1,0.06252689
2024-04-24 00:10:00,QLD1,0.05955
2024-04-24 00:15:00,QLD1,0.05957192
2024-04-24 00:20:00,QLD1,0.05876497
2024-04-24 00:25:00,QLD1,0.049875390000000006
2024-04-24 00:30:00,QLD1,0.05772692
2024-04-24 00:35:00,QLD1,0.04875
2024-04-24 00:40:00,QLD1,0.05580967
2024-04-24 00:45:00,QLD1,0.05650504
2024-04-24 00:50:00,QLD1,0.04875
2024-04-24 00:55:00,QLD1,0.05644555
2024-04-24 01:00:00,QLD1,0.05572447
2024-04-24 01:05:00,QLD1,0.05771101
2024-04-24 01:10:00,QLD1,0.05850596
2024-04-24 01:15:00,QLD1,0.04875
2024-04-24 01:20:00,QLD1,0.04875
2024-04-24 01:25:00,QLD1,0.04919325
2024-04-24 01:30:00,QLD1,0.04875
2024-04-24 01:35:00,QLD1,0.05186314
2024-04-24 01:40:00,QLD1,0.049160380000000004
2024-04-24 01:45:00,QLD1,0.049052950000000005
2024-04-24 01:50:00,QLD1,0.05148044
2024-04-24 01:55:00,QLD1,0.04875
2024-04-24 02:00:00,QLD1,0.048549999999999996
2024-04-24 02:05:00,QLD1,0.05713032
2024-04-24 02:10:00,QLD1,0.05714901
2024-04-24 02:15:00,QLD1,0.04875
2024-04-24 02:20:00,QLD1,0.05668185
2024-04-24 02:25:00,QLD1,0.04875
2024-04-24 02:30:00,QLD1,0.048600000000000004
2024-04-24 02:35:00,QLD1,0.04875002
2024-04-24 02:40:00,QLD1,0.048549999999999996
2024-04-24 02:45:00,QLD1,0.03875
2024-04-24 02:50:00,QLD1,0.048549999999999996
2024-04-24 02:55:00,QLD1,0.03875
2024-04-24 03:00:00,QLD1,0.03875
2024-04-24 03:05:00,QLD1,0.039720660000000005
2024-04-24 03:10:00,QLD1,0.03972561
2024-04-24 03:15:00,QLD1,0.048549999999999996
2024-04-24 03:20:00,QLD1,0.048549999999999996
2024-04-24 03:25:00,QLD1,0.048600000000000004
2024-04-24 03:30:00,QLD1,0.048750079999999994
2024-04-24 03:35:00,QLD1,0.04875
2024-04-24 03:40:00,QLD1,0.05666405
2024-04-24 03:45:00,QLD1,0.05670962
2024-04-24 03:50:00,QLD1,0.049308010000000006
2024-04-24 03:55:00,QLD1,0.04875
2024-04-24 04:00:00,QLD1,0.04875
2024-04-24 04:05:00,QLD1,0.04875
2024-04-24 04:10:00,QLD1,0.04875
2024-04-24 04:15:00,QLD1,0.04875
2024-04-24 04:20:00,QLD1,0.04991375
2024-04-24 04:25:00,QLD1,0.05955
2024-04-24 04:30:00,QLD1,0.05955
2024-04-24 04:35:00,QLD1,0.05955
2024-04-24 04:40:00,QLD1,0.05934429
2024-04-24 04:45:00,QLD1,0.05373
2024-04-24 04:50:00,QLD1,0.05373
2024-04-24 04:55:00,QLD1,0.0596
2024-04-24 05:00:00,QLD1,0.05975
2024-04-24 05:05:00,QLD1,0.05373
2024-04-24 05:10:00,QLD1,0.0596
2024-04-24 05:15:00,QLD1,0.06147681
2024-04-24 05:20:00,QLD1,0.05975
2024-04-24 05:25:00,QLD1,0.05975
2024-04-24 05:30:00,QLD1,0.06153599
2024-04-24 05:35:00,QLD1,0.06273008000000001
2024-04-24 05:40:00,QLD1,0.06145706
2024-04-24 05:45:00,QLD1,0.08211802
2024-04-24 05:50:00,QLD1,0.06349565
2024-04-24 05:55:00,QLD1,0.08386496
2024-04-24 06:00:00,QLD1,0.08461588
2024-04-24 06:05:00,QLD1,0.08882084999999999
2024-04-24 06:10:00,QLD1,0.093396
2024-04-24 06:15:00,QLD1,0.10075
2024-04-24 06:20:00,QLD1,0.11937493
2024-04-24 06:25:00,QLD1,0.13898
2024-04-24 06:30:00,QLD1,0.26237988
2024-04-24 06:35:00,QLD1,0.10075
2024-04-24 06:40:00,QLD1,0.10075
2024-04-24 06:45:00,QLD1,0.11690344
2024-04-24 06:50:00,QLD1,0.0861
2024-04-24 06:55:00,QLD1,0.11357473
2024-04-24 07:00:00,QLD1,0.07833029999999999
2024-04-24 07:05:00,QLD1,0.08082120999999999
2024-04-24 07:10:00,QLD1,0.06273006
2024-04-24 07:15:00,QLD1,0.05955
2024-04-24 07:20:00,QLD1,0.07566218999999999
2024-04-24 07:25:00,QLD1,0.05975
2024-04-24 07:30:00,QLD1,0.07622322
2024-04-24 07:35:00,QLD1,0.05975
2024-04-24 07:40:00,QLD1,0.05975
2024-04-24 07:45:00,QLD1,0.05295263
2024-04-24 07:50:00,QLD1,0.048549999999999996
2024-04-24 07:55:00,QLD1,0.04875
2024-04-24 08:00:00,QLD1,0.04875
2024-04-24 08:05:00,QLD1,0.03989224
2024-04-24 08:10:00,QLD1,0.043152569999999994
2024-04-24 08:15:00,QLD1,0.03874996
2024-04-24 08:20:00,QLD1,0.03479343
2024-04-24 08:25:00,QLD1,0.03188
2024-04-24 08:30:00,QLD1,0.03188
2024-04-24 08:35:00,QLD1,0.03455
2024-04-24 08:40:00,QLD1,0.01884
2024-04-24 08:45:00,QLD1,-0.012177509999999999
2024-04-24 08:50:00,QLD1,-0.0205
2024-04-24 08:55:00,QLD1,-0.0205
2024-04-24 09:00:00,QLD1,0.006600089999999999
2024-04-24 09:05:00,QLD1,0.03188
2024-04-24 09:10:00,QLD1,0.0386
2024-04-24 09:15:00,QLD1,0.03351885
2024-04-24 09:20:00,QLD1,0.03875
2024-04-24 09:25:00,QLD1,0.03445626
2024-04-24 09:30:00,QLD1,0.016699079999999998
2024-04-24 09:35:00,QLD1,0.01651611
2024-04-24 09:40:00,QLD1,0.01673601
2024-04-24 09:45:00,QLD1,0.00773719
2024-04-24 09:50:00,QLD1,-0.0205
2024-04-24 09:55:00,QLD1,-0.0205
2024-04-24 10:00:00,QLD1,-0.0108
2024-04-24 10:05:00,QLD1,-0.0205
2024-04-24 10:10:00,QLD1,-0.0205
2024-04-24 10:15:00,QLD1,-0.035
2024-04-24 10:20:00,QLD1,-0.0254
2024-04-24 10:25:00,QLD1,-0.0205
2024-04-24 10:30:00,QLD1,-0.035
2024-04-24 10:35:00,QLD1,-0.0254
2024-04-24 10:40:00,QLD1,-0.0205
2024-04-24 10:45:00,QLD1,-0.0205
2024-04-24 10:50:00,QLD1,-0.0205
2024-04-24 10:55:00,QLD1,0.03875
2024-04-24 11:00:00,QLD1,0.01137
2024-04-24 11:05:00,QLD1,-0.0108
2024-04-24 11:10:00,QLD1,-0.0108
2024-04-24 11:15:00,QLD1,-0.0205
2024-04-24 11:20:00,QLD1,-0.0205
2024-04-24 11:25:00,QLD1,0.0
2024-04-24 11:30:00,QLD1,0.04948205
2024-04-24 11:35:00,QLD1,0.03901009
2024-04-24 11:40:00,QLD1,0.048600000000000004
2024-04-24 11:45:00,QLD1,0.03455
2024-04-24 11:50:00,QLD1,0.01961332
2024-04-24 11:55:00,QLD1,0.03875
2024-04-24 12:00:00,QLD1,0.03875
2024-04-24 12:05:00,QLD1,0.01994306
2024-04-24 12:10:00,QLD1,0.01989292
2024-04-24 12:15:00,QLD1,0.01986574
2024-04-24 12:20:00,QLD1,0.01912817
2024-04-24 12:25:00,QLD1,0.0171849
2024-04-24 12:30:00,QLD1,0.01562165
2024-04-24 12:35:00,QLD1,0.03455
2024-04-24 12:40:00,QLD1,0.049797339999999995
2024-04-24 12:45:00,QLD1,0.04443442
2024-04-24 12:50:00,QLD1,0.038549999999999994
2024-04-24 12:55:00,QLD1,0.03875
2024-04-24 13:00:00,QLD1,0.03369511
2024-04-24 13:05:00,QLD1,0.03384
2024-04-24 13:10:00,QLD1,0.042644579999999994
2024-04-24 13:15:00,QLD1,0.037024659999999994
2024-04-24 13:20:00,QLD1,0.03875
2024-04-24 13:25:00,QLD1,0.038549999999999994
2024-04-24 13:30:00,QLD1,0.03875
2024-04-24 13:35:00,QLD1,0.05157973
2024-04-24 13:40:00,QLD1,0.048549999999999996
2024-04-24 13:45:00,QLD1,0.048549999999999996
2024-04-24 13:50:00,QLD1,-0.0205
2024-04-24 13:55:00,QLD1,0.03197558
2024-04-24 14:00:00,QLD1,0.03875
2024-04-24 14:05:00,QLD1,0.02234
2024-04-24 14:10:00,QLD1,0.037668480000000004
2024-04-24 14:15:00,QLD1,0.037656709999999996
2024-04-24 14:20:00,QLD1,0.03875
2024-04-24 14:25:00,QLD1,0.03875
2024-04-24 14:30:00,QLD1,0.03875
2024-04-24 14:35:00,QLD1,0.03875
2024-04-24 14:40:00,QLD1,0.03875
2024-04-24 14:45:00,QLD1,0.038549999999999994
2024-04-24 14:50:00,QLD1,0.04970118
2024-04-24 14:55:00,QLD1,0.048549999999999996
2024-04-24 15:00:00,QLD1,0.054937480000000004
2024-04-24 15:05:00,QLD1,0.01714017
2024-04-24 15:10:00,QLD1,0.048549999999999996
2024-04-24 15:15:00,QLD1,0.06273
2024-04-24 15:20:00,QLD1,0.05975004
2024-04-24 15:25:00,QLD1,0.050309019999999996
2024-04-24 15:30:00,QLD1,0.06578310999999999
2024-04-24 15:35:00,QLD1,0.02234
2024-04-24 15:40:00,QLD1,0.05975002
2024-04-24 15:45:00,QLD1,0.048600000000000004
2024-04-24 15:50:00,QLD1,0.04875
2024-04-24 15:55:00,QLD1,0.05033788
2024-04-24 16:00:00,QLD1,0.05955
2024-04-24 16:05:00,QLD1,0.049797089999999995
2024-04-24 16:10:00,QLD1,0.05677121
2024-04-24 16:15:00,QLD1,0.08631506
2024-04-24 16:20:00,QLD1,0.07947824
2024-04-24 16:25:00,QLD1,0.11644998
2024-04-24 16:30:00,QLD1,0.14638405000000002
2024-04-24 16:35:00,QLD1,0.11685577000000001
2024-04-24 16:40:00,QLD1,0.13494099
2024-04-24 16:45:00,QLD1,0.14396346
2024-04-24 16:50:00,QLD1,0.14007955000000002
2024-04-24 16:55:00,QLD1,0.14885018
2024-04-24 17:00:00,QLD1,0.31241368999999997
2024-04-24 17:05:00,QLD1,0.31220642
2024-04-24 17:10:00,QLD1,0.15596462
2024-04-24 17:15:00,QLD1,0.19596738
2024-04-24 17:20:00,QLD1,0.19401
2024-04-24 17:25:00,QLD1,0.15341755
2024-04-24 17:30:00,QLD1,0.20367429999999997
2024-04-24 17:35:00,QLD1,0.26300999999999997
2024-04-24 17:40:00,QLD1,0.1452
2024-04-24 17:45:00,QLD1,0.19401
2024-04-24 17:50:00,QLD1,0.26300999999999997
2024-04-24 17:55:00,QLD1,0.19401
2024-04-24 18:00:00,QLD1,0.19401
2024-04-24 18:05:00,QLD1,0.15838133
2024-04-24 18:10:00,QLD1,0.14044747000000002
2024-04-24 18:15:00,QLD1,0.1452
2024-04-24 18:20:00,QLD1,0.15081896
2024-04-24 18:25:00,QLD1,0.14637901
2024-04-24 18:30:00,QLD1,0.14150264999999998
2024-04-24 18:35:00,QLD1,0.14052946
2024-04-24 18:40:00,QLD1,0.11890537000000001
2024-04-24 18:45:00,QLD1,0.11575
2024-04-24 18:50:00,QLD1,0.13301
2024-04-24 18:55:00,QLD1,0.11575004
2024-04-24 19:00:00,QLD1,0.11575
2024-04-24 19:05:00,QLD1,0.11575
2024-04-24 19:10:00,QLD1,0.101
2024-04-24 19:15:00,QLD1,0.10075007
2024-04-24 19:20:00,QLD1,0.09999
2024-04-24 19:25:00,QLD1,0.09999
2024-04-24 19:30:00,QLD1,0.09999
2024-04-24 19:35:00,QLD1,0.09999
2024-04-24 19:40:00,QLD1,0.09494669
2024-04-24 19:45:00,QLD1,0.10075002000000001
2024-04-24 19:50:00,QLD1,0.10075002000000001
2024-04-24 19:55:00,QLD1,0.12426335000000001
2024-04-24 20:00:00,QLD1,0.11787747
2024-04-24 20:05:00,QLD1,0.12499404
2024-04-24 20:10:00,QLD1,0.12380840000000001
2024-04-24 20:15:00,QLD1,0.11693971
2024-04-24 20:20:00,QLD1,0.11841072
2024-04-24 20:25:00,QLD1,0.10552858999999999
2024-04-24 20:30:00,QLD1,0.09999
2024-04-24 20:35:00,QLD1,0.15908775
2024-04-24 20:40:00,QLD1,0.14930232000000002
2024-04-24 20:45:00,QLD1,0.13682278
2024-04-24 20:50:00,QLD1,0.11933659
2024-04-24 20:55:00,QLD1,0.12007277999999999
2024-04-24 21:00:00,QLD1,0.1201095
2024-04-24 21:05:00,QLD1,0.13411409
2024-04-24 21:10:00,QLD1,0.14851882
2024-04-24 21:15:00,QLD1,0.15687442
2024-04-24 21:20:00,QLD1,0.15027797
2024-04-24 21:25:00,QLD1,0.14392608999999998
2024-04-24 21:30:00,QLD1,0.12167023
2024-04-24 21:35:00,QLD1,0.12759499
2024-04-24 21:40:00,QLD1,0.11575
2024-04-24 21:45:00,QLD1,0.10075
2024-04-24 21:50:00,QLD1,0.09999
2024-04-24 21:55:00,QLD1,0.094361
2024-04-24 22:00:00,QLD1,0.09066975
2024-04-24 22:05:00,QLD1,0.101
2024-04-24 22:10:00,QLD1,0.11891175
2024-04-24 22:15:00,QLD1,0.15561623
2024-04-24 22:20:00,QLD1,0.13727883
2024-04-24 22:25:00,QLD1,0.11410415
2024-04-24 22:30:00,QLD1,0.11075597999999999
2024-04-24 22:35:00,QLD1,0.11935243
2024-04-24 22:40:00,QLD1,0.10075
2024-04-24 22:45:00,QLD1,0.10075
2024-04-24 22:50:00,QLD1,0.101
2024-04-24 22:55:00,QLD1,0.0928456
2024-04-24 23:00:00,QLD1,0.11360469999999999
2024-04-24 23:05:00,QLD1,0.11496253000000001
2024-04-24 23:10:00,QLD1,0.11896179
2024-04-24 23:15:00,QLD1,0.11357623
2024-04-24 23:20:00,QLD1,0.09196915
2024-04-24 23:25:00,QLD1,0.10075
2024-04-24 23:30:00,QLD1,0.10075
2024-04-24 23:35:00,QLD1,0.0892601
2024-04-24 23:40:00,QLD1,0.11220508
2024-04-24 23:45:00,QLD1,0.10075
2024-04-24 23:50:00,QLD1,0.09288834
2024-04-24 23:55:00,QLD1,0.10075
2024-04-25 00:00:00,QLD1,0.08855747
2024-04-25 00:05:00,QLD1,0.10075
2024-04-25 00:10:00,QLD1,0.11004683
2024-04-25 00:15:00,QLD1,0.11289641
2024-04-25 00:20:00,QLD1,0.10075
2024-04-25 00:25:00,QLD1,0.10075
2024-04-25 00:30:00,QLD1,0.10491551
2024-04-25 00:35:00,QLD1,0.10438225
2024-04-25 00:40:00,QLD1,0.0856
2024-04-25 00:45:00,QLD1,0.10075
2024-04-25 00:50:00,QLD1,0.10075
2024-04-25 00:55:00,QLD1,0.10075
2024-04-25 01:00:00,QLD1,0.10075
2024-04-25 01:05:00,QLD1,0.08555
2024-04-25 01:10:00,QLD1,0.10075
2024-04-25 01:15:00,QLD1,0.08555
2024-04-25 01:20:00,QLD1,0.08555
2024-04-25 01:25:00,QLD1,0.08557697
2024-04-25 01:30:00,QLD1,0.08469453
2024-04-25 01:35:00,QLD1,0.08616164000000001
2024-04-25 01:40:00,QLD1,0.08621961
2024-04-25 01:45:00,QLD1,0.08478963
2024-04-25 01:50:00,QLD1,0.0853346
2024-04-25 01:55:00,QLD1,0.08531032000000001
2024-04-25 02:00:00,QLD1,0.06050137
2024-04-25 02:05:00,QLD1,0.08875866
2024-04-25 02:10:00,QLD1,0.08818348000000001
2024-04-25 02:15:00,QLD1,0.09988353
2024-04-25 02:20:00,QLD1,0.09803852
2024-04-25 02:25:00,QLD1,0.08561316
2024-04-25 02:30:00,QLD1,0.0856
2024-04-25 02:35:00,QLD1,0.10144446
2024-04-25 02:40:00,QLD1,0.10321677
2024-04-25 02:45:00,QLD1,0.10108936
2024-04-25 02:50:00,QLD1,0.10075
2024-04-25 02:55:00,QLD1,0.10075
2024-04-25 03:00:00,QLD1,0.10075
2024-04-25 03:05:00,QLD1,0.10075
2024-04-25 03:10:00,QLD1,0.10075
2024-04-25 03:15:00,QLD1,0.0856
2024-04-25 03:20:00,QLD1,0.0856
2024-04-25 03:25:00,QLD1,0.08793387
2024-04-25 03:30:00,QLD1,0.08555
2024-04-25 03:35:00,QLD1,0.0856
2024-04-25 03:40:00,QLD1,0.08665980999999999
2024-04-25 03:45:00,QLD1,0.08723331000000001
2024-04-25 03:50:00,QLD1,0.09931991999999999
2024-04-25 03:55:00,QLD1,0.0856
2024-04-25 04:00:00,QLD1,0.08793501000000001
2024-04-25 04:05:00,QLD1,0.10041034
2024-04-25 04:10:00,QLD1,0.10313979000000001
2024-04-25 04:15:00,QLD1,0.08730623
2024-04-25 04:20:00,QLD1,0.10075
2024-04-25 04:25:00,QLD1,0.10075
2024-04-25 04:30:00,QLD1,0.10502168
2024-04-25 04:35:00,QLD1,0.08555
2024-04-25 04:40:00,QLD1,0.0856
2024-04-25 04:45:00,QLD1,0.10075
2024-04-25 04:50:00,QLD1,0.10100727000000001
2024-04-25 04:55:00,QLD1,0.10075
2024-04-25 05:00:00,QLD1,0.10568317999999999
2024-04-25 05:05:00,QLD1,0.09601000000000001
2024-04-25 05:10:00,QLD1,0.1030971
2024-04-25 05:15:00,QLD1,0.11244482
2024-04-25 05:20:00,QLD1,0.1025034
2024-04-25 05:25:00,QLD1,0.1041353
2024-04-25 05:30:00,QLD1,0.10212291000000001
2024-04-25 05:35:00,QLD1,0.10317822
2024-04-25 05:40:00,QLD1,0.10542046000000001
2024-04-25 05:45:00,QLD1,0.10491695
2024-04-25 05:50:00,QLD1,0.10237402
2024-04-25 05:55:00,QLD1,0.08555
2024-04-25 06:00:00,QLD1,0.08555
2024-04-25 06:05:00,QLD1,0.08535247
2024-04-25 06:10:00,QLD1,0.10170536
2024-04-25 06:15:00,QLD1,0.11118344000000001
2024-04-25 06:20:00,QLD1,0.10728858
2024-04-25 06:25:00,QLD1,0.10917982999999999
2024-04-25 06:30:00,QLD1,0.10917347
2024-04-25 06:35:00,QLD1,0.10075
2024-04-25 06:40:00,QLD1,0.09958884
2024-04-25 06:45:00,QLD1,0.09819987000000001
2024-04-25 06:50:00,QLD1,0.09621111
2024-04-25 06:55:00,QLD1,0.09601000000000001
2024-04-25 07:00:00,QLD1,0.07955315
2024-04-25 07:05:00,QLD1,0.08828356999999999
2024-04-25 07:10:00,QLD1,0.06273006
2024-04-25 07:15:00,QLD1,0.0596
2024-04-25 07:20:00,QLD1,0.04485
2024-04-25 07:25:00,QLD1,0.03875
2024-04-25 07:30:00,QLD1,0.03139158
2024-04-25 07:35:00,QLD1,-0.0105
2024-04-25 07:40:00,QLD1,-0.0108
2024-04-25 07:45:00,QLD1,0.0
2024-04-25 07:50:00,QLD1,-7.17e-05
2024-04-25 07:55:00,QLD1,0.03089031
2024-04-25 08:00:00,QLD1,0.02032877
2024-04-25 08:05:00,QLD1,0.03176422
2024-04-25 08:10:00,QLD1,0.02016121
2024-04-25 08:15:00,QLD1,0.02057683
2024-04-25 08:20:00,QLD1,-0.0105
2024-04-25 08:25:00,QLD1,-0.0205
2024-04-25 08:30:00,QLD1,-0.0205
2024-04-25 08:35:00,QLD1,-0.0205
2024-04-25 08:40:00,QLD1,-0.0205
2024-04-25 08:45:00,QLD1,-0.0205
2024-04-25 08:50:00,QLD1,-0.0205
2024-04-25 08:55:00,QLD1,-0.0205
2024-04-25 09:00:00,QLD1,-0.0205
2024-04-25 09:05:00,QLD1,-0.0205
2024-04-25 09:10:00,QLD1,-0.0205
2024-04-25 09:15:00,QLD1,-0.0205
2024-04-25 09:20:00,QLD1,-0.0254
2024-04-25 09:25:00,QLD1,-0.0205
2024-04-25 09:30:00,QLD1,-0.0205
2024-04-25 09:35:00,QLD1,-0.035
2024-04-25 09:40:00,QLD1,-0.04157
2024-04-25 09:45:00,QLD1,-0.04157
2024-04-25 09:50:00,QLD1,-0.0416
2024-04-25 09:55:00,QLD1,-0.0416
2024-04-25 10:00:00,QLD1,-0.04201
2024-04-25 10:05:00,QLD1,-0.03940278
2024-04-25 10:10:00,QLD1,-0.04157
2024-04-25 10:15:00,QLD1,-0.03657
2024-04-25 10:20:00,QLD1,-0.04465341
2024-04-25 10:25:00,QLD1,-0.0426819
2024-04-25 10:30:00,QLD1,-0.039060290000000004
2024-04-25 10:35:00,QLD1,-0.04201
2024-04-25 10:40:00,QLD1,-0.04440918
2024-04-25 10:45:00,QLD1,-0.044216769999999996
2024-04-25 10:50:00,QLD1,-0.04501
2024-04-25 10:55:00,QLD1,-0.0416
2024-04-25 11:00:00,QLD1,-0.03657
2024-04-25 11:05:00,QLD1,-0.04501
2024-04-25 11:10:00,QLD1,-0.03750364
2024-04-25 11:15:00,QLD1,-0.039853610000000005
2024-04-25 11:20:00,QLD1,-0.03582
2024-04-25 11:25:00,QLD1,-0.03598175
2024-04-25 11:30:00,QLD1,-0.045399999999999996
2024-04-25 11:35:00,QLD1,-0.04556
2024-04-25 11:40:00,QLD1,-0.03477178
2024-04-25 11:45:00,QLD1,-0.03582
2024-04-25 11:50:00,QLD1,-0.03605503
2024-04-25 11:55:00,QLD1,-0.035776249999999996
2024-04-25 12:00:00,QLD1,-0.03599244
2024-04-25 12:05:00,QLD1,-0.04001366
2024-04-25 12:10:00,QLD1,-0.0402636
2024-04-25 12:15:00,QLD1,-0.03556989
2024-04-25 12:20:00,QLD1,-0.03657
2024-04-25 12:25:00,QLD1,-0.025834
2024-04-25 12:30:00,QLD1,-0.04142716
2024-04-25 12:35:00,QLD1,-0.0205
2024-04-25 12:40:00,QLD1,-0.01
2024-04-25 12:45:00,QLD1,-0.0205
2024-04-25 12:50:00,QLD1,-0.0205
2024-04-25 12:55:00,QLD1,-0.0205
2024-04-25 13:00:00,QLD1,-0.018123419999999998
2024-04-25 13:05:00,QLD1,0.00866956
2024-04-25 13:10:00,QLD1,0.01597627
2024-04-25 13:15:00,QLD1,-0.0205
2024-04-25 13:20:00,QLD1,0.0
2024-04-25 13:25:00,QLD1,0.00942913
2024-04-25 13:30:00,QLD1,-0.00372361
2024-04-25 13:35:00,QLD1,0.00183663
2024-04-25 13:40:00,QLD1,0.00943751
2024-04-25 13:45:00,QLD1,0.00956159
2024-04-25 13:50:00,QLD1,0.03455
2024-04-25 13:55:00,QLD1,0.0208508
2024-04-25 14:00:00,QLD1,0.0
2024-04-25 14:05:00,QLD1,0.034159999999999996
2024-04-25 14:10:00,QLD1,0.0386
2024-04-25 14:15:00,QLD1,0.05815882
2024-04-25 14:20:00,QLD1,0.0386
2024-04-25 14:25:00,QLD1,0.038549999999999994
2024-04-25 14:30:00,QLD1,0.03455
2024-04-25 14:35:00,QLD1,0.01884
2024-04-25 14:40:00,QLD1,0.03455
2024-04-25 14:45:00,QLD1,0.02188
2024-04-25 14:50:00,QLD1,0.03455
2024-04-25 14:55:00,QLD1,0.03455
2024-04-25 15:00:00,QLD1,0.03455
2024-04-25 15:05:00,QLD1,0.035840000000000004
2024-04-25 15:10:00,QLD1,-0.00217417
2024-04-25 15:15:00,QLD1,0.03455
2024-04-25 15:20:00,QLD1,0.02564388
2024-04-25 15:25:00,QLD1,0.03889993
2024-04-25 15:30:00,QLD1,0.04538382
2024-04-25 15:35:00,QLD1,0.044689070000000004
2024-04-25 15:40:00,QLD1,0.04526193
2024-04-25 15:45:00,QLD1,0.038549999999999994
2024-04-25 15:50:00,QLD1,0.038549999999999994
2024-04-25 15:55:00,QLD1,0.03875
2024-04-25 16:00:00,QLD1,0.09685583
2024-04-25 16:05:00,QLD1,0.07324203
2024-04-25 16:10:00,QLD1,0.06273008000000001
2024-04-25 16:15:00,QLD1,0.09395334
2024-04-25 16:20:00,QLD1,0.05955
2024-04-25 16:25:00,QLD1,0.14199504999999998
2024-04-25 16:30:00,QLD1,0.20304695
2024-04-25 16:35:00,QLD1,0.08569324
2024-04-25 16:40:00,QLD1,0.07502562
2024-04-25 16:45:00,QLD1,0.09931999999999999
2024-04-25 16:50:00,QLD1,0.11353740000000001
2024-04-25 16:55:00,QLD1,0.11575
2024-04-25 17:00:00,QLD1,0.15097708
2024-04-25 17:05:00,QLD1,0.11938829
2024-04-25 17:10:00,QLD1,0.11794397999999999
2024-04-25 17:15:00,QLD1,0.15081528
2024-04-25 17:20:00,QLD1,0.21639855
2024-04-25 17:25:00,QLD1,0.21484156999999998
2024-04-25 17:30:00,QLD1,0.2053971
2024-04-25 17:35:00,QLD1,0.1495317
2024-04-25 17:40:00,QLD1,0.19401
2024-04-25 17:45:00,QLD1,0.19276
2024-04-25 17:50:00,QLD1,0.19401
2024-04-25 17:55:00,QLD1,0.19401
2024-04-25 18:00:00,QLD1,0.21748646
2024-04-25 18:05:00,QLD1,0.15120621
2024-04-25 18:10:00,QLD1,0.14824104
2024-04-25 18:15:00,QLD1,0.14920763
2024-04-25 18:20:00,QLD1,0.14630870999999998
2024-04-25 18:25:00,QLD1,0.14729549
2024-04-25 18:30:00,QLD1,0.14727996
2024-04-25 18:35:00,QLD1,0.13899
2024-04-25 18:40:00,QLD1,0.13899
2024-04-25 18:45:00,QLD1,0.13899
2024-04-25 18:50:00,QLD1,0.13899
2024-04-25 18:55:00,QLD1,0.13205888999999998
2024-04-25 19:00:00,QLD1,0.13899
2024-04-25 19:05:00,QLD1,0.12653807
2024-04-25 19:10:00,QLD1,0.11575
2024-04-25 19:15:00,QLD1,0.1132489
2024-04-25 19:20:00,QLD1,0.11130867000000001
2024-04-25 19:25:00,QLD1,0.11272968
2024-04-25 19:30:00,QLD1,0.09931999999999999
2024-04-25 19:35:00,QLD1,0.10075
2024-04-25 19:40:00,QLD1,0.11010036
2024-04-25 19:45:00,QLD1,0.11368951
2024-04-25 19:50:00,QLD1,0.101
2024-04-25 19:55:00,QLD1,0.11408654
2024-04-25 20:00:00,QLD1,0.1149192
2024-04-25 20:05:00,QLD1,0.12823992999999997
2024-04-25 20:10:00,QLD1,0.11575004
2024-04-25 20:15:00,QLD1,0.11575
2024-04-25 20:20:00,QLD1,0.101
2024-04-25 20:25:00,QLD1,0.11321073
2024-04-25 20:30:00,QLD1,0.11575
2024-04-25 20:35:00,QLD1,0.13325768
2024-04-25 20:40:00,QLD1,0.12
2024-04-25 20:45:00,QLD1,0.11575004
2024-04-25 20:50:00,QLD1,0.11575
2024-04-25 20:55:00,QLD1,0.10706673000000001
2024-04-25 21:00:00,QLD1,0.1068928
2024-04-25 21:05:00,QLD1,0.13433162999999998
2024-04-25 21:10:00,QLD1,0.13461135
2024-04-25 21:15:00,QLD1,0.13249081000000001
2024-04-25 21:20:00,QLD1,0.12876065
2024-04-25 21:25:00,QLD1,0.1121557
2024-04-25 21:30:00,QLD1,0.10469020000000001
2024-04-25 21:35:00,QLD1,0.13897
2024-04-25 21:40:00,QLD1,0.13158438
2024-04-25 21:45:00,QLD1,0.11038262
2024-04-25 21:50:00,QLD1,0.11107550000000001
2024-04-25 21:55:00,QLD1,0.10075
2024-04-25 22:00:00,QLD1,0.10339
2024-04-25 22:05:00,QLD1,0.101
2024-04-25 22:10:00,QLD1,0.14448647
2024-04-25 22:15:00,QLD1,0.14370722
2024-04-25 22:20:00,QLD1,0.14167308
2024-04-25 22:25:00,QLD1,0.12
2024-04-25 22:30:00,QLD1,0.11575
2024-04-25 22:35:00,QLD1,0.13290348
2024-04-25 22:40:00,QLD1,0.11050322
2024-04-25 22:45:00,QLD1,0.11268826
2024-04-25 22:50:00,QLD1,0.14595154
2024-04-25 22:55:00,QLD1,0.11265543
2024-04-25 23:00:00,QLD1,0.10234377
2024-04-25 23:05:00,QLD1,0.1141331
2024-04-25 23:10:00,QLD1,0.14413287
2024-04-25 23:15:00,QLD1,0.13428632999999998
2024-04-25 23:20:00,QLD1,0.11179358
2024-04-25 23:25:00,QLD1,0.11082919
2024-04-25 23:30:00,QLD1,0.10879037999999999
2024-04-25 23:35:00,QLD1,0.13694693000000002
2024-04-25 23:40:00,QLD1,0.13304609
2024-04-25 23:45:00,QLD1,0.108508
2024-04-25 23:50:00,QLD1,0.13874075
2024-04-25 23:55:00,QLD1,0.12720695
2024-04-26 00:00:00,QLD1,0.10856662
2024-04-26 00:05:00,QLD1,0.13836853999999998
2024-04-26 00:10:00,QLD1,0.13752926
2024-04-26 00:15:00,QLD1,0.10075
2024-04-26 00:20:00,QLD1,0.10746216
2024-04-26 00:25:00,QLD1,0.09220655999999999
2024-04-26 00:30:00,QLD1,0.10028282
2024-04-26 00:35:00,QLD1,0.10075
2024-04-26 00:40:00,QLD1,0.10154323
2024-04-26 00:45:00,QLD1,0.10184454999999999
2024-04-26 00:50:00,QLD1,0.10075
2024-04-26 00:55:00,QLD1,0.10075
2024-04-26 01:00:00,QLD1,0.10040027
2024-04-26 01:05:00,QLD1,0.10247455
2024-04-26 01:10:00,QLD1,0.10413892
2024-04-26 01:15:00,QLD1,0.10275578
2024-04-26 01:20:00,QLD1,0.10075
2024-04-26 01:25:00,QLD1,0.08555
2024-04-26 01:30:00,QLD1,0.07699276000000001
2024-04-26 01:35:00,QLD1,0.08555
2024-04-26 01:40:00,QLD1,0.0856
2024-04-26 01:45:00,QLD1,0.08176538
2024-04-26 01:50:00,QLD1,0.08168864
2024-04-26 01:55:00,QLD1,0.08274912000000001
2024-04-26 02:00:00,QLD1,0.08279801
2024-04-26 02:05:00,QLD1,0.05955
2024-04-26 02:10:00,QLD1,0.08555
2024-04-26 02:15:00,QLD1,0.07067995
2024-04-26 02:20:00,QLD1,0.05955
2024-04-26 02:25:00,QLD1,0.07413254000000001
2024-04-26 02:30:00,QLD1,0.07052106999999999
2024-04-26 02:35:00,QLD1,0.08555
2024-04-26 02:40:00,QLD1,0.084201
2024-04-26 02:45:00,QLD1,0.08555
2024-04-26 02:50:00,QLD1,0.08555
2024-04-26 02:55:00,QLD1,0.0824415
2024-04-26 03:00:00,QLD1,0.08013681
2024-04-26 03:05:00,QLD1,0.08555
2024-04-26 03:10:00,QLD1,0.08555
2024-04-26 03:15:00,QLD1,0.08555
2024-04-26 03:20:00,QLD1,0.09819111999999999
2024-04-26 03:25:00,QLD1,0.08555
2024-04-26 03:30:00,QLD1,0.08555
2024-04-26 03:35:00,QLD1,0.0732202
2024-04-26 03:40:00,QLD1,0.08555
2024-04-26 03:45:00,QLD1,0.08555
2024-04-26 03:50:00,QLD1,0.10075
2024-04-26 03:55:00,QLD1,0.0995091
2024-04-26 04:00:00,QLD1,0.09889704
2024-04-26 04:05:00,QLD1,0.10075
2024-04-26 04:10:00,QLD1,0.10263524
2024-04-26 04:15:00,QLD1,0.10298098
2024-04-26 04:20:00,QLD1,0.10313234
2024-04-26 04:25:00,QLD1,0.1046753
2024-04-26 04:30:00,QLD1,0.1015205
2024-04-26 04:35:00,QLD1,0.10114384
2024-04-26 04:40:00,QLD1,0.10180791
2024-04-26 04:45:00,QLD1,0.10885147
2024-04-26 04:50:00,QLD1,0.11231572
2024-04-26 04:55:00,QLD1,0.10684771000000001
2024-04-26 05:00:00,QLD1,0.11309548999999999
2024-04-26 05:05:00,QLD1,0.11316099
2024-04-26 05:10:00,QLD1,0.12809388000000002
2024-04-26 05:15:00,QLD1,0.11119157
2024-04-26 05:20:00,QLD1,0.13898
2024-04-26 05:25:00,QLD1,0.1461071
2024-04-26 05:30:00,QLD1,0.14418443
2024-04-26 05:35:00,QLD1,0.0878795
2024-04-26 05:40:00,QLD1,0.14544284
2024-04-26 05:45:00,QLD1,0.08269375
2024-04-26 05:50:00,QLD1,0.08801312
2024-04-26 05:55:00,QLD1,0.08993780999999999
2024-04-26 06:00:00,QLD1,0.09175401
2024-04-26 06:05:00,QLD1,0.09121813000000001
2024-04-26 06:10:00,QLD1,0.11984599
2024-04-26 06:15:00,QLD1,0.13812479
2024-04-26 06:20:00,QLD1,0.14386494
2024-04-26 06:25:00,QLD1,0.15547273
2024-04-26 06:30:00,QLD1,0.18583943
2024-04-26 06:35:00,QLD1,0.14372559999999998
2024-04-26 06:40:00,QLD1,0.15165421
2024-04-26 06:45:00,QLD1,0.14889515
2024-04-26 06:50:00,QLD1,0.14461000000000002
2024-04-26 06:55:00,QLD1,0.14831957
2024-04-26 07:00:00,QLD1,0.12630469
2024-04-26 07:05:00,QLD1,0.12947706
2024-04-26 07:10:00,QLD1,0.12582225
2024-04-26 07:15:00,QLD1,0.08749035999999999
2024-04-26 07:20:00,QLD1,0.0856
2024-04-26 07:25:00,QLD1,0.06272992
2024-04-26 07:30:00,QLD1,0.03875
2024-04-26 07:35:00,QLD1,0.04783523
2024-04-26 07:40:00,QLD1,0.04631863
2024-04-26 07:45:00,QLD1,0.03875
2024-04-26 07:50:00,QLD1,0.038549999999999994
2024-04-26 07:55:00,QLD1,0.038549999999999994
2024-04-26 08:00:00,QLD1,0.03716983
2024-04-26 08:05:00,QLD1,0.03188
2024-04-26 08:10:00,QLD1,0.03875
2024-04-26 08:15:00,QLD1,0.038549999999999994
2024-04-26 08:20:00,QLD1,0.037829999999999996
2024-04-26 08:25:00,QLD1,0.03455
2024-04-26 08:30:00,QLD1,0.038549999999999994
2024-04-26 08:35:00,QLD1,0.01884
2024-04-26 08:40:00,QLD1,0.0605
2024-04-26 08:45:00,QLD1,0.038549999999999994
2024-04-26 08:50:00,QLD1,0.0346
2024-04-26 08:55:00,QLD1,0.0346
2024-04-26 09:00:00,QLD1,0.0346
2024-04-26 09:05:00,QLD1,0.038549999999999994
2024-04-26 09:10:00,QLD1,0.03875
2024-04-26 09:15:00,QLD1,0.024921690000000003
2024-04-26 09:20:00,QLD1,0.02241524
2024-04-26 09:25:00,QLD1,0.03455
2024-04-26 09:30:00,QLD1,0.03384
2024-04-26 09:35:00,QLD1,0.03455
2024-04-26 09:40:00,QLD1,-0.0104
2024-04-26 09:45:00,QLD1,0.02157
2024-04-26 09:50:00,QLD1,0.03188
2024-04-26 09:55:00,QLD1,-0.00835037
2024-04-26 10:00:00,QLD1,0.022579529999999997
2024-04-26 10:05:00,QLD1,0.02157
2024-04-26 10:10:00,QLD1,0.03875
2024-04-26 10:15:00,QLD1,0.03455
2024-04-26 10:20:00,QLD1,0.03875
2024-04-26 10:25:00,QLD1,0.03875
2024-04-26 10:30:00,QLD1,0.022563020000000003
2024-04-26 10:35:00,QLD1,0.03355003
2024-04-26 10:40:00,QLD1,0.04262
2024-04-26 10:45:00,QLD1,0.038549999999999994
2024-04-26 10:50:00,QLD1,0.03455
2024-04-26 10:55:00,QLD1,0.037842930000000004
2024-04-26 11:00:00,QLD1,0.038549999999999994
2024-04-26 11:05:00,QLD1,0.0346
2024-04-26 11:10:00,QLD1,0.05069202
2024-04-26 11:15:00,QLD1,0.04262
2024-04-26 11:20:00,QLD1,0.03699997
2024-04-26 11:25:00,QLD1,0.03875
2024-04-26 11:30:00,QLD1,0.050714840000000004
2024-04-26 11:35:00,QLD1,0.03875
2024-04-26 11:40:00,QLD1,0.04855005
2024-04-26 11:45:00,QLD1,0.03875
2024-04-26 11:50:00,QLD1,0.038549999999999994
2024-04-26 11:55:00,QLD1,0.03663
2024-04-26 12:00:00,QLD1,0.03663
2024-04-26 12:05:00,QLD1,0.03875
2024-04-26 12:10:00,QLD1,0.048549999999999996
2024-04-26 12:15:00,QLD1,0.03875
2024-04-26 12:20:00,QLD1,0.03875
2024-04-26 12:25:00,QLD1,0.03875
2024-04-26 12:30:00,QLD1,0.048549999999999996
2024-04-26 12:35:00,QLD1,0.03875
2024-04-26 12:40:00,QLD1,0.03875
2024-04-26 12:45:00,QLD1,0.0386
2024-04-26 12:50:00,QLD1,0.048549999999999996
2024-04-26 12:55:00,QLD1,0.0363119
2024-04-26 13:00:00,QLD1,0.038549999999999994
2024-04-26 13:05:00,QLD1,0.04310003
2024-04-26 13:10:00,QLD1,0.048549999999999996
2024-04-26 13:15:00,QLD1,0.0445056
2024-04-26 13:20:00,QLD1,0.03875
2024-04-26 13:25:00,QLD1,0.0386
2024-04-26 13:30:00,QLD1,0.044757309999999995
2024-04-26 13:35:00,QLD1,0.03875
2024-04-26 13:40:00,QLD1,0.03875
2024-04-26 13:45:00,QLD1,0.048549999999999996
2024-04-26 13:50:00,QLD1,0.048549999999999996
2024-04-26 13:55:00,QLD1,0.05317591
2024-04-26 14:00:00,QLD1,0.04866946
2024-04-26 14:05:00,QLD1,0.04534454
2024-04-26 14:10:00,QLD1,0.048549999999999996
2024-04-26 14:15:00,QLD1,0.048549999999999996
2024-04-26 14:20:00,QLD1,0.04595434
2024-04-26 14:25:00,QLD1,0.04111468
2024-04-26 14:30:00,QLD1,0.05124
2024-04-26 14:35:00,QLD1,0.042103
2024-04-26 14:40:00,QLD1,0.043420099999999996
2024-04-26 14:45:00,QLD1,0.051664589999999996
2024-04-26 14:50:00,QLD1,0.04464845
2024-04-26 14:55:00,QLD1,0.05778861
2024-04-26 15:00:00,QLD1,0.05210018
2024-04-26 15:05:00,QLD1,0.048549999999999996
2024-04-26 15:10:00,QLD1,0.048549999999999996
2024-04-26 15:15:00,QLD1,0.06728
2024-04-26 15:20:00,QLD1,0.09812325
2024-04-26 15:25:00,QLD1,0.09053014000000001
2024-04-26 15:30:00,QLD1,0.09933495
2024-04-26 15:35:00,QLD1,0.05627413
2024-04-26 15:40:00,QLD1,0.06033
2024-04-26 15:45:00,QLD1,0.06081
2024-04-26 15:50:00,QLD1,0.09689695000000001
2024-04-26 15:55:00,QLD1,0.06273
2024-04-26 16:00:00,QLD1,0.13608763999999998
2024-04-26 16:05:00,QLD1,0.13129901000000002
2024-04-26 16:10:00,QLD1,0.14257097
2024-04-26 16:15:00,QLD1,0.14363220999999998
2024-04-26 16:20:00,QLD1,0.26161
2024-04-26 16:25:00,QLD1,0.14452531999999998
2024-04-26 16:30:00,QLD1,0.18015615
2024-04-26 16:35:00,QLD1,0.14448647
2024-04-26 16:40:00,QLD1,0.22761999
2024-04-26 16:45:00,QLD1,0.28368831
2024-04-26 16:50:00,QLD1,0.19408
2024-04-26 16:55:00,QLD1,0.28575
2024-04-26 17:00:00,QLD1,0.28424225999999997
2024-04-26 17:05:00,QLD1,0.25860575999999996
2024-04-26 17:10:00,QLD1,0.25275524
2024-04-26 17:15:00,QLD1,0.27922993
2024-04-26 17:20:00,QLD1,0.27284841
2024-04-26 17:25:00,QLD1,0.28575
2024-04-26 17:30:00,QLD1,0.28786118
2024-04-26 17:35:00,QLD1,0.28575
2024-04-26 17:40:00,QLD1,0.28575
2024-04-26 17:45:00,QLD1,0.28575
2024-04-26 17:50:00,QLD1,0.28575
2024-04-26 17:55:00,QLD1,0.28575
2024-04-26 18:00:00,QLD1,0.28575
2024-04-26 18:05:00,QLD1,0.28310015
2024-04-26 18:10:00,QLD1,0.27398853
2024-04-26 18:15:00,QLD1,0.27135417
2024-04-26 18:20:00,QLD1,0.27944081
2024-04-26 18:25:00,QLD1,0.27017097
2024-04-26 18:30:00,QLD1,0.26940421
2024-04-26 18:35:00,QLD1,0.24965
2024-04-26 18:40:00,QLD1,0.24965
2024-04-26 18:45:00,QLD1,0.24478311
2024-04-26 18:50:00,QLD1,0.19663
2024-04-26 18:55:00,QLD1,0.20244479
2024-04-26 19:00:00,QLD1,0.19401
2024-04-26 19:05:00,QLD1,0.17819120000000002
2024-04-26 19:10:00,QLD1,0.1452
2024-04-26 19:15:00,QLD1,0.13897
2024-04-26 19:20:00,QLD1,0.13880416
2024-04-26 19:25:00,QLD1,0.13386283000000002
2024-04-26 19:30:00,QLD1,0.13197625
2024-04-26 19:35:00,QLD1,0.13118658
2024-04-26 19:40:00,QLD1,0.13000072000000001
2024-04-26 19:45:00,QLD1,0.11301
2024-04-26 19:50:00,QLD1,0.11575
2024-04-26 19:55:00,QLD1,0.13540877
2024-04-26 20:00:00,QLD1,0.13731636
2024-04-26 20:05:00,QLD1,0.1452
2024-04-26 20:10:00,QLD1,0.13755312
2024-04-26 20:15:00,QLD1,0.13497262000000002
2024-04-26 20:20:00,QLD1,0.15117517
2024-04-26 20:25:00,QLD1,0.13576654
2024-04-26 20:30:00,QLD1,0.13294452999999998
2024-04-26 20:35:00,QLD1,0.13287663
2024-04-26 20:40:00,QLD1,0.13383263
2024-04-26 20:45:00,QLD1,0.13467949999999998
2024-04-26 20:50:00,QLD1,0.13377974
2024-04-26 20:55:00,QLD1,0.12199196000000001
2024-04-26 21:00:00,QLD1,0.12402267
2024-04-26 21:05:00,QLD1,0.13898
2024-04-26 21:10:00,QLD1,0.19401
2024-04-26 21:15:00,QLD1,0.16715589
2024-04-26 21:20:00,QLD1,0.13854618999999999
2024-04-26 21:25:00,QLD1,0.13570541
2024-04-26 21:30:00,QLD1,0.13648183
2024-04-26 21:35:00,QLD1,0.13637068
2024-04-26 21:40:00,QLD1,0.13591904
2024-04-26 21:45:00,QLD1,0.12769898000000002
2024-04-26 21:50:00,QLD1,0.12603169
2024-04-26 21:55:00,QLD1,0.12
2024-04-26 22:00:00,QLD1,0.11575
2024-04-26 22:05:00,QLD1,0.12960278
2024-04-26 22:10:00,QLD1,0.13898
2024-04-26 22:15:00,QLD1,0.13898
2024-04-26 22:20:00,QLD1,0.14032781
2024-04-26 22:25:00,QLD1,0.13842391
2024-04-26 22:30:00,QLD1,0.12192592000000001
2024-04-26 22:35:00,QLD1,0.12757435
2024-04-26 22:40:00,QLD1,0.12
2024-04-26 22:45:00,QLD1,0.11402706
2024-04-26 22:50:00,QLD1,0.11406785000000001
2024-04-26 22:55:00,QLD1,0.11383375
2024-04-26 23:00:00,QLD1,0.11227411999999999
2024-04-26 23:05:00,QLD1,0.11364681
2024-04-26 23:10:00,QLD1,0.13898
2024-04-26 23:15:00,QLD1,0.14335532
2024-04-26 23:20:00,QLD1,0.14340275
2024-04-26 23:25:00,QLD1,0.11141046
2024-04-26 23:30:00,QLD1,0.11111668
2024-04-26 23:35:00,QLD1,0.13898
2024-04-26 23:40:00,QLD1,0.14025658000000002
2024-04-26 23:45:00,QLD1,0.13198275
2024-04-26 23:50:00,QLD1,0.11038822000000001
2024-04-26 23:55:00,QLD1,0.13821065999999999
2024-04-27 00:00:00,QLD1,0.13620136
2024-04-27 00:05:00,QLD1,0.13898
2024-04-27 00:10:00,QLD1,0.10782475
2024-04-27 00:15:00,QLD1,0.13860224
2024-04-27 00:20:00,QLD1,0.10075
2024-04-27 00:25:00,QLD1,0.11210973
2024-04-27 00:30:00,QLD1,0.11107581000000001
2024-04-27 00:35:00,QLD1,0.10075
2024-04-27 00:40:00,QLD1,0.10484528
2024-04-27 00:45:00,QLD1,0.13898
2024-04-27 00:50:00,QLD1,0.10075
2024-04-27 00:55:00,QLD1,0.08583198
2024-04-27 01:00:00,QLD1,0.10075
2024-04-27 01:05:00,QLD1,0.11093885
2024-04-27 01:10:00,QLD1,0.10074997000000001
2024-04-27 01:15:00,QLD1,0.10075
2024-04-27 01:20:00,QLD1,0.10212286000000001
2024-04-27 01:25:00,QLD1,0.08630383
2024-04-27 01:30:00,QLD1,0.08331298
2024-04-27 01:35:00,QLD1,0.0856
2024-04-27 01:40:00,QLD1,0.0856
2024-04-27 01:45:00,QLD1,0.10075
2024-04-27 01:50:00,QLD1,0.08602785
2024-04-27 01:55:00,QLD1,0.08555
2024-04-27 02:00:00,QLD1,0.0850136
2024-04-27 02:05:00,QLD1,0.08555
2024-04-27 02:10:00,QLD1,0.10074129000000001
2024-04-27 02:15:00,QLD1,0.08455193
2024-04-27 02:20:00,QLD1,0.08555
2024-04-27 02:25:00,QLD1,0.08555
2024-04-27 02:30:00,QLD1,0.08555
2024-04-27 02:35:00,QLD1,0.08498975
2024-04-27 02:40:00,QLD1,0.08482109
2024-04-27 02:45:00,QLD1,0.08542381
2024-04-27 02:50:00,QLD1,0.08543634
2024-04-27 02:55:00,QLD1,0.07222159
2024-04-27 03:00:00,QLD1,0.08555
2024-04-27 03:05:00,QLD1,0.08555
2024-04-27 03:10:00,QLD1,0.10075
2024-04-27 03:15:00,QLD1,0.09326521
2024-04-27 03:20:00,QLD1,0.09198143
2024-04-27 03:25:00,QLD1,0.10075
2024-04-27 03:30:00,QLD1,0.08555
2024-04-27 03:35:00,QLD1,0.08555
2024-04-27 03:40:00,QLD1,0.08555
2024-04-27 03:45:00,QLD1,0.08371245000000001
2024-04-27 03:50:00,QLD1,0.08368893
2024-04-27 03:55:00,QLD1,0.08555
2024-04-27 04:00:00,QLD1,0.08555
2024-04-27 04:05:00,QLD1,0.08555
2024-04-27 04:10:00,QLD1,0.0931917
2024-04-27 04:15:00,QLD1,0.09017113
2024-04-27 04:20:00,QLD1,0.08555
2024-04-27 04:25:00,QLD1,0.0856
2024-04-27 04:30:00,QLD1,0.10075
2024-04-27 04:35:00,QLD1,0.0856
2024-04-27 04:40:00,QLD1,0.08555
2024-04-27 04:45:00,QLD1,0.08555
2024-04-27 04:50:00,QLD1,0.08555
2024-04-27 04:55:00,QLD1,0.08674395
2024-04-27 05:00:00,QLD1,0.08805074
2024-04-27 05:05:00,QLD1,0.09008399
2024-04-27 05:10:00,QLD1,0.08780966
2024-04-27 05:15:00,QLD1,0.0856
2024-04-27 05:20:00,QLD1,0.08888043000000001
2024-04-27 05:25:00,QLD1,0.09039459999999999
2024-04-27 05:30:00,QLD1,0.08927099
2024-04-27 05:35:00,QLD1,0.08929224999999999
2024-04-27 05:40:00,QLD1,0.08950100999999999
2024-04-27 05:45:00,QLD1,0.09332979
2024-04-27 05:50:00,QLD1,0.09463968
2024-04-27 05:55:00,QLD1,0.10075
2024-04-27 06:00:00,QLD1,0.09601000000000001
2024-04-27 06:05:00,QLD1,0.09601000000000001
2024-04-27 06:10:00,QLD1,0.09601000000000001
2024-04-27 06:15:00,QLD1,0.09933478999999999
2024-04-27 06:20:00,QLD1,0.09943165999999999
2024-04-27 06:25:00,QLD1,0.09727092000000001
2024-04-27 06:30:00,QLD1,0.0978959
2024-04-27 06:35:00,QLD1,0.09601000000000001
2024-04-27 06:40:00,QLD1,0.09732102999999999
2024-04-27 06:45:00,QLD1,0.09601000000000001
2024-04-27 06:50:00,QLD1,0.0856
2024-04-27 06:55:00,QLD1,0.06409032
2024-04-27 07:00:00,QLD1,0.04874997
2024-04-27 07:05:00,QLD1,0.048600000000000004
2024-04-27 07:10:00,QLD1,0.043115850000000004
2024-04-27 07:15:00,QLD1,0.048549999999999996
2024-04-27 07:20:00,QLD1,0.04875
2024-04-27 07:25:00,QLD1,0.01884
2024-04-27 07:30:00,QLD1,0.01884
2024-04-27 07:35:00,QLD1,-0.0105
2024-04-27 07:40:00,QLD1,-0.0108
2024-04-27 07:45:00,QLD1,0.034293
2024-04-27 07:50:00,QLD1,0.02376362
2024-04-27 07:55:00,QLD1,-0.0108
2024-04-27 08:00:00,QLD1,0.0
2024-04-27 08:05:00,QLD1,-0.0108
2024-04-27 08:10:00,QLD1,0.0036539899999999998
2024-04-27 08:15:00,QLD1,-0.0108
2024-04-27 08:20:00,QLD1,-0.005
2024-04-27 08:25:00,QLD1,-0.0108
2024-04-27 08:30:00,QLD1,-0.0205
2024-04-27 08:35:00,QLD1,-0.0205
2024-04-27 08:40:00,QLD1,-0.0205
2024-04-27 08:45:00,QLD1,-0.0108
2024-04-27 08:50:00,QLD1,-0.0205
2024-04-27 08:55:00,QLD1,-0.0205
2024-04-27 09:00:00,QLD1,-0.0205
2024-04-27 09:05:00,QLD1,-0.0205
2024-04-27 09:10:00,QLD1,-0.0205
2024-04-27 09:15:00,QLD1,-0.0205
2024-04-27 09:20:00,QLD1,-0.0254
2024-04-27 09:25:00,QLD1,-0.0254
2024-04-27 09:30:00,QLD1,-0.03582
2024-04-27 09:35:00,QLD1,-0.03582
2024-04-27 09:40:00,QLD1,-0.03582
2024-04-27 09:45:00,QLD1,-0.0416
2024-04-27 09:50:00,QLD1,-0.0416
2024-04-27 09:55:00,QLD1,-0.04501
2024-04-27 10:00:00,QLD1,-0.043346710000000004
2024-04-27 10:05:00,QLD1,-0.0431619
2024-04-27 10:10:00,QLD1,-0.04506
2024-04-27 10:15:00,QLD1,-0.04187733
2024-04-27 10:20:00,QLD1,-0.04214693
2024-04-27 10:25:00,QLD1,-0.0416
2024-04-27 10:30:00,QLD1,-0.04078414
2024-04-27 10:35:00,QLD1,-0.039404049999999996
2024-04-27 10:40:00,QLD1,-0.03726049
2024-04-27 10:45:00,QLD1,-0.036284260000000006
2024-04-27 10:50:00,QLD1,-0.03686192
2024-04-27 10:55:00,QLD1,-0.03770015
2024-04-27 11:00:00,QLD1,-0.03733123
2024-04-27 11:05:00,QLD1,-0.0376189
2024-04-27 11:10:00,QLD1,-0.03657
2024-04-27 11:15:00,QLD1,-0.03582
2024-04-27 11:20:00,QLD1,-0.0205
2024-04-27 11:25:00,QLD1,-0.02683249
2024-04-27 11:30:00,QLD1,-0.0205
2024-04-27 11:35:00,QLD1,-0.02775495
2024-04-27 11:40:00,QLD1,-0.0205
2024-04-27 11:45:00,QLD1,-0.0205
2024-04-27 11:50:00,QLD1,-0.0205
2024-04-27 11:55:00,QLD1,-0.0205
2024-04-27 12:00:00,QLD1,-0.0205
2024-04-27 12:05:00,QLD1,-0.0205
2024-04-27 12:10:00,QLD1,-0.035
2024-04-27 12:15:00,QLD1,-0.0205
2024-04-27 12:20:00,QLD1,-0.0205
2024-04-27 12:25:00,QLD1,-0.0205
2024-04-27 12:30:00,QLD1,-0.035
2024-04-27 12:35:00,QLD1,-0.0205
2024-04-27 12:40:00,QLD1,-0.0205
2024-04-27 12:45:00,QLD1,-0.0205
2024-04-27 12:50:00,QLD1,-0.0205
2024-04-27 12:55:00,QLD1,-0.0205
2024-04-27 13:00:00,QLD1,-0.0205
2024-04-27 13:05:00,QLD1,-0.0205
2024-04-27 13:10:00,QLD1,-0.0205
2024-04-27 13:15:00,QLD1,-0.0205
2024-04-27 13:20:00,QLD1,-0.0254
2024-04-27 13:25:00,QLD1,-0.00806508
2024-04-27 13:30:00,QLD1,-0.00829328
2024-04-27 13:35:00,QLD1,-0.0205
2024-04-27 13:40:00,QLD1,-0.005
2024-04-27 13:45:00,QLD1,-0.01302953
2024-04-27 13:50:00,QLD1,-0.01
2024-04-27 13:55:00,QLD1,-0.0205
2024-04-27 14:00:00,QLD1,0.006207099999999999
2024-04-27 14:05:00,QLD1,-0.01
2024-04-27 14:10:00,QLD1,-0.01
2024-04-27 14:15:00,QLD1,-0.009999969999999999
2024-04-27 14:20:00,QLD1,0.03455
2024-04-27 14:25:00,QLD1,0.03455
2024-04-27 14:30:00,QLD1,0.00676371
2024-04-27 14:35:00,QLD1,0.034550069999999995
2024-04-27 14:40:00,QLD1,0.03261643
2024-04-27 14:45:00,QLD1,0.03455
2024-04-27 14:50:00,QLD1,0.03455
2024-04-27 14:55:00,QLD1,0.03875
2024-04-27 15:00:00,QLD1,0.03596063
2024-04-27 15:05:00,QLD1,0.038549999999999994
2024-04-27 15:10:00,QLD1,0.0386
2024-04-27 15:15:00,QLD1,0.04828345
2024-04-27 15:20:00,QLD1,0.03855003
2024-04-27 15:25:00,QLD1,0.04894127
2024-04-27 15:30:00,QLD1,0.0674519
2024-04-27 15:35:00,QLD1,0.07764529
2024-04-27 15:40:00,QLD1,0.048549999999999996
2024-04-27 15:45:00,QLD1,0.07864758999999999
2024-04-27 15:50:00,QLD1,0.09059795
2024-04-27 15:55:00,QLD1,0.12959766
2024-04-27 16:00:00,QLD1,0.055799999999999995
2024-04-27 16:05:00,QLD1,0.050711370000000006
2024-04-27 16:10:00,QLD1,0.0596
2024-04-27 16:15:00,QLD1,0.08106809
2024-04-27 16:20:00,QLD1,0.12595064
2024-04-27 16:25:00,QLD1,0.12812622999999998
2024-04-27 16:30:00,QLD1,0.27216952
2024-04-27 16:35:00,QLD1,0.10075002999999999
2024-04-27 16:40:00,QLD1,0.10829905
2024-04-27 16:45:00,QLD1,0.13898
2024-04-27 16:50:00,QLD1,0.26662217
2024-04-27 16:55:00,QLD1,0.25251804
2024-04-27 17:00:00,QLD1,0.1452
2024-04-27 17:05:00,QLD1,0.25184042
2024-04-27 17:10:00,QLD1,0.27850519
2024-04-27 17:15:00,QLD1,0.26564434
2024-04-27 17:20:00,QLD1,0.26016354999999997
2024-04-27 17:25:00,QLD1,0.23935893
2024-04-27 17:30:00,QLD1,0.27654611
2024-04-27 17:35:00,QLD1,0.26100999999999996
2024-04-27 17:40:00,QLD1,0.24285019
2024-04-27 17:45:00,QLD1,0.25468575
2024-04-27 17:50:00,QLD1,0.26207274
2024-04-27 17:55:00,QLD1,0.20808189
2024-04-27 18:00:00,QLD1,0.24512241
2024-04-27 18:05:00,QLD1,0.25389595
2024-04-27 18:10:00,QLD1,0.25034462
2024-04-27 18:15:00,QLD1,0.26729644
2024-04-27 18:20:00,QLD1,0.22859975
2024-04-27 18:25:00,QLD1,0.19663
2024-04-27 18:30:00,QLD1,0.18846559999999998
2024-04-27 18:35:00,QLD1,0.18414616
2024-04-27 18:40:00,QLD1,0.14084581
2024-04-27 18:45:00,QLD1,0.1388
2024-04-27 18:50:00,QLD1,0.13898
2024-04-27 18:55:00,QLD1,0.13785594
2024-04-27 19:00:00,QLD1,0.11575
2024-04-27 19:05:00,QLD1,0.12331098
2024-04-27 19:10:00,QLD1,0.12
2024-04-27 19:15:00,QLD1,0.11575
2024-04-27 19:20:00,QLD1,0.10270623000000001
2024-04-27 19:25:00,QLD1,0.09931999999999999
2024-04-27 19:30:00,QLD1,0.09931999999999999
2024-04-27 19:35:00,QLD1,0.10040784999999999
2024-04-27 19:40:00,QLD1,0.11575
2024-04-27 19:45:00,QLD1,0.1251257
2024-04-27 19:50:00,QLD1,0.13662969
2024-04-27 19:55:00,QLD1,0.13156711999999998
2024-04-27 20:00:00,QLD1,0.13662971999999998
2024-04-27 20:05:00,QLD1,0.11978861
2024-04-27 20:10:00,QLD1,0.13682986
2024-04-27 20:15:00,QLD1,0.10075002999999999
2024-04-27 20:20:00,QLD1,0.10773968
2024-04-27 20:25:00,QLD1,0.11427276
2024-04-27 20:30:00,QLD1,0.10723266
2024-04-27 20:35:00,QLD1,0.11575
2024-04-27 20:40:00,QLD1,0.11575
2024-04-27 20:45:00,QLD1,0.12484634
2024-04-27 20:50:00,QLD1,0.13122187999999999
2024-04-27 20:55:00,QLD1,0.11575
2024-04-27 21:00:00,QLD1,0.11552078
2024-04-27 21:05:00,QLD1,0.13990695
2024-04-27 21:10:00,QLD1,0.13898
2024-04-27 21:15:00,QLD1,0.13898
2024-04-27 21:20:00,QLD1,0.11575
2024-04-27 21:25:00,QLD1,0.10748978
2024-04-27 21:30:00,QLD1,0.12449515
2024-04-27 21:35:00,QLD1,0.11575
2024-04-27 21:40:00,QLD1,0.13477149
2024-04-27 21:45:00,QLD1,0.16673524
2024-04-27 21:50:00,QLD1,0.13936850999999997
2024-04-27 21:55:00,QLD1,0.13898
2024-04-27 22:00:00,QLD1,0.13828104
2024-04-27 22:05:00,QLD1,0.13898
2024-04-27 22:10:00,QLD1,0.13898
2024-04-27 22:15:00,QLD1,0.27296
2024-04-27 22:20:00,QLD1,0.26300999999999997
2024-04-27 22:25:00,QLD1,0.24662419
2024-04-27 22:30:00,QLD1,0.22662653
2024-04-27 22:35:00,QLD1,0.2280542
2024-04-27 22:40:00,QLD1,0.23093371
2024-04-27 22:45:00,QLD1,0.15174105
2024-04-27 22:50:00,QLD1,0.14191247
2024-04-27 22:55:00,QLD1,0.14183669000000002
2024-04-27 23:00:00,QLD1,0.14826944
2024-04-27 23:05:00,QLD1,0.13559747
2024-04-27 23:10:00,QLD1,0.14896357000000002
2024-04-27 23:15:00,QLD1,0.14732736
2024-04-27 23:20:00,QLD1,0.14530056
2024-04-27 23:25:00,QLD1,0.12176119
2024-04-27 23:30:00,QLD1,0.10075
2024-04-27 23:35:00,QLD1,0.17720822
2024-04-27 23:40:00,QLD1,0.1253072
2024-04-27 23:45:00,QLD1,0.10075
2024-04-27 23:50:00,QLD1,0.10189973999999999
2024-04-27 23:55:00,QLD1,0.12087579
2024-04-28 00:00:00,QLD1,0.12080434
2024-04-28 00:05:00,QLD1,0.10075
2024-04-28 00:10:00,QLD1,0.126978
2024-04-28 00:15:00,QLD1,0.10075
2024-04-28 00:20:00,QLD1,0.08555
2024-04-28 00:25:00,QLD1,0.08555
2024-04-28 00:30:00,QLD1,0.08148908
2024-04-28 00:35:00,QLD1,0.0856
2024-04-28 00:40:00,QLD1,0.09732853
2024-04-28 00:45:00,QLD1,0.08555
2024-04-28 00:50:00,QLD1,0.08555
2024-04-28 00:55:00,QLD1,0.08555
2024-04-28 01:00:00,QLD1,0.09653483
2024-04-28 01:05:00,QLD1,0.10075
2024-04-28 01:10:00,QLD1,0.10082299
2024-04-28 01:15:00,QLD1,0.09773533000000001
2024-04-28 01:20:00,QLD1,0.09773067
2024-04-28 01:25:00,QLD1,0.09762663
2024-04-28 01:30:00,QLD1,0.08181341
2024-04-28 01:35:00,QLD1,0.08240688
2024-04-28 01:40:00,QLD1,0.0856
2024-04-28 01:45:00,QLD1,0.0856
2024-04-28 01:50:00,QLD1,0.08262095
2024-04-28 01:55:00,QLD1,0.07103366
2024-04-28 02:00:00,QLD1,0.07720394
2024-04-28 02:05:00,QLD1,0.07376357
2024-04-28 02:10:00,QLD1,0.08555
2024-04-28 02:15:00,QLD1,0.08162797000000001
2024-04-28 02:20:00,QLD1,0.08129515999999999
2024-04-28 02:25:00,QLD1,0.08020211999999999
2024-04-28 02:30:00,QLD1,0.09707076
2024-04-28 02:35:00,QLD1,0.08555
2024-04-28 02:40:00,QLD1,0.09807508
2024-04-28 02:45:00,QLD1,0.0856
2024-04-28 02:50:00,QLD1,0.09480190000000001
2024-04-28 02:55:00,QLD1,0.09573111
2024-04-28 03:00:00,QLD1,0.08555
2024-04-28 03:05:00,QLD1,0.09500051000000001
2024-04-28 03:10:00,QLD1,0.08677
2024-04-28 03:15:00,QLD1,0.09926705
2024-04-28 03:20:00,QLD1,0.08090725
2024-04-28 03:25:00,QLD1,0.0856
2024-04-28 03:30:00,QLD1,0.08363051
2024-04-28 03:35:00,QLD1,0.10075
2024-04-28 03:40:00,QLD1,0.10115476
2024-04-28 03:45:00,QLD1,0.10074994
2024-04-28 03:50:00,QLD1,0.10319344999999999
2024-04-28 03:55:00,QLD1,0.09971899999999999
2024-04-28 04:00:00,QLD1,0.09671608000000001
2024-04-28 04:05:00,QLD1,0.0954303
2024-04-28 04:10:00,QLD1,0.0856
2024-04-28 04:15:00,QLD1,0.09677585999999999
2024-04-28 04:20:00,QLD1,0.08555
2024-04-28 04:25:00,QLD1,0.08555
2024-04-28 04:30:00,QLD1,0.09674997
2024-04-28 04:35:00,QLD1,0.08555
2024-04-28 04:40:00,QLD1,0.08555
2024-04-28 04:45:00,QLD1,0.08653
2024-04-28 04:50:00,QLD1,0.09615504
2024-04-28 04:55:00,QLD1,0.10053563
2024-04-28 05:00:00,QLD1,0.09172492
2024-04-28 05:05:00,QLD1,0.09717206
2024-04-28 05:10:00,QLD1,0.10036986
2024-04-28 05:15:00,QLD1,0.0970122
2024-04-28 05:20:00,QLD1,0.09636507
2024-04-28 05:25:00,QLD1,0.09250926
2024-04-28 05:30:00,QLD1,0.09637261999999999
2024-04-28 05:35:00,QLD1,0.08555
2024-04-28 05:40:00,QLD1,0.08555
2024-04-28 05:45:00,QLD1,0.10075
2024-04-28 05:50:00,QLD1,0.09640882
2024-04-28 05:55:00,QLD1,0.0977026
2024-04-28 06:00:00,QLD1,0.09776909
2024-04-28 06:05:00,QLD1,0.08220704000000001
2024-04-28 06:10:00,QLD1,0.09665520999999999
2024-04-28 06:15:00,QLD1,0.10019272
2024-04-28 06:20:00,QLD1,0.10046293
2024-04-28 06:25:00,QLD1,0.09749285999999999
2024-04-28 06:30:00,QLD1,0.10075
2024-04-28 06:35:00,QLD1,0.07889989
2024-04-28 06:40:00,QLD1,0.08555
2024-04-28 06:45:00,QLD1,0.07628717
2024-04-28 06:50:00,QLD1,0.07581056
2024-04-28 06:55:00,QLD1,0.07590751
2024-04-28 07:00:00,QLD1,0.07595476
2024-04-28 07:05:00,QLD1,0.07179449
2024-04-28 07:10:00,QLD1,0.06068528
2024-04-28 07:15:00,QLD1,0.048549999999999996
2024-04-28 07:20:00,QLD1,0.048549970000000005
2024-04-28 07:25:00,QLD1,0.03188
2024-04-28 07:30:00,QLD1,0.01884
2024-04-28 07:35:00,QLD1,0.005097000000000001
2024-04-28 07:40:00,QLD1,-0.0205
2024-04-28 07:45:00,QLD1,-0.0205
2024-04-28 07:50:00,QLD1,0.01884
2024-04-28 07:55:00,QLD1,-0.0108
2024-04-28 08:00:00,QLD1,-0.0205
2024-04-28 08:05:00,QLD1,-0.0205
2024-04-28 08:10:00,QLD1,0.03454995
2024-04-28 08:15:00,QLD1,-0.0205
2024-04-28 08:20:00,QLD1,-0.035
2024-04-28 08:25:00,QLD1,-0.0205
2024-04-28 08:30:00,QLD1,-0.0205
2024-04-28 08:35:00,QLD1,-0.0254
2024-04-28 08:40:00,QLD1,-0.03582
2024-04-28 08:45:00,QLD1,-0.0205
2024-04-28 08:50:00,QLD1,-0.0205
2024-04-28 08:55:00,QLD1,-0.0205
2024-04-28 09:00:00,QLD1,-0.0254
2024-04-28 09:05:00,QLD1,-0.0254
2024-04-28 09:10:00,QLD1,-0.0254
2024-04-28 09:15:00,QLD1,-0.03582
2024-04-28 09:20:00,QLD1,-0.04201
2024-04-28 09:25:00,QLD1,-0.04201
2024-04-28 09:30:00,QLD1,-0.03988689
2024-04-28 09:35:00,QLD1,-0.03809875
2024-04-28 09:40:00,QLD1,-0.03706303
2024-04-28 09:45:00,QLD1,-0.037268300000000004
2024-04-28 09:50:00,QLD1,-0.03657
2024-04-28 09:55:00,QLD1,-0.03959311
2024-04-28 10:00:00,QLD1,-0.0407267
2024-04-28 10:05:00,QLD1,-0.03718835
2024-04-28 10:10:00,QLD1,-0.03657
2024-04-28 10:15:00,QLD1,-0.03666077
2024-04-28 10:20:00,QLD1,-0.03657
2024-04-28 10:25:00,QLD1,-0.04078314
2024-04-28 10:30:00,QLD1,-0.03741
2024-04-28 10:35:00,QLD1,-0.03787903
2024-04-28 10:40:00,QLD1,-0.03828298
2024-04-28 10:45:00,QLD1,-0.03908653
2024-04-28 10:50:00,QLD1,-0.03796756
2024-04-28 10:55:00,QLD1,-0.03772222
2024-04-28 11:00:00,QLD1,-0.03875812
2024-04-28 11:05:00,QLD1,-0.03874694
2024-04-28 11:10:00,QLD1,-0.03955241
2024-04-28 11:15:00,QLD1,-0.03862301
2024-04-28 11:20:00,QLD1,-0.04213853
2024-04-28 11:25:00,QLD1,-0.04157
2024-04-28 11:30:00,QLD1,-0.041939279999999995
2024-04-28 11:35:00,QLD1,-0.04082009
2024-04-28 11:40:00,QLD1,-0.0416
2024-04-28 11:45:00,QLD1,-0.04273161
2024-04-28 11:50:00,QLD1,-0.040939790000000004
2024-04-28 11:55:00,QLD1,-0.04090262
2024-04-28 12:00:00,QLD1,-0.0404707
2024-04-28 12:05:00,QLD1,-0.04267287
2024-04-28 12:10:00,QLD1,-0.042028640000000006
2024-04-28 12:15:00,QLD1,-0.04186555
2024-04-28 12:20:00,QLD1,-0.045399999999999996
2024-04-28 12:25:00,QLD1,-0.04506
2024-04-28 12:30:00,QLD1,-0.04101025
2024-04-28 12:35:00,QLD1,-0.04240139
2024-04-28 12:40:00,QLD1,-0.041292520000000006
2024-04-28 12:45:00,QLD1,-0.0432769
2024-04-28 12:50:00,QLD1,-0.043872
2024-04-28 12:55:00,QLD1,-0.04266165
2024-04-28 13:00:00,QLD1,-0.042759349999999995
2024-04-28 13:05:00,QLD1,-0.04300483
2024-04-28 13:10:00,QLD1,-0.02132128
2024-04-28 13:15:00,QLD1,-0.02482255
2024-04-28 13:20:00,QLD1,-0.04103937
2024-04-28 13:25:00,QLD1,-0.0254
2024-04-28 13:30:00,QLD1,-0.035
2024-04-28 13:35:00,QLD1,-0.042486789999999997
2024-04-28 13:40:00,QLD1,-0.0108
2024-04-28 13:45:00,QLD1,-0.0254
2024-04-28 13:50:00,QLD1,-0.0254
2024-04-28 13:55:00,QLD1,-0.0205
2024-04-28 14:00:00,QLD1,0.02995386
2024-04-28 14:05:00,QLD1,0.02188
2024-04-28 14:10:00,QLD1,0.03131846
2024-04-28 14:15:00,QLD1,0.02188
2024-04-28 14:20:00,QLD1,-0.0105
2024-04-28 14:25:00,QLD1,0.0
2024-04-28 14:30:00,QLD1,0.055200429999999995
2024-04-28 14:35:00,QLD1,0.03957009
2024-04-28 14:40:00,QLD1,0.05346622
2024-04-28 14:45:00,QLD1,0.05384465
2024-04-28 14:50:00,QLD1,0.0856
2024-04-28 14:55:00,QLD1,0.04991403
2024-04-28 15:00:00,QLD1,0.048549999999999996
2024-04-28 15:05:00,QLD1,0.05287831
2024-04-28 15:10:00,QLD1,0.0856
2024-04-28 15:15:00,QLD1,0.22966472999999998
2024-04-28 15:20:00,QLD1,0.033321750000000004
2024-04-28 15:25:00,QLD1,0.0856
2024-04-28 15:30:00,QLD1,0.10550217
2024-04-28 15:35:00,QLD1,0.10075
2024-04-28 15:40:00,QLD1,0.10568279
2024-04-28 15:45:00,QLD1,0.11663005
2024-04-28 15:50:00,QLD1,0.14168855
2024-04-28 15:55:00,QLD1,0.11633098
2024-04-28 16:00:00,QLD1,0.13751491
2024-04-28 16:05:00,QLD1,0.14562999999999998
2024-04-28 16:10:00,QLD1,0.10095247
2024-04-28 16:15:00,QLD1,0.138937
2024-04-28 16:20:00,QLD1,0.14205411
2024-04-28 16:25:00,QLD1,0.10339
2024-04-28 16:30:00,QLD1,0.14256878
2024-04-28 16:35:00,QLD1,0.13201143999999998
2024-04-28 16:40:00,QLD1,0.19464119
2024-04-28 16:45:00,QLD1,0.27456056
2024-04-28 16:50:00,QLD1,0.29106923
2024-04-28 16:55:00,QLD1,0.27737836
2024-04-28 17:00:00,QLD1,0.28575001
2024-04-28 17:05:00,QLD1,0.19401
2024-04-28 17:10:00,QLD1,0.1950917
2024-04-28 17:15:00,QLD1,0.18788603
2024-04-28 17:20:00,QLD1,0.20132755
2024-04-28 17:25:00,QLD1,0.28518358
2024-04-28 17:30:00,QLD1,0.30052911
2024-04-28 17:35:00,QLD1,0.30089519000000003
2024-04-28 17:40:00,QLD1,0.3030563
2024-04-28 17:45:00,QLD1,0.30123137000000005
2024-04-28 17:50:00,QLD1,0.29969421
2024-04-28 17:55:00,QLD1,0.29617727000000005
2024-04-28 18:00:00,QLD1,0.29839038
2024-04-28 18:05:00,QLD1,0.29599156
2024-04-28 18:10:00,QLD1,0.29977206
2024-04-28 18:15:00,QLD1,0.29804295000000003
2024-04-28 18:20:00,QLD1,0.28990547
2024-04-28 18:25:00,QLD1,0.29003780999999995
2024-04-28 18:30:00,QLD1,0.2878886
2024-04-28 18:35:00,QLD1,0.27701
2024-04-28 18:40:00,QLD1,0.25818058
2024-04-28 18:45:00,QLD1,0.19382771
2024-04-28 18:50:00,QLD1,0.13144096
2024-04-28 18:55:00,QLD1,0.12437413
2024-04-28 19:00:00,QLD1,0.13443367
2024-04-28 19:05:00,QLD1,0.13710445999999998
2024-04-28 19:10:00,QLD1,0.13413315
2024-04-28 19:15:00,QLD1,0.12455529
2024-04-28 19:20:00,QLD1,0.12
2024-04-28 19:25:00,QLD1,0.11575
2024-04-28 19:30:00,QLD1,0.13457159
2024-04-28 19:35:00,QLD1,0.13898
2024-04-28 19:40:00,QLD1,0.13868054000000002
2024-04-28 19:45:00,QLD1,0.11519536
2024-04-28 19:50:00,QLD1,0.10839301
2024-04-28 19:55:00,QLD1,0.11301
2024-04-28 20:00:00,QLD1,0.10824762
2024-04-28 20:05:00,QLD1,0.13425874999999998
2024-04-28 20:10:00,QLD1,0.13898
2024-04-28 20:15:00,QLD1,0.13628573
2024-04-28 20:20:00,QLD1,0.1362592
2024-04-28 20:25:00,QLD1,0.1227875
2024-04-28 20:30:00,QLD1,0.10637724
2024-04-28 20:35:00,QLD1,0.11301
2024-04-28 20:40:00,QLD1,0.11301
2024-04-28 20:45:00,QLD1,0.11939658
2024-04-28 20:50:00,QLD1,0.10552721
2024-04-28 20:55:00,QLD1,0.10232998
2024-04-28 21:00:00,QLD1,0.07865588
2024-04-28 21:05:00,QLD1,0.10668915
2024-04-28 21:10:00,QLD1,0.10662163
2024-04-28 21:15:00,QLD1,0.10739548
2024-04-28 21:20:00,QLD1,0.0979
2024-04-28 21:25:00,QLD1,0.09184668
2024-04-28 21:30:00,QLD1,0.10075
2024-04-28 21:35:00,QLD1,0.0979
2024-04-28 21:40:00,QLD1,0.09955232
2024-04-28 21:45:00,QLD1,0.06978865999999999
2024-04-28 21:50:00,QLD1,0.0979
2024-04-28 21:55:00,QLD1,0.07783135
2024-04-28 22:00:00,QLD1,0.06273003
2024-04-28 22:05:00,QLD1,0.11301
2024-04-28 22:10:00,QLD1,0.11301
2024-04-28 22:15:00,QLD1,0.10947507000000001
2024-04-28 22:20:00,QLD1,0.127207
2024-04-28 22:25:00,QLD1,0.08555
2024-04-28 22:30:00,QLD1,0.10075
2024-04-28 22:35:00,QLD1,0.12733736
2024-04-28 22:40:00,QLD1,0.12909345
2024-04-28 22:45:00,QLD1,0.10765228
2024-04-28 22:50:00,QLD1,0.10763628
2024-04-28 22:55:00,QLD1,0.08206941000000001
2024-04-28 23:00:00,QLD1,0.08555
2024-04-28 23:05:00,QLD1,0.09931999999999999
2024-04-28 23:10:00,QLD1,0.09805904
2024-04-28 23:15:00,QLD1,0.10075
2024-04-28 23:20:00,QLD1,0.10809996
2024-04-28 23:25:00,QLD1,0.08197254
2024-04-28 23:30:00,QLD1,0.09653586
2024-04-28 23:35:00,QLD1,0.09716987
2024-04-28 23:40:00,QLD1,0.09577527999999999
2024-04-28 23:45:00,QLD1,0.08555
2024-04-28 23:50:00,QLD1,0.09704024
2024-04-28 23:55:00,QLD1,0.09931999999999999
2024-04-29 00:00:00,QLD1,0.09635481
2024-04-29 00:05:00,QLD1,0.08555
2024-04-29 00:10:00,QLD1,0.08555
2024-04-29 00:15:00,QLD1,0.09958063
2024-04-29 00:20:00,QLD1,0.09611047
2024-04-29 00:25:00,QLD1,0.09608556
2024-04-29 00:30:00,QLD1,0.0645879
2024-04-29 00:35:00,QLD1,0.08633
2024-04-29 00:40:00,QLD1,0.08555
2024-04-29 00:45:00,QLD1,0.10075
2024-04-29 00:50:00,QLD1,0.08555
2024-04-29 00:55:00,QLD1,0.05839647
2024-04-29 01:00:00,QLD1,0.09144632
2024-04-29 01:05:00,QLD1,0.09267852
2024-04-29 01:10:00,QLD1,0.09633213
2024-04-29 01:15:00,QLD1,0.08555
2024-04-29 01:20:00,QLD1,0.08624
2024-04-29 01:25:00,QLD1,0.07662382
2024-04-29 01:30:00,QLD1,0.09010108
2024-04-29 01:35:00,QLD1,0.09608833
2024-04-29 01:40:00,QLD1,0.09367255000000001
2024-04-29 01:45:00,QLD1,0.08633
2024-04-29 01:50:00,QLD1,0.08555
2024-04-29 01:55:00,QLD1,0.07009288999999999
2024-04-29 02:00:00,QLD1,0.06909976000000001
2024-04-29 02:05:00,QLD1,0.07175835
2024-04-29 02:10:00,QLD1,0.09272901
2024-04-29 02:15:00,QLD1,0.09618957
2024-04-29 02:20:00,QLD1,0.09646616
2024-04-29 02:25:00,QLD1,0.09441529
2024-04-29 02:30:00,QLD1,0.09475786
2024-04-29 02:35:00,QLD1,0.08633
2024-04-29 02:40:00,QLD1,0.08088952999999999
2024-04-29 02:45:00,QLD1,0.08555
2024-04-29 02:50:00,QLD1,0.09710267
2024-04-29 02:55:00,QLD1,0.09184426000000001
2024-04-29 03:00:00,QLD1,0.09745203999999999
2024-04-29 03:05:00,QLD1,0.05543188
2024-04-29 03:10:00,QLD1,0.0596
2024-04-29 03:15:00,QLD1,0.07040959
2024-04-29 03:20:00,QLD1,0.07045868
2024-04-29 03:25:00,QLD1,0.08555
2024-04-29 03:30:00,QLD1,0.06378170999999999
2024-04-29 03:35:00,QLD1,0.09248483
2024-04-29 03:40:00,QLD1,0.08555
2024-04-29 03:45:00,QLD1,0.09094266000000001
2024-04-29 03:50:00,QLD1,0.08555
2024-04-29 03:55:00,QLD1,0.07206736
2024-04-29 04:00:00,QLD1,0.08899302
2024-04-29 04:05:00,QLD1,0.08321813
2024-04-29 04:10:00,QLD1,0.08537056
2024-04-29 04:15:00,QLD1,0.06017403
2024-04-29 04:20:00,QLD1,0.08555
2024-04-29 04:25:00,QLD1,0.08029394000000001
2024-04-29 04:30:00,QLD1,0.07150514
2024-04-29 04:35:00,QLD1,0.0856
2024-04-29 04:40:00,QLD1,0.09931999999999999
2024-04-29 04:45:00,QLD1,0.10075
2024-04-29 04:50:00,QLD1,0.09931999999999999
2024-04-29 04:55:00,QLD1,0.09439866999999999
2024-04-29 05:00:00,QLD1,0.09454134
2024-04-29 05:05:00,QLD1,0.09367929
2024-04-29 05:10:00,QLD1,0.10246323
2024-04-29 05:15:00,QLD1,0.10296705
2024-04-29 05:20:00,QLD1,0.09765557
2024-04-29 05:25:00,QLD1,0.09815384
2024-04-29 05:30:00,QLD1,0.09931999999999999
2024-04-29 05:35:00,QLD1,0.09648289
2024-04-29 05:40:00,QLD1,0.09931999999999999
2024-04-29 05:45:00,QLD1,0.10075
2024-04-29 05:50:00,QLD1,0.10075
2024-04-29 05:55:00,QLD1,0.10075
2024-04-29 06:00:00,QLD1,0.10764989
2024-04-29 06:05:00,QLD1,0.09788942
2024-04-29 06:10:00,QLD1,0.13708770999999997
2024-04-29 06:15:00,QLD1,0.13644912
2024-04-29 06:20:00,QLD1,0.15773925
2024-04-29 06:25:00,QLD1,0.19074000000000002
2024-04-29 06:30:00,QLD1,0.15924529999999998
2024-04-29 06:35:00,QLD1,0.21826902
2024-04-29 06:40:00,QLD1,0.15955936
2024-04-29 06:45:00,QLD1,0.19074000000000002
2024-04-29 06:50:00,QLD1,0.14592303
2024-04-29 06:55:00,QLD1,0.1378045
2024-04-29 07:00:00,QLD1,0.14706384
2024-04-29 07:05:00,QLD1,0.14461000000000002
2024-04-29 07:10:00,QLD1,0.11535422
2024-04-29 07:15:00,QLD1,0.06691469
2024-04-29 07:20:00,QLD1,0.06273
2024-04-29 07:25:00,QLD1,0.05975
2024-04-29 07:30:00,QLD1,0.04875
2024-04-29 07:35:00,QLD1,0.04875
2024-04-29 07:40:00,QLD1,0.04875
2024-04-29 07:45:00,QLD1,0.04722028
2024-04-29 07:50:00,QLD1,0.029835149999999998
2024-04-29 07:55:00,QLD1,0.02961004
2024-04-29 08:00:00,QLD1,-0.0104
2024-04-29 08:05:00,QLD1,0.0346
2024-04-29 08:10:00,QLD1,0.03275405
2024-04-29 08:15:00,QLD1,0.03455
2024-04-29 08:20:00,QLD1,0.03874999
2024-04-29 08:25:00,QLD1,0.03455
2024-04-29 08:30:00,QLD1,-0.0105
2024-04-29 08:35:00,QLD1,-0.0108
2024-04-29 08:40:00,QLD1,0.01884
2024-04-29 08:45:00,QLD1,-0.0108
2024-04-29 08:50:00,QLD1,-0.004
2024-04-29 08:55:00,QLD1,-0.0108
2024-04-29 09:00:00,QLD1,-0.0205
2024-04-29 09:05:00,QLD1,-0.0205
2024-04-29 09:10:00,QLD1,-0.0205
2024-04-29 09:15:00,QLD1,-0.0205
2024-04-29 09:20:00,QLD1,-0.0205
2024-04-29 09:25:00,QLD1,-0.0205
2024-04-29 09:30:00,QLD1,-0.0205
2024-04-29 09:35:00,QLD1,-0.0205
2024-04-29 09:40:00,QLD1,-0.0205
2024-04-29 09:45:00,QLD1,-0.0254
2024-04-29 09:50:00,QLD1,-0.035
2024-04-29 09:55:00,QLD1,-0.0254
2024-04-29 10:00:00,QLD1,-0.03582
2024-04-29 10:05:00,QLD1,-0.03582
2024-04-29 10:10:00,QLD1,-0.03582
2024-04-29 10:15:00,QLD1,-0.03582
2024-04-29 10:20:00,QLD1,-0.0205
2024-04-29 10:25:00,QLD1,-0.035
2024-04-29 10:30:00,QLD1,-0.0254
2024-04-29 10:35:00,QLD1,-0.0205
2024-04-29 10:40:00,QLD1,-0.035
2024-04-29 10:45:00,QLD1,-0.0205
2024-04-29 10:50:00,QLD1,-0.035
2024-04-29 10:55:00,QLD1,-0.0254
2024-04-29 11:00:00,QLD1,-0.0205
2024-04-29 11:05:00,QLD1,-0.0205
2024-04-29 11:10:00,QLD1,-0.0108
2024-04-29 11:15:00,QLD1,0.02234
2024-04-29 11:20:00,QLD1,0.00040444
2024-04-29 11:25:00,QLD1,0.00844849
2024-04-29 11:30:00,QLD1,-0.0105
2024-04-29 11:35:00,QLD1,0.02157
2024-04-29 11:40:00,QLD1,-0.0108
2024-04-29 11:45:00,QLD1,-0.01
2024-04-29 11:50:00,QLD1,0.02234
2024-04-29 11:55:00,QLD1,-0.01
2024-04-29 12:00:00,QLD1,-0.0108
2024-04-29 12:05:00,QLD1,0.02157
2024-04-29 12:10:00,QLD1,0.03875
2024-04-29 12:15:00,QLD1,0.03455
2024-04-29 12:20:00,QLD1,0.03875
2024-04-29 12:25:00,QLD1,0.0386
2024-04-29 12:30:00,QLD1,0.038549999999999994
2024-04-29 12:35:00,QLD1,0.0346
2024-04-29 12:40:00,QLD1,0.033409999999999995
2024-04-29 12:45:00,QLD1,0.03455
2024-04-29 12:50:00,QLD1,0.02234
2024-04-29 12:55:00,QLD1,0.03455
2024-04-29 13:00:00,QLD1,0.0346
2024-04-29 13:05:00,QLD1,-0.0105
2024-04-29 13:10:00,QLD1,-0.0205
2024-04-29 13:15:00,QLD1,-0.0205
2024-04-29 13:20:00,QLD1,-0.0205
2024-04-29 13:25:00,QLD1,-0.0205
2024-04-29 13:30:00,QLD1,-0.0205
2024-04-29 13:35:00,QLD1,-0.03118
2024-04-29 13:40:00,QLD1,-0.0205
2024-04-29 13:45:00,QLD1,-0.0108
2024-04-29 13:50:00,QLD1,0.00780819
2024-04-29 13:55:00,QLD1,0.023620000000000002
2024-04-29 14:00:00,QLD1,0.023620000000000002
2024-04-29 14:05:00,QLD1,0.02961
2024-04-29 14:10:00,QLD1,0.048600000000000004
2024-04-29 14:15:00,QLD1,0.09411897999999999
2024-04-29 14:20:00,QLD1,0.09535029
2024-04-29 14:25:00,QLD1,-0.0205
2024-04-29 14:30:00,QLD1,0.038549999999999994
2024-04-29 14:35:00,QLD1,0.048600000000000004
2024-04-29 14:40:00,QLD1,0.038549999999999994
2024-04-29 14:45:00,QLD1,0.04176404
2024-04-29 14:50:00,QLD1,0.038750030000000005
2024-04-29 14:55:00,QLD1,0.09890162
2024-04-29 15:00:00,QLD1,0.11112833000000001
2024-04-29 15:05:00,QLD1,0.10137502000000001
2024-04-29 15:10:00,QLD1,0.10075001
2024-04-29 15:15:00,QLD1,0.10278772
2024-04-29 15:20:00,QLD1,0.06273
2024-04-29 15:25:00,QLD1,0.09864353
2024-04-29 15:30:00,QLD1,0.11494918
2024-04-29 15:35:00,QLD1,0.07529928
2024-04-29 15:40:00,QLD1,0.10149612000000001
2024-04-29 15:45:00,QLD1,0.07094835999999999
2024-04-29 15:50:00,QLD1,0.07403474
2024-04-29 15:55:00,QLD1,0.09975221000000001
2024-04-29 16:00:00,QLD1,0.13846331
2024-04-29 16:05:00,QLD1,0.07587017
2024-04-29 16:10:00,QLD1,0.10075001
2024-04-29 16:15:00,QLD1,0.1281373
2024-04-29 16:20:00,QLD1,0.15666623000000002
2024-04-29 16:25:00,QLD1,0.12952007000000001
2024-04-29 16:30:00,QLD1,0.27701728000000003
2024-04-29 16:35:00,QLD1,0.19222687
2024-04-29 16:40:00,QLD1,0.16987338
2024-04-29 16:45:00,QLD1,0.28217048
2024-04-29 16:50:00,QLD1,0.28045016
2024-04-29 16:55:00,QLD1,0.28436277
2024-04-29 17:00:00,QLD1,0.28621227
2024-04-29 17:05:00,QLD1,0.29077652
2024-04-29 17:10:00,QLD1,0.26161
2024-04-29 17:15:00,QLD1,0.26300999999999997
2024-04-29 17:20:00,QLD1,0.26300999999999997
2024-04-29 17:25:00,QLD1,0.43387794
2024-04-29 17:30:00,QLD1,0.37073027000000003
2024-04-29 17:35:00,QLD1,0.37073016000000003
2024-04-29 17:40:00,QLD1,0.37238
2024-04-29 17:45:00,QLD1,0.37073023
2024-04-29 17:50:00,QLD1,0.28997908
2024-04-29 17:55:00,QLD1,0.28575005
2024-04-29 18:00:00,QLD1,0.35468145
2024-04-29 18:05:00,QLD1,0.24965
2024-04-29 18:10:00,QLD1,0.24965
2024-04-29 18:15:00,QLD1,0.22712247
2024-04-29 18:20:00,QLD1,0.24965
2024-04-29 18:25:00,QLD1,0.18425338
2024-04-29 18:30:00,QLD1,0.13897
2024-04-29 18:35:00,QLD1,0.15406669
2024-04-29 18:40:00,QLD1,0.13119804999999998
2024-04-29 18:45:00,QLD1,0.12983304
2024-04-29 18:50:00,QLD1,0.14837334000000002
2024-04-29 18:55:00,QLD1,0.22984717000000002
2024-04-29 19:00:00,QLD1,0.23301082
2024-04-29 19:05:00,QLD1,0.25480066
2024-04-29 19:10:00,QLD1,0.13857256
2024-04-29 19:15:00,QLD1,0.13897
2024-04-29 19:20:00,QLD1,0.18279091
2024-04-29 19:25:00,QLD1,0.19401
2024-04-29 19:30:00,QLD1,0.13897
2024-04-29 19:35:00,QLD1,0.13897
2024-04-29 19:40:00,QLD1,0.13542103
2024-04-29 19:45:00,QLD1,0.13089539
2024-04-29 19:50:00,QLD1,0.13897
2024-04-29 19:55:00,QLD1,0.14122923
2024-04-29 20:00:00,QLD1,0.14201551
2024-04-29 20:05:00,QLD1,0.13897
2024-04-29 20:10:00,QLD1,0.13803102
2024-04-29 20:15:00,QLD1,0.13692697
2024-04-29 20:20:00,QLD1,0.13844219000000002
2024-04-29 20:25:00,QLD1,0.13154249999999998
2024-04-29 20:30:00,QLD1,0.11301
2024-04-29 20:35:00,QLD1,0.13829315
2024-04-29 20:40:00,QLD1,0.18644155
2024-04-29 20:45:00,QLD1,0.13897
2024-04-29 20:50:00,QLD1,0.13897
2024-04-29 20:55:00,QLD1,0.13572709
2024-04-29 21:00:00,QLD1,0.13454164
2024-04-29 21:05:00,QLD1,0.11575
2024-04-29 21:10:00,QLD1,0.12
2024-04-29 21:15:00,QLD1,0.13298006
2024-04-29 21:20:00,QLD1,0.12
2024-04-29 21:25:00,QLD1,0.11301
2024-04-29 21:30:00,QLD1,0.10099388999999999
2024-04-29 21:35:00,QLD1,0.1046792
2024-04-29 21:40:00,QLD1,0.10075
2024-04-29 21:45:00,QLD1,0.10572744
2024-04-29 21:50:00,QLD1,0.1070351
2024-04-29 21:55:00,QLD1,0.10719263
2024-04-29 22:00:00,QLD1,0.08195747
2024-04-29 22:05:00,QLD1,0.11544929000000001
2024-04-29 22:10:00,QLD1,0.26155
2024-04-29 22:15:00,QLD1,0.14610526
2024-04-29 22:20:00,QLD1,0.17201813999999999
2024-04-29 22:25:00,QLD1,0.16350281
2024-04-29 22:30:00,QLD1,0.14932363
2024-04-29 22:35:00,QLD1,0.16032171
2024-04-29 22:40:00,QLD1,0.26281001
2024-04-29 22:45:00,QLD1,0.21146953999999998
2024-04-29 22:50:00,QLD1,0.14932051999999998
2024-04-29 22:55:00,QLD1,0.11575
2024-04-29 23:00:00,QLD1,0.10729944999999999
2024-04-29 23:05:00,QLD1,0.10564703
2024-04-29 23:10:00,QLD1,0.15107824
2024-04-29 23:15:00,QLD1,0.14015112999999998
2024-04-29 23:20:00,QLD1,0.14227509
2024-04-29 23:25:00,QLD1,0.11575
2024-04-29 23:30:00,QLD1,0.13862871999999998
2024-04-29 23:35:00,QLD1,0.13353648
2024-04-29 23:40:00,QLD1,0.13739295999999998
2024-04-29 23:45:00,QLD1,0.10319002999999999
2024-04-29 23:50:00,QLD1,0.10458216000000001
2024-04-29 23:55:00,QLD1,0.10213666
2024-04-30 00:00:00,QLD1,0.10390294
2024-04-30 00:05:00,QLD1,0.11575
2024-04-30 00:10:00,QLD1,0.13898
2024-04-30 00:15:00,QLD1,0.11575
2024-04-30 00:20:00,QLD1,0.10566367
2024-04-30 00:25:00,QLD1,0.10562873
2024-04-30 00:30:00,QLD1,0.08555
2024-04-30 00:35:00,QLD1,0.11475478
2024-04-30 00:40:00,QLD1,0.12206905
2024-04-30 00:45:00,QLD1,0.1224123
2024-04-30 00:50:00,QLD1,0.10075
2024-04-30 00:55:00,QLD1,0.09931999999999999
2024-04-30 01:00:00,QLD1,0.10075
2024-04-30 01:05:00,QLD1,0.10309351
2024-04-30 01:10:00,QLD1,0.12028118
2024-04-30 01:15:00,QLD1,0.11575
2024-04-30 01:20:00,QLD1,0.11532617
2024-04-30 01:25:00,QLD1,0.10159869
2024-04-30 01:30:00,QLD1,0.08162376
2024-04-30 01:35:00,QLD1,0.09931999999999999
2024-04-30 01:40:00,QLD1,0.08555
2024-04-30 01:45:00,QLD1,0.10075
2024-04-30 01:50:00,QLD1,0.09931999999999999
2024-04-30 01:55:00,QLD1,0.09772468000000001
2024-04-30 02:00:00,QLD1,0.08555
2024-04-30 02:05:00,QLD1,0.09931999999999999
2024-04-30 02:10:00,QLD1,0.11097371
2024-04-30 02:15:00,QLD1,0.10436255
2024-04-30 02:20:00,QLD1,0.10233869
2024-04-30 02:25:00,QLD1,0.08972229
2024-04-30 02:30:00,QLD1,0.08555
2024-04-30 02:35:00,QLD1,0.0916002
2024-04-30 02:40:00,QLD1,0.09969896
2024-04-30 02:45:00,QLD1,0.09931999999999999
2024-04-30 02:50:00,QLD1,0.10376617
2024-04-30 02:55:00,QLD1,0.09931999999999999
2024-04-30 03:00:00,QLD1,0.09177856
2024-04-30 03:05:00,QLD1,0.10075
2024-04-30 03:10:00,QLD1,0.09915610999999999
2024-04-30 03:15:00,QLD1,0.10075
2024-04-30 03:20:00,QLD1,0.10552596
2024-04-30 03:25:00,QLD1,0.10075
2024-04-30 03:30:00,QLD1,0.09546528000000001
2024-04-30 03:35:00,QLD1,0.09963602
2024-04-30 03:40:00,QLD1,0.09931999999999999
2024-04-30 03:45:00,QLD1,0.09931999999999999
2024-04-30 03:50:00,QLD1,0.0856
2024-04-30 03:55:00,QLD1,0.08555
2024-04-30 04:00:00,QLD1,0.0991976
2024-04-30 04:05:00,QLD1,0.08245804
2024-04-30 04:10:00,QLD1,0.1055064
2024-04-30 04:15:00,QLD1,0.09931999999999999
2024-04-30 04:20:00,QLD1,0.08555
2024-04-30 04:25:00,QLD1,0.10075006
2024-04-30 04:30:00,QLD1,0.10075
2024-04-30 04:35:00,QLD1,0.08483038000000001
2024-04-30 04:40:00,QLD1,0.09931999999999999
2024-04-30 04:45:00,QLD1,0.08425582
2024-04-30 04:50:00,QLD1,0.09931999999999999
2024-04-30 04:55:00,QLD1,0.09931999999999999
2024-04-30 05:00:00,QLD1,0.10279869999999999
2024-04-30 05:05:00,QLD1,0.10491703
2024-04-30 05:10:00,QLD1,0.11599302
2024-04-30 05:15:00,QLD1,0.14808009000000003
2024-04-30 05:20:00,QLD1,0.10075
2024-04-30 05:25:00,QLD1,0.10075
2024-04-30 05:30:00,QLD1,0.11575
2024-04-30 05:35:00,QLD1,0.10902777000000001
2024-04-30 05:40:00,QLD1,0.11499652
2024-04-30 05:45:00,QLD1,0.10217575
2024-04-30 05:50:00,QLD1,0.11434709
2024-04-30 05:55:00,QLD1,0.11673417999999999
2024-04-30 06:00:00,QLD1,0.11575
2024-04-30 06:05:00,QLD1,0.11575
2024-04-30 06:10:00,QLD1,0.13885596
2024-04-30 06:15:00,QLD1,0.16357518
2024-04-30 06:20:00,QLD1,0.11605639
2024-04-30 06:25:00,QLD1,0.16057092
2024-04-30 06:30:00,QLD1,0.19401
2024-04-30 06:35:00,QLD1,0.11986107
2024-04-30 06:40:00,QLD1,0.13898
2024-04-30 06:45:00,QLD1,0.16140408
2024-04-30 06:50:00,QLD1,0.22285512
2024-04-30 06:55:00,QLD1,0.22432217
2024-04-30 07:00:00,QLD1,0.13898
2024-04-30 07:05:00,QLD1,0.14999502
2024-04-30 07:10:00,QLD1,0.1137706
2024-04-30 07:15:00,QLD1,0.10257949999999999
2024-04-30 07:20:00,QLD1,0.11024414
2024-04-30 07:25:00,QLD1,0.12123
2024-04-30 07:30:00,QLD1,0.10004591
2024-04-30 07:35:00,QLD1,0.0861
2024-04-30 07:40:00,QLD1,0.09336577
2024-04-30 07:45:00,QLD1,0.06273
2024-04-30 07:50:00,QLD1,0.07105392
2024-04-30 07:55:00,QLD1,0.08183078
2024-04-30 08:00:00,QLD1,0.05104364
2024-04-30 08:05:00,QLD1,0.03874996
2024-04-30 08:10:00,QLD1,0.048550020000000006
2024-04-30 08:15:00,QLD1,0.04455999
2024-04-30 08:20:00,QLD1,0.04874998
2024-04-30 08:25:00,QLD1,0.024317119999999998
2024-04-30 08:30:00,QLD1,0.03188
2024-04-30 08:35:00,QLD1,0.02157
2024-04-30 08:40:00,QLD1,0.03455003
2024-04-30 08:45:00,QLD1,0.02157
2024-04-30 08:50:00,QLD1,0.00533257
2024-04-30 08:55:00,QLD1,-0.0108
2024-04-30 09:00:00,QLD1,-0.0205
2024-04-30 09:05:00,QLD1,-0.0205
2024-04-30 09:10:00,QLD1,-0.0205
2024-04-30 09:15:00,QLD1,-0.0205
2024-04-30 09:20:00,QLD1,-0.0205
2024-04-30 09:25:00,QLD1,-0.0205
2024-04-30 09:30:00,QLD1,-0.0205
2024-04-30 09:35:00,QLD1,-0.0205
2024-04-30 09:40:00,QLD1,-0.0205
2024-04-30 09:45:00,QLD1,-0.0205
2024-04-30 09:50:00,QLD1,-0.0205
2024-04-30 09:55:00,QLD1,-0.0254
2024-04-30 10:00:00,QLD1,-0.035
2024-04-30 10:05:00,QLD1,-0.0205
2024-04-30 10:10:00,QLD1,-0.035
2024-04-30 10:15:00,QLD1,-0.0254
2024-04-30 10:20:00,QLD1,-0.03657
2024-04-30 10:25:00,QLD1,-0.03657
2024-04-30 10:30:00,QLD1,-0.03582
2024-04-30 10:35:00,QLD1,-0.0254
2024-04-30 10:40:00,QLD1,-0.0205
2024-04-30 10:45:00,QLD1,-0.0108
2024-04-30 10:50:00,QLD1,-0.0205
2024-04-30 10:55:00,QLD1,0.0103
2024-04-30 11:00:00,QLD1,-0.01
2024-04-30 11:05:00,QLD1,0.02234
2024-04-30 11:10:00,QLD1,0.02157
2024-04-30 11:15:00,QLD1,-0.0108
2024-04-30 11:20:00,QLD1,-0.0205
2024-04-30 11:25:00,QLD1,-0.004
2024-04-30 11:30:00,QLD1,0.03188
2024-04-30 11:35:00,QLD1,0.03188
2024-04-30 11:40:00,QLD1,0.0346
2024-04-30 11:45:00,QLD1,0.03903426
2024-04-30 11:50:00,QLD1,0.038750030000000005
2024-04-30 11:55:00,QLD1,0.03875
2024-04-30 12:00:00,QLD1,0.0386
2024-04-30 12:05:00,QLD1,0.01137
2024-04-30 12:10:00,QLD1,0.03875
2024-04-30 12:15:00,QLD1,0.03875
2024-04-30 12:20:00,QLD1,0.03875
2024-04-30 12:25:00,QLD1,0.00271828
2024-04-30 12:30:00,QLD1,0.03875
2024-04-30 12:35:00,QLD1,0.03855003
2024-04-30 12:40:00,QLD1,-0.0104
2024-04-30 12:45:00,QLD1,-0.0104
2024-04-30 12:50:00,QLD1,0.03875
2024-04-30 12:55:00,QLD1,0.03855003
2024-04-30 13:00:00,QLD1,0.05550804
2024-04-30 13:05:00,QLD1,0.048550020000000006
2024-04-30 13:10:00,QLD1,0.038749969999999995
2024-04-30 13:15:00,QLD1,0.048550020000000006
2024-04-30 13:20:00,QLD1,0.05721094
2024-04-30 13:25:00,QLD1,0.04412818
2024-04-30 13:30:00,QLD1,0.06238372
2024-04-30 13:35:00,QLD1,0.13085501
2024-04-30 13:40:00,QLD1,0.06707881
2024-04-30 13:45:00,QLD1,0.06665850000000001
2024-04-30 13:50:00,QLD1,0.06273
2024-04-30 13:55:00,QLD1,0.05955001
2024-04-30 14:00:00,QLD1,0.08082698
2024-04-30 14:05:00,QLD1,0.06273
2024-04-30 14:10:00,QLD1,0.06273
2024-04-30 14:15:00,QLD1,0.06327868
2024-04-30 14:20:00,QLD1,0.06929763
2024-04-30 14:25:00,QLD1,0.06838358
2024-04-30 14:30:00,QLD1,0.0659536
2024-04-30 14:35:00,QLD1,0.06648533999999999
2024-04-30 14:40:00,QLD1,0.07328454000000001
2024-04-30 14:45:00,QLD1,0.07577329000000001
2024-04-30 14:50:00,QLD1,0.11943749
2024-04-30 14:55:00,QLD1,0.13489336
2024-04-30 15:00:00,QLD1,0.10942131000000001
2024-04-30 15:05:00,QLD1,0.10074997000000001
2024-04-30 15:10:00,QLD1,0.12910551
2024-04-30 15:15:00,QLD1,0.13675351
2024-04-30 15:20:00,QLD1,0.13610979
2024-04-30 15:25:00,QLD1,0.10075002000000001
2024-04-30 15:30:00,QLD1,0.13112097
2024-04-30 15:35:00,QLD1,0.2465838
2024-04-30 15:40:00,QLD1,0.13309209000000002
2024-04-30 15:45:00,QLD1,0.13506116
2024-04-30 15:50:00,QLD1,0.10075
2024-04-30 15:55:00,QLD1,0.12888132
2024-04-30 16:00:00,QLD1,0.10611214
2024-04-30 16:05:00,QLD1,0.10900504999999999
2024-04-30 16:10:00,QLD1,0.10571710000000001
2024-04-30 16:15:00,QLD1,0.09932002
2024-04-30 16:20:00,QLD1,0.13781011
2024-04-30 16:25:00,QLD1,0.09931999999999999
2024-04-30 16:30:00,QLD1,0.13898
2024-04-30 16:35:00,QLD1,0.11575
2024-04-30 16:40:00,QLD1,0.13898
2024-04-30 16:45:00,QLD1,0.16810331
2024-04-30 16:50:00,QLD1,0.19401
2024-04-30 16:55:00,QLD1,0.19401
2024-04-30 17:00:00,QLD1,0.27868396
2024-04-30 17:05:00,QLD1,0.19049000000000002
2024-04-30 17:10:00,QLD1,0.14461000000000002
2024-04-30 17:15:00,QLD1,0.28575
2024-04-30 17:20:00,QLD1,0.19401
2024-04-30 17:25:00,QLD1,0.24965
2024-04-30 17:30:00,QLD1,0.29161995
2024-04-30 17:35:00,QLD1,0.30167211
2024-04-30 17:40:00,QLD1,0.26300999999999997
2024-04-30 17:45:00,QLD1,0.28653995
2024-04-30 17:50:00,QLD1,0.29822005
2024-04-30 17:55:00,QLD1,0.32247994999999996
2024-04-30 18:00:00,QLD1,0.24965
2024-04-30 18:05:00,QLD1,0.26300999999999997
2024-04-30 18:10:00,QLD1,0.20400413
2024-04-30 18:15:00,QLD1,0.24965
2024-04-30 18:20:00,QLD1,0.21151943
2024-04-30 18:25:00,QLD1,0.14461000000000002
2024-04-30 18:30:00,QLD1,0.21714416
2024-04-30 18:35:00,QLD1,0.26300999999999997
2024-04-30 18:40:00,QLD1,0.2125733
2024-04-30 18:45:00,QLD1,0.21083253999999998
2024-04-30 18:50:00,QLD1,0.23770550000000001
2024-04-30 18:55:00,QLD1,0.22255703
2024-04-30 19:00:00,QLD1,0.13897
2024-04-30 19:05:00,QLD1,0.19178208000000002
2024-04-30 19:10:00,QLD1,0.1452
2024-04-30 19:15:00,QLD1,0.1452
2024-04-30 19:20:00,QLD1,0.1452
2024-04-30 19:25:00,QLD1,0.1452
2024-04-30 19:30:00,QLD1,0.13897
2024-04-30 19:35:00,QLD1,0.17538614000000002
2024-04-30 19:40:00,QLD1,0.14715904
2024-04-30 19:45:00,QLD1,0.15231526
2024-04-30 19:50:00,QLD1,0.15079741000000002
2024-04-30 19:55:00,QLD1,0.15510033999999998
2024-04-30 20:00:00,QLD1,0.15276028
2024-04-30 20:05:00,QLD1,0.15235451
2024-04-30 20:10:00,QLD1,0.19860093
2024-04-30 20:15:00,QLD1,0.19719438
2024-04-30 20:20:00,QLD1,0.1452
2024-04-30 20:25:00,QLD1,0.14640458
2024-04-30 20:30:00,QLD1,0.13112862
2024-04-30 20:35:00,QLD1,0.13350542999999998
2024-04-30 20:40:00,QLD1,0.13235638
2024-04-30 20:45:00,QLD1,0.12
2024-04-30 20:50:00,QLD1,0.12
2024-04-30 20:55:00,QLD1,0.10783142
2024-04-30 21:00:00,QLD1,0.10693858
2024-04-30 21:05:00,QLD1,0.13786482
2024-04-30 21:10:00,QLD1,0.13775641
2024-04-30 21:15:00,QLD1,0.12
2024-04-30 21:20:00,QLD1,0.11301
2024-04-30 21:25:00,QLD1,0.10953677
2024-04-30 21:30:00,QLD1,0.11275252999999999
2024-04-30 21:35:00,QLD1,0.11174056
2024-04-30 21:40:00,QLD1,0.11097506
2024-04-30 21:45:00,QLD1,0.11301
2024-04-30 21:50:00,QLD1,0.10515305
2024-04-30 21:55:00,QLD1,0.10075
2024-04-30 22:00:00,QLD1,0.0979
2024-04-30 22:05:00,QLD1,0.11737858
2024-04-30 22:10:00,QLD1,0.16217041000000001
2024-04-30 22:15:00,QLD1,0.13706559999999998
2024-04-30 22:20:00,QLD1,0.12569816
2024-04-30 22:25:00,QLD1,0.11575
2024-04-30 22:30:00,QLD1,0.10075
2024-04-30 22:35:00,QLD1,0.13069716
2024-04-30 22:40:00,QLD1,0.16980305
2024-04-30 22:45:00,QLD1,0.16975667000000003
2024-04-30 22:50:00,QLD1,0.16881044
2024-04-30 22:55:00,QLD1,0.1298446
2024-04-30 23:00:00,QLD1,0.12405711999999999
2024-04-30 23:05:00,QLD1,0.12269661999999999
2024-04-30 23:10:00,QLD1,0.12188172
2024-04-30 23:15:00,QLD1,0.12263879
2024-04-30 23:20:00,QLD1,0.11575
2024-04-30 23:25:00,QLD1,0.10074997000000001
2024-04-30 23:30:00,QLD1,0.10075
2024-04-30 23:35:00,QLD1,0.08830752
2024-04-30 23:40:00,QLD1,0.08718266
2024-04-30 23:45:00,QLD1,0.08888834
2024-04-30 23:50:00,QLD1,0.08555
2024-04-30 23:55:00,QLD1,0.06273004
2024-05-01 00:00:00,QLD1,0.0596
2024-05-01 00:05:00,QLD1,0.08742395
2024-05-01 00:10:00,QLD1,0.08799093999999999
2024-05-01 00:15:00,QLD1,0.08790828
2024-05-01 00:20:00,QLD1,0.08786014
2024-05-01 00:25:00,QLD1,0.0856
2024-05-01 00:30:00,QLD1,0.0856
2024-05-01 00:35:00,QLD1,0.0856
2024-05-01 00:40:00,QLD1,0.08555
2024-05-01 00:45:00,QLD1,0.08938638
2024-05-01 00:50:00,QLD1,0.0856
2024-05-01 00:55:00,QLD1,0.06182384
2024-05-01 01:00:00,QLD1,0.06771366999999999
2024-05-01 01:05:00,QLD1,0.0596
2024-05-01 01:10:00,QLD1,0.061368400000000004
2024-05-01 01:15:00,QLD1,0.060891219999999996
2024-05-01 01:20:00,QLD1,0.05955
2024-05-01 01:25:00,QLD1,0.06091167
2024-05-01 01:30:00,QLD1,0.0596
2024-05-01 01:35:00,QLD1,0.05129048
2024-05-01 01:40:00,QLD1,0.05955
2024-05-01 01:45:00,QLD1,0.08339966
2024-05-01 01:50:00,QLD1,0.07552696
2024-05-01 01:55:00,QLD1,0.08277169000000001
2024-05-01 02:00:00,QLD1,0.07617691
2024-05-01 02:05:00,QLD1,0.08555
2024-05-01 02:10:00,QLD1,0.07485275
2024-05-01 02:15:00,QLD1,0.08555
2024-05-01 02:20:00,QLD1,0.0596
2024-05-01 02:25:00,QLD1,0.07346055
2024-05-01 02:30:00,QLD1,0.08555
2024-05-01 02:35:00,QLD1,0.08139389
2024-05-01 02:40:00,QLD1,0.05955
2024-05-01 02:45:00,QLD1,0.06403887
2024-05-01 02:50:00,QLD1,0.0751726
2024-05-01 02:55:00,QLD1,0.05955
2024-05-01 03:00:00,QLD1,0.06304054
2024-05-01 03:05:00,QLD1,0.07393407
2024-05-01 03:10:00,QLD1,0.07295006999999999
2024-05-01 03:15:00,QLD1,0.07386666
2024-05-01 03:20:00,QLD1,0.08058019
2024-05-01 03:25:00,QLD1,0.07508522999999999
2024-05-01 03:30:00,QLD1,0.07480138
2024-05-01 03:35:00,QLD1,0.06682907
2024-05-01 03:40:00,QLD1,0.08555
2024-05-01 03:45:00,QLD1,0.09931999999999999
2024-05-01 03:50:00,QLD1,0.0856
2024-05-01 03:55:00,QLD1,0.07536859
2024-05-01 04:00:00,QLD1,0.08555
2024-05-01 04:05:00,QLD1,0.0841523
2024-05-01 04:10:00,QLD1,0.09397441999999999
2024-05-01 04:15:00,QLD1,0.08555
2024-05-01 04:20:00,QLD1,0.08555
2024-05-01 04:25:00,QLD1,0.08575
2024-05-01 04:30:00,QLD1,0.0867099
2024-05-01 04:35:00,QLD1,0.07842182
2024-05-01 04:40:00,QLD1,0.08555
2024-05-01 04:45:00,QLD1,0.08062090999999999
2024-05-01 04:50:00,QLD1,0.08555
2024-05-01 04:55:00,QLD1,0.07854074
2024-05-01 05:00:00,QLD1,0.07663998999999999
2024-05-01 05:05:00,QLD1,0.0856
2024-05-01 05:10:00,QLD1,0.0856
2024-05-01 05:15:00,QLD1,0.08590640999999999
2024-05-01 05:20:00,QLD1,0.09931999999999999
2024-05-01 05:25:00,QLD1,0.11575
2024-05-01 05:30:00,QLD1,0.10075
2024-05-01 05:35:00,QLD1,0.10075
2024-05-01 05:40:00,QLD1,0.10075
2024-05-01 05:45:00,QLD1,0.08756563
2024-05-01 05:50:00,QLD1,0.09917911
2024-05-01 05:55:00,QLD1,0.10433643
2024-05-01 06:00:00,QLD1,0.11575
2024-05-01 06:05:00,QLD1,0.09486416
2024-05-01 06:10:00,QLD1,0.11967831
2024-05-01 06:15:00,QLD1,0.16750063
2024-05-01 06:20:00,QLD1,0.10074997000000001
2024-05-01 06:25:00,QLD1,0.12253371
2024-05-01 06:30:00,QLD1,0.14483984
2024-05-01 06:35:00,QLD1,0.1694407
2024-05-01 06:40:00,QLD1,0.17090579
2024-05-01 06:45:00,QLD1,0.15952685
2024-05-01 06:50:00,QLD1,0.16954554
2024-05-01 06:55:00,QLD1,0.14571587
2024-05-01 07:00:00,QLD1,0.14513432
2024-05-01 07:05:00,QLD1,0.15117034000000001
2024-05-01 07:10:00,QLD1,0.14210898
2024-05-01 07:15:00,QLD1,0.14017241000000003
2024-05-01 07:20:00,QLD1,0.13752831000000001
2024-05-01 07:25:00,QLD1,0.13133457
2024-05-01 07:30:00,QLD1,0.10075
2024-05-01 07:35:00,QLD1,0.0856
2024-05-01 07:40:00,QLD1,0.051506239999999995
2024-05-01 07:45:00,QLD1,0.08555
2024-05-01 07:50:00,QLD1,0.08555
2024-05-01 07:55:00,QLD1,0.0494
2024-05-01 08:00:00,QLD1,0.048549999999999996
2024-05-01 08:05:00,QLD1,0.03188
2024-05-01 08:10:00,QLD1,0.030129799999999998
2024-05-01 08:15:00,QLD1,-0.01
2024-05-01 08:20:00,QLD1,-0.0108
2024-05-01 08:25:00,QLD1,-0.0205
2024-05-01 08:30:00,QLD1,-0.0205
2024-05-01 08:35:00,QLD1,-0.0205
2024-05-01 08:40:00,QLD1,-0.0205
2024-05-01 08:45:00,QLD1,-0.0205
2024-05-01 08:50:00,QLD1,-0.0205
2024-05-01 08:55:00,QLD1,-0.0205
2024-05-01 09:00:00,QLD1,-0.0205
2024-05-01 09:05:00,QLD1,-0.0205
2024-05-01 09:10:00,QLD1,-0.0108
2024-05-01 09:15:00,QLD1,-0.0205
2024-05-01 09:20:00,QLD1,-0.0205
2024-05-01 09:25:00,QLD1,-0.0205
2024-05-01 09:30:00,QLD1,-0.0205
2024-05-01 09:35:00,QLD1,-0.0205
2024-05-01 09:40:00,QLD1,-0.0254
2024-05-01 09:45:00,QLD1,-0.0254
2024-05-01 09:50:00,QLD1,-0.03657
2024-05-01 09:55:00,QLD1,-0.0416
2024-05-01 10:00:00,QLD1,-0.04157
2024-05-01 10:05:00,QLD1,-0.03657
2024-05-01 10:10:00,QLD1,-0.03657
2024-05-01 10:15:00,QLD1,-0.04265415
2024-05-01 10:20:00,QLD1,-0.044783790000000004
2024-05-01 10:25:00,QLD1,-0.04501
2024-05-01 10:30:00,QLD1,-0.045340000000000005
2024-05-01 10:35:00,QLD1,-0.045340000000000005
2024-05-01 10:40:00,QLD1,-0.04501
2024-05-01 10:45:00,QLD1,-0.045340000000000005
2024-05-01 10:50:00,QLD1,-0.04501
2024-05-01 10:55:00,QLD1,-0.04506
2024-05-01 11:00:00,QLD1,-0.03657
2024-05-01 11:05:00,QLD1,-0.0254
2024-05-01 11:10:00,QLD1,-0.0205
2024-05-01 11:15:00,QLD1,-0.04157
2024-05-01 11:20:00,QLD1,-0.03741
2024-05-01 11:25:00,QLD1,-0.0254
2024-05-01 11:30:00,QLD1,-0.0254
2024-05-01 11:35:00,QLD1,-0.035
2024-05-01 11:40:00,QLD1,-0.0205
2024-05-01 11:45:00,QLD1,-0.0205
2024-05-01 11:50:00,QLD1,-0.0205
2024-05-01 11:55:00,QLD1,-0.0205
2024-05-01 12:00:00,QLD1,-0.0205
2024-05-01 12:05:00,QLD1,-0.0254
2024-05-01 12:10:00,QLD1,-0.0205
2024-05-01 12:15:00,QLD1,-0.0205
2024-05-01 12:20:00,QLD1,0.014060000000000001
2024-05-01 12:25:00,QLD1,0.02157
2024-05-01 12:30:00,QLD1,-0.0205
2024-05-01 12:35:00,QLD1,-0.0108
2024-05-01 12:40:00,QLD1,0.00507502
2024-05-01 12:45:00,QLD1,-0.0108
2024-05-01 12:50:00,QLD1,-0.0108
2024-05-01 12:55:00,QLD1,-0.0108
2024-05-01 13:00:00,QLD1,-0.0205
2024-05-01 13:05:00,QLD1,-0.0205
2024-05-01 13:10:00,QLD1,-0.0205
2024-05-01 13:15:00,QLD1,-0.0108
2024-05-01 13:20:00,QLD1,-0.0108
2024-05-01 13:25:00,QLD1,0.04776359
2024-05-01 13:30:00,QLD1,0.03455
2024-05-01 13:35:00,QLD1,0.0346
2024-05-01 13:40:00,QLD1,0.061729860000000004
2024-05-01 13:45:00,QLD1,0.05047839
2024-05-01 13:50:00,QLD1,0.03513348
2024-05-01 13:55:00,QLD1,0.05174313
2024-05-01 14:00:00,QLD1,0.050283459999999995
2024-05-01 14:05:00,QLD1,0.03874996
2024-05-01 14:10:00,QLD1,0.048549999999999996
2024-05-01 14:15:00,QLD1,0.06273
2024-05-01 14:20:00,QLD1,0.048549999999999996
2024-05-01 14:25:00,QLD1,0.03935644
2024-05-01 14:30:00,QLD1,0.03874998
2024-05-01 14:35:00,QLD1,0.038549999999999994
2024-05-01 14:40:00,QLD1,0.038549999999999994
2024-05-01 14:45:00,QLD1,0.03828902
2024-05-01 14:50:00,QLD1,0.034189210000000005
2024-05-01 14:55:00,QLD1,0.05859655
2024-05-01 15:00:00,QLD1,0.09484147
2024-05-01 15:05:00,QLD1,0.05975003
2024-05-01 15:10:00,QLD1,0.05975
2024-05-01 15:15:00,QLD1,0.03875
2024-05-01 15:20:00,QLD1,0.03484256
2024-05-01 15:25:00,QLD1,0.03489566
2024-05-01 15:30:00,QLD1,0.05570805
2024-05-01 15:35:00,QLD1,0.03958137
2024-05-01 15:40:00,QLD1,0.039343409999999995
2024-05-01 15:45:00,QLD1,0.048600000000000004
2024-05-01 15:50:00,QLD1,0.05955
2024-05-01 15:55:00,QLD1,0.0857409
2024-05-01 16:00:00,QLD1,0.08462198
2024-05-01 16:05:00,QLD1,0.04827695
2024-05-01 16:10:00,QLD1,0.05955
2024-05-01 16:15:00,QLD1,0.06273008000000001
2024-05-01 16:20:00,QLD1,0.09931999999999999
2024-05-01 16:25:00,QLD1,0.0979
2024-05-01 16:30:00,QLD1,0.13301
2024-05-01 16:35:00,QLD1,0.11409414
2024-05-01 16:40:00,QLD1,0.14322105999999998
2024-05-01 16:45:00,QLD1,0.14154726
2024-05-01 16:50:00,QLD1,0.20874139
2024-05-01 16:55:00,QLD1,0.1452
2024-05-01 17:00:00,QLD1,0.17809552
2024-05-01 17:05:00,QLD1,0.26300999999999997
2024-05-01 17:10:00,QLD1,0.1452
2024-05-01 17:15:00,QLD1,0.26300999999999997
2024-05-01 17:20:00,QLD1,0.36576002999999996
2024-05-01 17:25:00,QLD1,0.29074997
2024-05-01 17:30:00,QLD1,0.28575003
2024-05-01 17:35:00,QLD1,0.26155
2024-05-01 17:40:00,QLD1,0.24423
2024-05-01 17:45:00,QLD1,0.24423
2024-05-01 17:50:00,QLD1,0.24423
2024-05-01 17:55:00,QLD1,0.1452
2024-05-01 18:00:00,QLD1,0.24423
2024-05-01 18:05:00,QLD1,0.14461000000000002
2024-05-01 18:10:00,QLD1,0.13897
2024-05-01 18:15:00,QLD1,0.12
2024-05-01 18:20:00,QLD1,0.14041399999999998
2024-05-01 18:25:00,QLD1,0.12
2024-05-01 18:30:00,QLD1,0.13898
2024-05-01 18:35:00,QLD1,0.15345363
2024-05-01 18:40:00,QLD1,0.13844587000000003
2024-05-01 18:45:00,QLD1,0.13897
2024-05-01 18:50:00,QLD1,0.15592612
2024-05-01 18:55:00,QLD1,0.13897
2024-05-01 19:00:00,QLD1,0.11575
2024-05-01 19:05:00,QLD1,0.12121352
2024-05-01 19:10:00,QLD1,0.13301
2024-05-01 19:15:00,QLD1,0.12310283
2024-05-01 19:20:00,QLD1,0.11762751
2024-05-01 19:25:00,QLD1,0.11614068000000001
2024-05-01 19:30:00,QLD1,0.11079689000000001
2024-05-01 19:35:00,QLD1,0.11575
2024-05-01 19:40:00,QLD1,0.11481676
2024-05-01 19:45:00,QLD1,0.11800452
2024-05-01 19:50:00,QLD1,0.12438492
2024-05-01 19:55:00,QLD1,0.14780615
2024-05-01 20:00:00,QLD1,0.11182940000000001
2024-05-01 20:05:00,QLD1,0.14559173
2024-05-01 20:10:00,QLD1,0.14552414
2024-05-01 20:15:00,QLD1,0.14554502
2024-05-01 20:20:00,QLD1,0.14640759
2024-05-01 20:25:00,QLD1,0.14430959
2024-05-01 20:30:00,QLD1,0.1452
2024-05-01 20:35:00,QLD1,0.14411797
2024-05-01 20:40:00,QLD1,0.14214249
2024-05-01 20:45:00,QLD1,0.14200967
2024-05-01 20:50:00,QLD1,0.13046118
2024-05-01 20:55:00,QLD1,0.14155957
2024-05-01 21:00:00,QLD1,0.11485
2024-05-01 21:05:00,QLD1,0.1398017
2024-05-01 21:10:00,QLD1,0.13001706
2024-05-01 21:15:00,QLD1,0.11575
2024-05-01 21:20:00,QLD1,0.11301
2024-05-01 21:25:00,QLD1,0.11301
2024-05-01 21:30:00,QLD1,0.11040109
2024-05-01 21:35:00,QLD1,0.12700603
2024-05-01 21:40:00,QLD1,0.11301
2024-05-01 21:45:00,QLD1,0.10400185999999999
2024-05-01 21:50:00,QLD1,0.10248036
2024-05-01 21:55:00,QLD1,0.08575
2024-05-01 22:00:00,QLD1,0.06355362
2024-05-01 22:05:00,QLD1,0.10544835999999999
2024-05-01 22:10:00,QLD1,0.10896406
2024-05-01 22:15:00,QLD1,0.11123139
2024-05-01 22:20:00,QLD1,0.1090164
2024-05-01 22:25:00,QLD1,0.10952146
2024-05-01 22:30:00,QLD1,0.10590957000000001
2024-05-01 22:35:00,QLD1,0.13010089
2024-05-01 22:40:00,QLD1,0.1452
2024-05-01 22:45:00,QLD1,0.13262224
2024-05-01 22:50:00,QLD1,0.13086214000000002
2024-05-01 22:55:00,QLD1,0.08575
2024-05-01 23:00:00,QLD1,0.0856
2024-05-01 23:05:00,QLD1,0.11730501
2024-05-01 23:10:00,QLD1,0.1068262
2024-05-01 23:15:00,QLD1,0.10755298
2024-05-01 23:20:00,QLD1,0.10075
2024-05-01 23:25:00,QLD1,0.10075
2024-05-01 23:30:00,QLD1,0.10075
2024-05-01 23:35:00,QLD1,0.08613652000000001
2024-05-01 23:40:00,QLD1,0.08575
2024-05-01 23:45:00,QLD1,0.10075
2024-05-01 23:50:00,QLD1,0.0856
2024-05-01 23:55:00,QLD1,0.08555
